

-- Insert Statements for USER
insert into USER (Username, CreatedTime, Birthday, Description, Location, Hash, Salt)
VALUES('Pearline80', '2022-10-11T18:29:32.186Z', '1987-11-13', 'Sint quo perferendis commodi quia ad pariatur velit aliquam ullam.', 'Lake Freddiefield', '8491ebcdbd27b5600296272d352dd1893254b186cf7e636a439bd8ad84a15e30f3c3b15ea5f1ab1064df9c8eb82391dc3dce20d90b06d8fbe9d51972c5e427b1', '4ca0405ebf8d2093ff5a5297c2fd9a80'),
       ('Beau_Thompson', '2022-06-26T21:24:35.587Z', '2006-05-30', 'Libero maxime expedita neque cupiditate atque culpa.', 'New Dillonworth', '174e8c9c3392e60be33a001730e721dd86b6b6384c26efc50b7e666a20ab1ea8e974c25d6658064735bea519b38f60d78f475b8a741675e42a5c2f93860f282c', 'e1193a20b842baceef12304325c6210a'),
       ('Kitty16', '2022-12-30T18:54:39.637Z', '1979-07-10', 'Iure tenetur consequatur provident.', 'Grahamstad', '9d2037afb2a5519e9cdf685c3263372117dde54642876e5420b8abf83c06cded0be571c70ae1c1b859ceece971e101c8a5e0c5c552d281ff1c1363aada736f4d', '618ef2ea38f602e01fe637633de4196e'),
       ('Lila.Wehner43', '2022-11-18T01:24:24.126Z', '1992-12-19', 'Expedita possimus iure optio minima tempore.', 'Russelfurt', 'd67f7f94d10e37936832da2a9125d1abec291fe4f1040a29361295731f4e477e594fa6942ff3f6cf7aeeb8e7ef70cb50a0fb01d15f536e43acd2464596255d45', 'c0a5392063e54ae9accbc856c6f72be8'),
       ('Liliane91', '2022-05-15T01:13:48.404Z', '1987-09-18', 'Iste repellendus nulla.', 'Cindyside', '1fecb9de419003a44863ec5182f939f52737498b1caa6fa75ce114d6d005bd030a2a83843bf30d12c61b81339b4b60630e01e4af59512d98fc9c76557732f1bc', '33784313a4e16cfe1213b02782b209f9'),
       ('Nicole13', '2022-10-29T01:19:37.564Z', '1998-12-21', 'Necessitatibus harum ipsa facilis quas temporibus laborum id eaque.', 'Fort Brittany', 'd0ed8a40d2adfca520dae13b1744f570d40d9efa0e025e3aadb5f4be61d99d624bd03de7f6d2ec875740e88b67bd9bd33d260154abd54798f6445223f5d67451', '4d3855fa03695bd8921c14695b5a26f7'),
       ('Ericka_Shields', '2022-09-08T01:34:25.654Z', '2019-08-07', 'Tempore provident rerum dolorum repellendus reprehenderit itaque porro dignissimos.', 'Oberbrunnerstad', '3ba2c613a4c12bd53bc079a01cce578c87276be87b323f9a520ca819646aa9621c72ea10320c5394738988f788113e36606d0ef8757469f530aa70c70c54b555', 'd3a5ca8f9e1bae5bb93b9193fb4522cd'),
       ('Viviane_Osinski64', '2022-11-18T23:05:45.199Z', '1995-08-27', 'Atque magnam dignissimos.', 'Menifee', '317361d11a648202ac61478b18d80d90d8f2900798a93b5963c0dd7e4d1601720902efd0ba51d4b4fce1cd9129d7016dfbe70159379a18cd5efce1b7bcbb56d3', '2aa3a0f272445f75cfe27bfb6b7bd082'),
       ('Ellie_Koelpin', '2023-03-18T05:46:24.051Z', '1989-06-06', 'Molestiae quis odit.', 'Racine', '4a886543e8163cf26772ee655d800bc7ff5e044f17069cc6f5fe36c7ebad9e2d10b57c1e0e20e044470504d1d8e4daf9f5c53070241a3013496e938cae66d221', '4a1df96d5836e1e232c6ceba85602389'),
       ('Juwan94', '2022-09-23T18:38:03.705Z', '2023-01-04', 'Illo cumque placeat.', 'Maureenchester', 'a7aae919bd30850d4f3fba5a7801ec62838ee4f75e74c345eb691a71a720a40f68ca3206eccc8162a4d51615052f6e89a3a647ff395cede5240df64ba757f290', 'eae7358011044cfc03c44393af153c34'),
       ('Modesta_Cruickshank', '2022-12-22T16:01:57.542Z', '2007-05-09', 'Enim modi saepe aut iste est neque velit.', 'Katharinacester', '3ba5e1739eb4d64eb44d9d07c017d66d1e5aeda91119d4a8ce4894074522e46a60c358a90922abcb06501f4988a374fe4398b57a941e9d9d1d8c677c32662628', '635ad7c229fa1b5b310219fc918e1fad'),
       ('Yoshiko10', '2022-05-10T01:56:40.292Z', '1980-07-16', 'Molestias architecto perspiciatis rerum vitae.', 'Smithamside', '12248d336a5bb825d012c8ba0a9ddf79982cfe84d36df02eccd39c1fa623bcf142c8f790af33f128db5c4ae3884b1a41ffd500fb7fab64ad7a4b457980f2e059', '8af3e1a5e27a8946e3817da18da70064'),
       ('Jabari.Lind93', '2022-12-27T11:01:49.204Z', '1982-07-27', 'Tenetur quia aliquam.', 'South Cotyfort', '742c686f2fc0010498013fbaa108c7789eeeabe5b91a2a80827197d8c250f21ce4faa9d383cd14c8d4a3595616b808c1595903ae84584a5fd8f2021ee195aac1', '2a4dd0192fa69639ab9739b836958885'),
       ('Arianna41', '2022-06-23T15:21:23.908Z', '1981-06-22', 'Quod enim esse corporis asperiores asperiores cum.', 'Tianahaven', '83c1b12ecae6feffe10c3629c54d8b928e5662b64c56c45b47e83f56e0b13b85ba2f42beeedfe154947f2d8d49428605bfc348dfaa98972958f85444708d686b', '21122b43364068cad903f4bf72a90283'),
       ('Kailey65', '2022-10-24T12:43:28.474Z', '2001-07-09', 'Ipsa tempore quo autem quisquam est sit culpa deleniti nemo.', 'North Bennettfurt', '279a435497b997346ed3c87aabf86107795f307613cc59aa429da999d012d128c13f0997e18e1ee091f6dd6ccd0ab08a19f92a434705965337bdf84da2c4856d', '1c5b7dc417fc67b8a8999825a9fe8e48'),
       ('Amara.Trantow40', '2022-12-24T02:01:09.196Z', '2020-08-20', 'Enim itaque officia laboriosam beatae.', 'New Holly', 'ff0364b581f31134f71dd5314c62fa6ea226808cde550878b6782829ca384583b7da26e5014f836e6b1e313c287404989802ed5894d8e6c273b169fc3c2aa43d', '83928304706e7112d1b11f9bb41dc51b'),
       ('Jazmyne.Kutch', '2023-01-11T11:10:06.965Z', '2021-04-02', 'Nihil eos velit.', 'New Alexandria', '6c221110426936f503b2b0168c9a7930a97a58e2c2195d8c85a5b8fe56727890a7828e8046ede360616b25da4c4b86f3932dd56c20b4ae513ba0de1e065f3494', 'f3c816c1ac592113df8ca8f17f4920b5'),
       ('Oscar.Mraz77', '2023-03-04T15:07:14.060Z', '1979-08-23', 'Quidem corporis rem adipisci architecto.', 'Richieland', '75701d781cea7a6620f76480f1ad90419143e2319961ed76a6be5802fcac03d8c1d3af6e00074c633d552318111fcc00aef538e685c1bf16f2e0a924f3a514cb', '82fb76d6a89c28a89f968275bff25f7d'),
       ('Tommie.Swaniawski8', '2022-07-20T02:06:51.078Z', '1980-09-06', 'Neque rem id quas at et officia vitae aspernatur.', 'Raymondland', 'a70392ed22dc3101917f0f4b4b13deb4a1cdb8296c0bc8ab1042f7ed4da528d1698360555c630695471bddce63eab59a8faa3c8facd59df88b93ddbc616a547b', '02eff6efaf2981e4fd55a318af63d5ef'),
       ('Major10', '2022-06-13T05:05:26.265Z', '1993-09-20', 'Repudiandae quasi laudantium autem.', 'Smithamcester', '961bd6de725f3538a1aa2ce0a895839288be08d315d43c42f54dc7e18b7730bdd8f49a76eac9d7068b5a1748f80c58c5709433f139a7b41c15288a71be8ee877', 'eb4df1ed63bdf027a3896a69d30192a5');

-- Insert Statements for ExternalLinks
insert into ExternalLinks (Username, Link)
VALUES('Pearline80', 'http://rosy-manatee.name'),
       ('Beau_Thompson', 'https://trivial-pony.biz'),
       ('Kitty16', 'https://starchy-precision.net'),
       ('Lila.Wehner43', 'https://dimwitted-apology.biz'),
       ('Liliane91', 'http://smoggy-frustration.biz'),
       ('Nicole13', 'https://crafty-driving.net'),
       ('Ericka_Shields', 'http://sweet-sadness.info'),
       ('Viviane_Osinski64', 'https://bowed-lettuce.biz'),
       ('Ellie_Koelpin', 'https://dim-gas.biz'),
       ('Juwan94', 'http://warm-echidna.biz'),
       ('Modesta_Cruickshank', 'http://variable-thermals.info'),
       ('Yoshiko10', 'http://wide-sting.biz'),
       ('Jabari.Lind93', 'http://lumpy-committee.biz'),
       ('Arianna41', 'https://notable-peony.com'),
       ('Kailey65', 'https://capital-presence.info'),
       ('Amara.Trantow40', 'http://incomparable-tent.name'),
       ('Jazmyne.Kutch', 'https://sneaky-cannibal.name'),
       ('Oscar.Mraz77', 'https://elated-monk.info'),
       ('Tommie.Swaniawski8', 'https://rich-self.org'),
       ('Major10', 'https://taut-ambiguity.com');

-- Insert Statements for URLSHORTENER
insert into URLSHORTENER (OriginalURL)
VALUES('http://unwilling-maelstrom.name'),
       ('https://infatuated-destiny.com'),
       ('https://electric-recliner.biz'),
       ('http://far-garment.com'),
       ('http://ideal-gear.com'),
       ('https://hospitable-continent.net'),
       ('http://esteemed-semicircle.biz'),
       ('https://healthy-win.com'),
       ('https://sardonic-shopper.org'),
       ('https://long-offense.biz'),
       ('http://jumbo-waiting.biz'),
       ('https://wary-math.net'),
       ('http://dramatic-bathtub.net'),
       ('https://unwilling-caffeine.net'),
       ('https://honest-replica.info'),
       ('https://unacceptable-yoke.name'),
       ('http://frozen-earrings.name'),
       ('https://open-knot.biz'),
       ('http://definite-handle.com'),
       ('https://conscious-notice.biz'),
       ('http://dead-timetable.biz'),
       ('https://obvious-polarisation.net'),
       ('https://rectangular-coleslaw.org'),
       ('https://austere-infiltration.org'),
       ('http://jolly-millisecond.net'),
       ('http://required-subroutine.info'),
       ('http://dense-beetle.name'),
       ('https://forthright-resume.net'),
       ('https://blaring-matter.com'),
       ('https://bitter-mill.biz'),
       ('https://blank-angstrom.biz'),
       ('https://musty-patient.name'),
       ('https://female-folder.name'),
       ('https://simplistic-overexertion.name'),
       ('https://hopeful-straw.org'),
       ('https://happy-go-lucky-sentence.info'),
       ('http://marvelous-gosling.net'),
       ('https://plush-phenomenon.biz'),
       ('https://ill-fated-bat.com'),
       ('http://multicolored-node.info'),
       ('http://heavenly-faculty.name'),
       ('https://tan-oar.com'),
       ('http://grave-howitzer.info'),
       ('https://intent-hundred.biz'),
       ('http://large-terrarium.info'),
       ('http://rough-locket.net'),
       ('http://grouchy-shallows.com'),
       ('http://awesome-participant.net'),
       ('http://fearful-linkage.org'),
       ('http://masculine-universe.biz'),
       ('https://vague-cohesion.biz'),
       ('http://plastic-poignance.name'),
       ('http://lovely-outlaw.net'),
       ('http://neighboring-sneakers.net'),
       ('http://aggressive-veranda.org'),
       ('http://sure-footed-rise.info'),
       ('https://darling-cameo.org'),
       ('http://webbed-helium.biz'),
       ('http://healthy-dirt.com'),
       ('http://homely-photograph.biz'),
       ('https://total-poison.com'),
       ('https://negative-marble.net'),
       ('http://weekly-washbasin.biz'),
       ('http://nutty-discourse.info'),
       ('http://detailed-slump.net'),
       ('http://automatic-vascular.com'),
       ('http://purple-worm.net'),
       ('http://reasonable-mouth.org'),
       ('http://creamy-fame.net'),
       ('http://content-robin.info'),
       ('https://remarkable-samovar.com'),
       ('https://crafty-refuse.net'),
       ('http://practical-potty.org'),
       ('https://aged-dime.org'),
       ('http://quiet-microphone.org'),
       ('http://shiny-recommendation.info'),
       ('http://exhausted-fat.org'),
       ('http://alienated-infrastructure.biz'),
       ('http://hurtful-roller.info'),
       ('http://foolhardy-fang.info'),
       ('http://simplistic-insect.biz'),
       ('https://worthy-data.net'),
       ('http://trusting-speech.net'),
       ('https://vigilant-collateral.org'),
       ('https://decent-uniformity.net'),
       ('https://zealous-accusation.info'),
       ('http://simple-infix.com'),
       ('https://stained-conspiracy.org'),
       ('https://ripe-jeweller.com'),
       ('https://bruised-liquid.net'),
       ('http://dutiful-digging.name'),
       ('http://untried-virus.com'),
       ('http://juvenile-foray.com'),
       ('https://selfish-warrant.org'),
       ('http://jittery-coffee.org'),
       ('https://svelte-change.net'),
       ('http://outlying-downforce.com'),
       ('http://faraway-export.info'),
       ('http://clueless-sleuth.net'),
       ('http://heartfelt-hornet.com');

-- Insert Statements for HASHTAG
insert into HASHTAG (Tag)
VALUES('corporis-mollitia-no'),
       ('expedita-ab-neque-ac'),
       ('voluptas-sint-saepe-'),
       ('iste-dicta-minus-asp'),
       ('distinctio-unde-porr'),
       ('vel-quas-beatae-solu');

-- Insert Statements for POST
insert into POST (Contents, CreatedTime, PosterUsername, ShortLinkID)
VALUES('Dignissimos qui eius provident recusandae iure cupiditate culpa dolore.', '2022-06-06T12:40:08.817Z', 'Pearline80', '11'),
       ('Dignissimos iure maxime cumque reiciendis quo velit velit iure molestiae.', '2022-06-20T01:25:52.244Z', 'Ericka_Shields', '94'),
       ('Quos debitis expedita quod temporibus a tempore iste eos earum.', '2023-01-12T17:32:34.286Z', 'Nicole13', '3'),
       ('Earum praesentium voluptatibus repudiandae assumenda nemo cupiditate quidem voluptates esse.', '2023-01-17T08:27:55.001Z', 'Pearline80', '52'),
       ('Similique eos cumque necessitatibus.', '2022-06-20T09:17:34.003Z', 'Amara.Trantow40', '37'),
       ('Occaecati nisi omnis debitis voluptas eligendi velit blanditiis.', '2023-01-21T10:53:00.029Z', 'Jazmyne.Kutch', '53'),
       ('Atque ipsa libero expedita alias quisquam nulla dicta inventore odio.', '2022-11-22T12:47:39.861Z', 'Jabari.Lind93', '44'),
       ('Similique ipsam iusto.', '2023-04-07T09:29:12.495Z', 'Lila.Wehner43', '4'),
       ('Ad assumenda deserunt nisi perspiciatis repellendus suscipit harum adipisci.', '2022-05-14T20:50:42.198Z', 'Yoshiko10', '100'),
       ('Libero tempora corporis beatae quisquam a aliquam odio.', '2022-11-17T23:45:39.372Z', 'Kailey65', '44'),
       ('In eos quo fuga placeat nisi necessitatibus.', '2023-04-24T00:27:02.618Z', 'Nicole13', '55'),
       ('Necessitatibus odio sint a dolore at consectetur laborum optio.', '2022-08-21T18:42:53.547Z', 'Jazmyne.Kutch', '78'),
       ('Veritatis magnam quis eveniet odit molestiae.', '2022-11-09T05:38:34.643Z', 'Jazmyne.Kutch', '29'),
       ('Facilis quasi officiis iste ipsa dicta.', '2022-10-22T01:17:10.523Z', 'Juwan94', '81'),
       ('Officiis possimus vero at totam totam.', '2022-09-16T21:58:51.016Z', 'Ellie_Koelpin', '29'),
       ('Doloremque necessitatibus a.', '2022-04-30T03:45:31.295Z', 'Jabari.Lind93', '53'),
       ('Sequi a eaque id labore beatae ratione voluptatum.', '2022-08-10T22:05:18.242Z', 'Viviane_Osinski64', '61'),
       ('Accusamus deserunt modi iusto nulla molestiae tempore consectetur beatae.', '2022-09-08T19:20:29.514Z', 'Kailey65', '67'),
       ('Voluptas quaerat reiciendis inventore ut quidem deserunt dicta.', '2023-02-26T02:35:34.829Z', 'Beau_Thompson', '26'),
       ('Dolore tenetur soluta necessitatibus.', '2023-03-18T12:35:01.310Z', 'Beau_Thompson', '49'),
       ('Laborum voluptatum cupiditate enim occaecati.', '2022-09-07T17:31:36.410Z', 'Amara.Trantow40', '99'),
       ('Beatae sunt voluptatem.', '2022-10-30T02:32:37.148Z', 'Juwan94', '23'),
       ('Nesciunt sunt ullam in praesentium perferendis illo nam natus.', '2022-11-06T11:25:56.772Z', 'Beau_Thompson', '62'),
       ('Quos molestiae fugiat tempora fuga sed voluptate sed ullam sapiente.', '2022-07-15T19:50:23.029Z', 'Yoshiko10', '28'),
       ('Quidem eos quasi hic rem alias et quisquam.', '2022-09-12T01:47:56.383Z', 'Nicole13', '61'),
       ('Voluptates mollitia culpa distinctio facere sequi ipsam.', '2023-03-31T06:18:52.481Z', 'Yoshiko10', '37'),
       ('Esse sequi impedit aspernatur tenetur explicabo ea.', '2022-10-25T08:58:40.184Z', 'Juwan94', '11'),
       ('Quisquam aliquam a libero tenetur cum modi accusamus sequi.', '2022-08-25T06:28:52.207Z', 'Oscar.Mraz77', '32'),
       ('Aliquid vitae at.', '2022-07-13T15:46:55.451Z', 'Viviane_Osinski64', '77'),
       ('Facere saepe beatae iure ad dolore eaque natus.', '2023-04-14T18:23:18.774Z', 'Amara.Trantow40', '21'),
       ('Aperiam aspernatur ipsam consequatur vitae libero.', '2023-03-27T20:37:51.053Z', 'Ellie_Koelpin', '51'),
       ('Laborum ipsum soluta odit non consequatur tempore.', '2022-09-26T16:06:24.954Z', 'Jazmyne.Kutch', '48'),
       ('Possimus eos sed et accusantium sit aliquid nemo non.', '2022-10-23T20:42:07.766Z', 'Amara.Trantow40', '69'),
       ('Architecto iste aliquid.', '2022-12-02T10:41:37.026Z', 'Kailey65', '92'),
       ('Impedit fugiat voluptas.', '2022-11-01T05:35:41.304Z', 'Kitty16', '72'),
       ('Asperiores esse tenetur quos dolor reprehenderit vel maiores earum.', '2022-09-02T20:44:43.759Z', 'Juwan94', '69'),
       ('Beatae similique quis.', '2022-11-03T07:14:44.214Z', 'Amara.Trantow40', '55'),
       ('Fugiat architecto natus sunt vitae laudantium id repellat aspernatur.', '2022-05-14T05:32:04.716Z', 'Kailey65', '30'),
       ('Saepe quia quaerat perspiciatis suscipit distinctio sapiente sed ipsa totam.', '2022-09-02T01:27:05.012Z', 'Modesta_Cruickshank', '58'),
       ('Tempora odio tempore mollitia doloribus dolorum similique fugiat.', '2023-01-13T09:00:02.451Z', 'Ericka_Shields', '59'),
       ('Maiores sint aperiam.', '2022-10-10T00:12:29.251Z', 'Viviane_Osinski64', '54'),
       ('Eius rerum nemo.', '2022-09-20T05:45:00.729Z', 'Tommie.Swaniawski8', '20'),
       ('Dignissimos perferendis tempore explicabo harum dolor.', '2023-01-29T17:08:28.876Z', 'Yoshiko10', '39'),
       ('Quidem non aut ipsam dicta modi nam excepturi soluta.', '2023-01-13T08:28:58.891Z', 'Kitty16', '75'),
       ('Est doloremque incidunt molestiae ab.', '2022-09-02T18:11:33.064Z', 'Kitty16', '78'),
       ('Pariatur repudiandae repudiandae hic error debitis occaecati sint.', '2022-06-12T19:29:14.575Z', 'Kailey65', '64'),
       ('Ea ab non nesciunt veniam.', '2022-11-11T07:22:49.325Z', 'Pearline80', '31'),
       ('Molestias provident blanditiis autem.', '2022-12-28T02:23:14.793Z', 'Pearline80', '14'),
       ('Excepturi sed eligendi commodi qui reiciendis.', '2023-01-06T13:43:55.107Z', 'Ericka_Shields', '5'),
       ('Veritatis sapiente reiciendis optio odio.', '2022-06-01T14:11:30.302Z', 'Ellie_Koelpin', '39'),
       ('Deserunt ducimus repellendus.', '2022-08-30T15:32:23.495Z', 'Kitty16', '91'),
       ('Consequuntur quia at.', '2022-11-25T11:56:42.445Z', 'Ericka_Shields', '48'),
       ('Alias excepturi nisi a enim minus odit fugiat.', '2023-01-21T19:30:27.071Z', 'Jazmyne.Kutch', '74'),
       ('Vero sed nihil voluptates libero unde.', '2023-01-24T23:16:15.677Z', 'Liliane91', '61'),
       ('Praesentium expedita asperiores error.', '2022-05-04T10:06:47.776Z', 'Amara.Trantow40', '73'),
       ('Culpa ipsa deserunt explicabo repellendus quis labore.', '2022-08-04T09:55:19.467Z', 'Yoshiko10', '72'),
       ('Voluptate distinctio quae distinctio adipisci rerum nihil ducimus.', '2023-01-15T15:07:57.502Z', 'Oscar.Mraz77', '6'),
       ('Error odio laboriosam consequatur similique eaque eaque porro officia.', '2022-06-20T00:50:33.009Z', 'Beau_Thompson', '5'),
       ('Animi itaque repellendus animi iusto aliquid id debitis.', '2022-07-13T09:15:10.145Z', 'Jabari.Lind93', '14'),
       ('Nam architecto voluptatum sequi accusantium quod voluptatibus nihil nemo.', '2022-06-19T16:54:27.564Z', 'Major10', '25'),
       ('A quisquam quisquam nisi hic officiis error quisquam.', '2023-02-20T03:27:51.729Z', 'Kailey65', '40'),
       ('Atque quis perferendis odit nemo corporis ad.', '2023-04-20T23:35:31.084Z', 'Liliane91', '22'),
       ('Quam quasi at.', '2023-03-30T11:58:41.970Z', 'Oscar.Mraz77', '34'),
       ('Fuga aspernatur labore autem nisi laborum ad.', '2023-03-18T07:49:44.812Z', 'Jazmyne.Kutch', '78'),
       ('Laudantium voluptatum laudantium sunt nihil quae aliquam iste.', '2022-07-07T04:35:09.233Z', 'Kitty16', '4'),
       ('Molestiae consectetur quaerat accusamus ratione.', '2022-10-18T14:44:04.327Z', 'Amara.Trantow40', '28'),
       ('Beatae esse rerum iure debitis nihil magni.', '2022-05-26T04:57:32.262Z', 'Nicole13', '15'),
       ('Dignissimos unde soluta totam id cupiditate magni culpa adipisci.', '2022-09-17T13:36:53.188Z', 'Juwan94', '48'),
       ('Blanditiis quod reiciendis esse laudantium fuga.', '2022-05-13T16:12:18.837Z', 'Tommie.Swaniawski8', '74'),
       ('Iste accusantium corrupti modi non.', '2023-04-03T02:27:39.552Z', 'Jabari.Lind93', '46'),
       ('Hic vel maxime ab quae tempora fuga.', '2022-10-21T09:06:30.043Z', 'Lila.Wehner43', '92'),
       ('Hic harum consequuntur.', '2022-09-23T05:50:39.359Z', 'Ericka_Shields', '2'),
       ('A facilis alias perferendis culpa molestiae non.', '2022-12-29T08:40:09.874Z', 'Ericka_Shields', '80'),
       ('Numquam quae nulla excepturi similique impedit unde.', '2022-10-30T10:30:22.907Z', 'Lila.Wehner43', '60'),
       ('Temporibus ut et nesciunt repellat accusantium.', '2022-05-26T15:20:51.137Z', 'Nicole13', '18'),
       ('Neque est eveniet cupiditate quia iure tempore.', '2022-08-19T05:45:25.408Z', 'Beau_Thompson', '35'),
       ('Dolorum iure tenetur quos enim commodi quidem veritatis est.', '2022-11-13T00:47:00.686Z', 'Kitty16', '67'),
       ('Fuga labore dolorum consequatur maiores expedita dicta eaque eius inventore.', '2022-05-25T13:41:31.383Z', 'Ericka_Shields', '21'),
       ('Officiis tenetur quos quos sequi voluptates nisi delectus.', '2022-04-26T11:53:45.321Z', 'Kitty16', '80'),
       ('Nisi amet nisi quis.', '2022-11-20T12:39:35.137Z', 'Pearline80', '10'),
       ('Nam ab ex sed illum exercitationem.', '2022-10-03T23:36:06.631Z', 'Jazmyne.Kutch', '77'),
       ('Eaque praesentium voluptates consectetur nam saepe quo excepturi.', '2022-04-27T16:01:08.257Z', 'Major10', '91'),
       ('Iusto nemo rem pariatur soluta error dolorem ab.', '2022-10-02T22:25:32.757Z', 'Pearline80', '69'),
       ('Quo iste explicabo totam accusamus sequi.', '2022-08-01T17:46:07.275Z', 'Modesta_Cruickshank', '88'),
       ('Odit incidunt dolorum molestias laboriosam facere neque voluptates sed nulla.', '2022-12-13T18:37:15.233Z', 'Liliane91', '34'),
       ('Fugiat molestiae animi exercitationem provident et quam.', '2022-08-10T23:11:18.710Z', 'Oscar.Mraz77', '57'),
       ('Nulla inventore facilis totam debitis explicabo laboriosam ea possimus.', '2022-11-24T01:04:32.142Z', 'Jabari.Lind93', '31'),
       ('Minima enim laudantium consequatur corrupti est odio inventore rem.', '2023-02-21T16:16:18.695Z', 'Ericka_Shields', '21'),
       ('Ab adipisci eligendi.', '2022-10-03T12:37:46.731Z', 'Jabari.Lind93', '67'),
       ('Aliquam beatae ratione ex.', '2022-07-31T06:55:22.174Z', 'Ericka_Shields', '58'),
       ('Illo minus molestias incidunt nesciunt maxime deleniti.', '2022-09-22T19:10:07.676Z', 'Jabari.Lind93', '64'),
       ('Nulla tempore necessitatibus minus occaecati odit amet.', '2022-08-25T00:23:54.750Z', 'Kitty16', '14'),
       ('Dolorem cupiditate ipsa temporibus.', '2022-07-29T18:51:07.116Z', 'Juwan94', '89'),
       ('Praesentium magni debitis fugiat.', '2022-08-12T08:22:22.242Z', 'Yoshiko10', '74'),
       ('Molestias porro nulla eaque quam nihil accusamus autem.', '2022-07-09T08:56:00.297Z', 'Viviane_Osinski64', '93'),
       ('Quod dolorum recusandae accusantium quos dolor ipsam.', '2022-12-03T11:54:21.304Z', 'Kitty16', '76'),
       ('Asperiores nobis praesentium.', '2022-06-20T09:05:17.759Z', 'Lila.Wehner43', '73'),
       ('Animi occaecati amet voluptate consectetur quisquam.', '2022-07-29T09:58:29.239Z', 'Pearline80', '97'),
       ('Cumque corporis explicabo impedit eligendi similique.', '2022-05-03T03:57:22.897Z', 'Kailey65', '21'),
       ('Quo consequuntur illum reprehenderit consectetur ex modi.', '2022-11-07T04:22:07.124Z', 'Ellie_Koelpin', '39');

-- Insert Statements for POLL
insert into POLL (PostID, Title, Option1Text, Option2Text)
VALUES('1', 'Aperiam a nihil.', 'eaque', 'est'),
       ('2', 'Itaque totam fugit fuga.', 'cumque', 'odio'),
       ('3', 'Temporibus minima minima neque quia libe', 'ab', 'nesciunt'),
       ('4', 'Fugiat consequatur nam maxime excepturi ', 'quaerat', 'dolorem'),
       ('5', 'Nostrum esse provident facilis sunt nisi', 'nihil', 'pariatur'),
       ('6', 'Inventore doloremque totam atque corrupt', 'aperiam', 'dicta'),
       ('7', 'Quod facilis possimus quo debitis optio.', 'et', 'qui'),
       ('8', 'Recusandae repellat neque occaecati.', 'explicabo', 'libero'),
       ('9', 'Nemo ratione asperiores ab.', 'odit', 'accusantium'),
       ('10', 'Nostrum cumque nulla a fugit necessitati', 'eos', 'saepe'),
       ('11', 'Ad corporis eos quisquam mollitia culpa.', 'quasi', 'repellat'),
       ('12', 'Ea non sunt vero provident quidem labore', 'explicabo', 'omnis'),
       ('13', 'Accusamus rem natus pariatur modi corrup', 'est', 'nam'),
       ('14', 'Iste eaque fugit id recusandae eius maio', 'iste', 'optio'),
       ('15', 'Nostrum iste deleniti sunt laboriosam cu', 'nam', 'dolores'),
       ('16', 'Facilis temporibus voluptatibus qui vita', 'ipsa', 'consequuntur'),
       ('17', 'Reprehenderit laudantium sapiente.', 'beatae', 'molestiae'),
       ('18', 'Saepe repellendus molestias veritatis te', 'neque', 'commodi'),
       ('19', 'Deserunt odio error.', 'consequuntur', 'numquam'),
       ('20', 'Officia voluptas cumque similique cum po', 'dolorum', 'magnam'),
       ('21', 'Accusamus nostrum laborum perferendis it', 'praesentium', 'voluptas'),
       ('22', 'Aut esse commodi.', 'expedita', 'quam'),
       ('23', 'Impedit quos quibusdam.', 'accusamus', 'quis'),
       ('24', 'Quibusdam totam repudiandae.', 'nobis', 'exercitationem'),
       ('25', 'Dignissimos nam eum rerum beatae.', 'nam', 'ipsum'),
       ('26', 'Voluptatem atque voluptatum officia nece', 'eius', 'recusandae'),
       ('27', 'Deserunt facilis animi ab magnam veniam ', 'facere', 'error'),
       ('28', 'Autem ipsam veniam eum doloribus explica', 'cumque', 'consectetur'),
       ('29', 'Iste iure amet officia eligendi.', 'nostrum', 'consequatur'),
       ('30', 'Labore optio dolorum repellendus ex nesc', 'quos', 'beatae'),
       ('31', 'Architecto quam velit officiis.', 'odit', 'quod'),
       ('32', 'Vitae expedita consequuntur ipsam hic ex', 'fugit', 'rerum'),
       ('33', 'Sapiente quod eveniet molestias et.', 'pariatur', 'ipsam'),
       ('34', 'Corrupti ipsum facere quas quasi.', 'sunt', 'ipsa'),
       ('35', 'Ut itaque laudantium repellat maiores qu', 'sed', 'omnis'),
       ('36', 'Sit illum iste quibusdam natus praesenti', 'occaecati', 'aliquid'),
       ('37', 'Praesentium at qui atque ratione maiores', 'rerum', 'deleniti'),
       ('38', 'Esse eius a voluptatum laboriosam fugit.', 'accusamus', 'tempore'),
       ('39', 'Assumenda debitis sunt libero voluptatum', 'asperiores', 'voluptatibus'),
       ('40', 'Animi amet reprehenderit repellendus opt', 'accusantium', 'aliquid'),
       ('41', 'Distinctio iusto distinctio ipsa volupta', 'eum', 'porro'),
       ('42', 'Dicta expedita dignissimos suscipit ut a', 'vel', 'nisi'),
       ('43', 'Voluptatem nam tempora.', 'neque', 'magnam'),
       ('44', 'Quae repellendus nihil doloribus alias u', 'repellendus', 'quia'),
       ('45', 'Porro velit natus ab vel eaque dicta asp', 'et', 'deleniti'),
       ('46', 'Dolor deleniti reiciendis quis ipsa cupi', 'vel', 'ut'),
       ('47', 'Temporibus odit et voluptates commodi eu', 'reiciendis', 'ipsa'),
       ('48', 'Deleniti similique ab doloribus possimus', 'id', 'autem'),
       ('49', 'Labore quidem repellendus libero omnis v', 'optio', 'eum'),
       ('50', 'Ullam dicta iusto porro voluptatibus cup', 'ea', 'tempora'),
       ('51', 'Eligendi rem enim suscipit quae.', 'cum', 'est'),
       ('52', 'Corrupti soluta at minima ipsum exercita', 'dicta', 'aliquam'),
       ('53', 'Asperiores possimus velit blanditiis com', 'possimus', 'rem'),
       ('54', 'Dicta autem et sed autem.', 'architecto', 'voluptate'),
       ('55', 'Aliquid minima similique dolorem volupta', 'nostrum', 'laborum'),
       ('56', 'Hic amet vel temporibus architecto.', 'corrupti', 'numquam'),
       ('57', 'Temporibus dignissimos repellendus enim ', 'vel', 'facilis'),
       ('58', 'Dignissimos assumenda deserunt maiores.', 'fugit', 'sapiente'),
       ('59', 'Dolor quisquam commodi voluptates libero', 'dicta', 'perspiciatis'),
       ('60', 'Doloremque quisquam deleniti labore.', 'nulla', 'ex'),
       ('61', 'Dicta exercitationem ipsam ullam unde ea', 'accusantium', 'culpa'),
       ('62', 'Blanditiis temporibus reiciendis at simi', 'optio', 'odit'),
       ('63', 'Cumque neque voluptates assumenda omnis ', 'praesentium', 'accusantium'),
       ('64', 'Blanditiis optio excepturi.', 'nisi', 'veritatis'),
       ('65', 'Earum quaerat rem iure explicabo repelle', 'necessitatibus', 'distinctio'),
       ('66', 'Delectus in nihil explicabo dolorum sed ', 'culpa', 'esse'),
       ('67', 'Doloremque explicabo illo possimus fuga ', 'fuga', 'ipsa'),
       ('68', 'Est eligendi ex sed quisquam enim iure.', 'eaque', 'non'),
       ('69', 'Vel tenetur repellat fugiat dolorum illu', 'facilis', 'quisquam'),
       ('70', 'Tempore blanditiis voluptates sapiente n', 'occaecati', 'et'),
       ('71', 'Consectetur facilis veritatis repellat.', 'eum', 'provident'),
       ('72', 'Ratione ut repellat voluptatibus.', 'temporibus', 'deleniti'),
       ('73', 'Dolorem nemo accusamus error ipsam aliqu', 'nulla', 'officia'),
       ('74', 'Quis sit numquam ipsam hic enim ad nesci', 'enim', 'dolor'),
       ('75', 'Perferendis rerum architecto debitis.', 'aut', 'tenetur'),
       ('76', 'Dolores laudantium quos est velit deleni', 'quaerat', 'eveniet'),
       ('77', 'Optio earum et recusandae eum excepturi ', 'cupiditate', 'alias'),
       ('78', 'Praesentium itaque optio tempora.', 'vitae', 'nesciunt'),
       ('79', 'Non repellendus enim consequuntur quisqu', 'nam', 'rem'),
       ('80', 'Quam veritatis aliquid voluptate nesciun', 'dignissimos', 'repellat'),
       ('81', 'Iusto illo eum eum modi consectetur quid', 'natus', 'odit'),
       ('82', 'Beatae pariatur assumenda consectetur.', 'quas', 'illum'),
       ('83', 'Possimus facere porro illo.', 'amet', 'voluptatum'),
       ('84', 'Quisquam facere quisquam.', 'temporibus', 'rem'),
       ('85', 'Fugit error corrupti.', 'hic', 'iusto'),
       ('86', 'Facilis blanditiis velit deserunt exerci', 'quos', 'quod'),
       ('87', 'Consequatur autem fugiat veritatis.', 'nostrum', 'atque'),
       ('88', 'Laudantium nostrum error eum.', 'quibusdam', 'odio'),
       ('89', 'Inventore voluptatem velit.', 'labore', 'tenetur'),
       ('90', 'Autem iusto minima cupiditate enim commo', 'enim', 'magnam'),
       ('91', 'Porro corrupti est deleniti numquam earu', 'eveniet', 'explicabo'),
       ('92', 'Soluta magni sapiente consequatur soluta', 'architecto', 'consequatur'),
       ('93', 'Perferendis quos quae vel voluptates.', 'ducimus', 'unde'),
       ('94', 'Repellendus culpa quae voluptatem sint p', 'libero', 'culpa'),
       ('95', 'Placeat tenetur quos.', 'enim', 'quibusdam'),
       ('96', 'Sunt accusamus dolore nam ab unde consec', 'consequuntur', 'vel'),
       ('97', 'Quae quod minima facilis explicabo minus', 'dolorum', 'tempore'),
       ('98', 'Ea molestiae natus odit quam rerum ducim', 'nostrum', 'sed'),
       ('99', 'Excepturi quibusdam suscipit amet illo c', 'laborum', 'eius'),
       ('100', 'Unde enim quis ratione.', 'debitis', 'quidem');

-- Insert Statements for Likes
insert into Likes (Username, PostID)
VALUES('Pearline80', '70'),
       ('Beau_Thompson', '44'),
       ('Kitty16', '30'),
       ('Lila.Wehner43', '80'),
       ('Liliane91', '36'),
       ('Nicole13', '10'),
       ('Ericka_Shields', '90'),
       ('Viviane_Osinski64', '86'),
       ('Ellie_Koelpin', '82'),
       ('Juwan94', '11'),
       ('Modesta_Cruickshank', '31'),
       ('Yoshiko10', '54'),
       ('Jabari.Lind93', '85'),
       ('Arianna41', '71'),
       ('Kailey65', '8'),
       ('Amara.Trantow40', '13'),
       ('Jazmyne.Kutch', '49'),
       ('Oscar.Mraz77', '81'),
       ('Tommie.Swaniawski8', '39'),
       ('Major10', '82');

-- Insert Statements for Replies
insert into Replies (ReplyPostID, OriginalPostID)
VALUES('1', '24'),
       ('2', '100'),
       ('3', '80'),
       ('4', '17'),
       ('5', '99'),
       ('6', '31'),
       ('7', '21'),
       ('8', '90'),
       ('9', '47'),
       ('10', '68'),
       ('11', '47'),
       ('12', '34'),
       ('13', '60'),
       ('14', '77'),
       ('15', '62'),
       ('16', '55'),
       ('17', '60'),
       ('18', '44'),
       ('19', '55'),
       ('20', '83'),
       ('21', '34'),
       ('22', '8'),
       ('23', '69'),
       ('24', '19'),
       ('25', '86'),
       ('26', '14'),
       ('27', '40'),
       ('28', '81'),
       ('29', '97'),
       ('30', '39'),
       ('31', '31'),
       ('32', '98'),
       ('33', '76'),
       ('34', '27'),
       ('35', '93'),
       ('36', '76'),
       ('37', '27'),
       ('38', '14'),
       ('39', '11'),
       ('40', '17'),
       ('41', '76'),
       ('42', '73'),
       ('43', '62'),
       ('44', '97'),
       ('45', '58'),
       ('46', '6'),
       ('47', '33'),
       ('48', '93'),
       ('49', '11'),
       ('50', '40'),
       ('51', '62'),
       ('52', '81'),
       ('53', '82'),
       ('54', '9'),
       ('55', '81'),
       ('56', '88'),
       ('57', '27'),
       ('58', '59'),
       ('59', '97'),
       ('60', '74'),
       ('61', '71'),
       ('62', '58'),
       ('63', '66'),
       ('64', '18'),
       ('65', '91'),
       ('66', '47'),
       ('67', '4'),
       ('68', '6'),
       ('69', '79'),
       ('70', '2'),
       ('71', '27'),
       ('72', '32'),
       ('73', '62'),
       ('74', '70'),
       ('75', '17'),
       ('76', '5'),
       ('77', '56'),
       ('78', '47'),
       ('79', '52'),
       ('80', '76'),
       ('81', '62'),
       ('82', '9'),
       ('83', '7'),
       ('84', '38'),
       ('85', '57'),
       ('86', '12'),
       ('87', '69'),
       ('88', '49'),
       ('89', '91'),
       ('90', '68'),
       ('91', '51'),
       ('92', '11'),
       ('93', '91'),
       ('94', '99'),
       ('95', '55'),
       ('96', '56'),
       ('97', '32'),
       ('98', '47'),
       ('99', '22'),
       ('100', '74');

-- Insert Statements for Vote
insert into Vote (Username, PostID, Choice)
VALUES('Pearline80', '1', '2'),
       ('Pearline80', '3', '1'),
       ('Pearline80', '4', '2'),
       ('Pearline80', '6', '1'),
       ('Pearline80', '9', '1'),
       ('Pearline80', '10', '2'),
       ('Pearline80', '13', '1'),
       ('Pearline80', '14', '2'),
       ('Pearline80', '16', '1'),
       ('Pearline80', '19', '1'),
       ('Pearline80', '26', '1'),
       ('Pearline80', '30', '1'),
       ('Pearline80', '32', '1'),
       ('Pearline80', '39', '1'),
       ('Pearline80', '46', '2'),
       ('Pearline80', '47', '2'),
       ('Pearline80', '49', '1'),
       ('Pearline80', '51', '1'),
       ('Pearline80', '53', '1'),
       ('Pearline80', '54', '2'),
       ('Pearline80', '56', '1'),
       ('Pearline80', '57', '1'),
       ('Pearline80', '59', '1'),
       ('Pearline80', '62', '2'),
       ('Pearline80', '67', '2'),
       ('Pearline80', '72', '1'),
       ('Pearline80', '75', '1'),
       ('Pearline80', '76', '1'),
       ('Pearline80', '77', '1'),
       ('Pearline80', '81', '1'),
       ('Pearline80', '83', '1'),
       ('Pearline80', '84', '2'),
       ('Pearline80', '89', '2'),
       ('Pearline80', '90', '1'),
       ('Pearline80', '92', '2'),
       ('Pearline80', '96', '1'),
       ('Pearline80', '97', '1'),
       ('Beau_Thompson', '1', '1'),
       ('Beau_Thompson', '2', '2'),
       ('Beau_Thompson', '3', '1'),
       ('Beau_Thompson', '4', '1'),
       ('Beau_Thompson', '5', '2'),
       ('Beau_Thompson', '6', '1'),
       ('Beau_Thompson', '8', '2'),
       ('Beau_Thompson', '14', '2'),
       ('Beau_Thompson', '18', '1'),
       ('Beau_Thompson', '19', '1'),
       ('Beau_Thompson', '20', '2'),
       ('Beau_Thompson', '21', '1'),
       ('Beau_Thompson', '23', '1'),
       ('Beau_Thompson', '27', '2'),
       ('Beau_Thompson', '28', '1'),
       ('Beau_Thompson', '30', '1'),
       ('Beau_Thompson', '32', '1'),
       ('Beau_Thompson', '33', '1'),
       ('Beau_Thompson', '36', '2'),
       ('Beau_Thompson', '37', '1'),
       ('Beau_Thompson', '39', '2'),
       ('Beau_Thompson', '40', '1'),
       ('Beau_Thompson', '41', '1'),
       ('Beau_Thompson', '42', '2'),
       ('Beau_Thompson', '43', '2'),
       ('Beau_Thompson', '44', '1'),
       ('Beau_Thompson', '46', '1'),
       ('Beau_Thompson', '48', '1'),
       ('Beau_Thompson', '49', '1'),
       ('Beau_Thompson', '55', '2'),
       ('Beau_Thompson', '56', '2'),
       ('Beau_Thompson', '58', '2'),
       ('Beau_Thompson', '61', '1'),
       ('Beau_Thompson', '64', '2'),
       ('Beau_Thompson', '65', '2'),
       ('Beau_Thompson', '66', '2'),
       ('Beau_Thompson', '67', '2'),
       ('Beau_Thompson', '69', '2'),
       ('Beau_Thompson', '70', '2'),
       ('Beau_Thompson', '73', '1'),
       ('Beau_Thompson', '86', '1'),
       ('Beau_Thompson', '87', '2'),
       ('Beau_Thompson', '88', '1'),
       ('Beau_Thompson', '93', '2'),
       ('Beau_Thompson', '95', '1'),
       ('Beau_Thompson', '96', '2'),
       ('Beau_Thompson', '97', '1'),
       ('Beau_Thompson', '99', '1'),
       ('Kitty16', '1', '1'),
       ('Kitty16', '2', '2'),
       ('Kitty16', '3', '2'),
       ('Kitty16', '6', '2'),
       ('Kitty16', '7', '2'),
       ('Kitty16', '9', '1'),
       ('Kitty16', '10', '2'),
       ('Kitty16', '11', '1'),
       ('Kitty16', '17', '2'),
       ('Kitty16', '18', '1'),
       ('Kitty16', '19', '2'),
       ('Kitty16', '20', '1'),
       ('Kitty16', '21', '1'),
       ('Kitty16', '22', '1'),
       ('Kitty16', '23', '2'),
       ('Kitty16', '27', '1'),
       ('Kitty16', '29', '2'),
       ('Kitty16', '31', '1'),
       ('Kitty16', '36', '1'),
       ('Kitty16', '37', '2'),
       ('Kitty16', '38', '1'),
       ('Kitty16', '39', '1'),
       ('Kitty16', '40', '1'),
       ('Kitty16', '41', '1'),
       ('Kitty16', '50', '1'),
       ('Kitty16', '54', '1'),
       ('Kitty16', '57', '1'),
       ('Kitty16', '60', '1'),
       ('Kitty16', '66', '1'),
       ('Kitty16', '70', '1'),
       ('Kitty16', '72', '1'),
       ('Kitty16', '78', '2'),
       ('Kitty16', '80', '2'),
       ('Kitty16', '83', '1'),
       ('Kitty16', '88', '1'),
       ('Kitty16', '89', '2'),
       ('Kitty16', '90', '2'),
       ('Kitty16', '93', '1'),
       ('Kitty16', '97', '1'),
       ('Kitty16', '98', '1'),
       ('Lila.Wehner43', '1', '2'),
       ('Lila.Wehner43', '3', '2'),
       ('Lila.Wehner43', '4', '2'),
       ('Lila.Wehner43', '11', '1'),
       ('Lila.Wehner43', '13', '1'),
       ('Lila.Wehner43', '14', '1'),
       ('Lila.Wehner43', '15', '2'),
       ('Lila.Wehner43', '17', '2'),
       ('Lila.Wehner43', '19', '1'),
       ('Lila.Wehner43', '21', '1'),
       ('Lila.Wehner43', '22', '1'),
       ('Lila.Wehner43', '23', '1'),
       ('Lila.Wehner43', '24', '2'),
       ('Lila.Wehner43', '26', '2'),
       ('Lila.Wehner43', '27', '2'),
       ('Lila.Wehner43', '31', '2'),
       ('Lila.Wehner43', '32', '1'),
       ('Lila.Wehner43', '35', '1'),
       ('Lila.Wehner43', '37', '2'),
       ('Lila.Wehner43', '40', '2'),
       ('Lila.Wehner43', '42', '1'),
       ('Lila.Wehner43', '44', '1'),
       ('Lila.Wehner43', '45', '1'),
       ('Lila.Wehner43', '46', '2'),
       ('Lila.Wehner43', '47', '2'),
       ('Lila.Wehner43', '49', '1'),
       ('Lila.Wehner43', '50', '1'),
       ('Lila.Wehner43', '51', '1'),
       ('Lila.Wehner43', '55', '2'),
       ('Lila.Wehner43', '62', '1'),
       ('Lila.Wehner43', '66', '1'),
       ('Lila.Wehner43', '68', '1'),
       ('Lila.Wehner43', '70', '1'),
       ('Lila.Wehner43', '71', '2'),
       ('Lila.Wehner43', '72', '1'),
       ('Lila.Wehner43', '80', '1'),
       ('Lila.Wehner43', '81', '2'),
       ('Lila.Wehner43', '84', '2'),
       ('Lila.Wehner43', '85', '2'),
       ('Lila.Wehner43', '91', '1'),
       ('Lila.Wehner43', '92', '2'),
       ('Lila.Wehner43', '96', '2'),
       ('Liliane91', '1', '2'),
       ('Liliane91', '5', '1'),
       ('Liliane91', '6', '1'),
       ('Liliane91', '8', '2'),
       ('Liliane91', '10', '2'),
       ('Liliane91', '13', '1'),
       ('Liliane91', '14', '2'),
       ('Liliane91', '15', '1'),
       ('Liliane91', '20', '2'),
       ('Liliane91', '23', '1'),
       ('Liliane91', '25', '2'),
       ('Liliane91', '26', '2'),
       ('Liliane91', '28', '1'),
       ('Liliane91', '31', '1'),
       ('Liliane91', '35', '2'),
       ('Liliane91', '39', '1'),
       ('Liliane91', '41', '1'),
       ('Liliane91', '43', '2'),
       ('Liliane91', '45', '1'),
       ('Liliane91', '52', '2'),
       ('Liliane91', '59', '2'),
       ('Liliane91', '60', '2'),
       ('Liliane91', '64', '2'),
       ('Liliane91', '65', '2'),
       ('Liliane91', '67', '1'),
       ('Liliane91', '69', '1'),
       ('Liliane91', '70', '2'),
       ('Liliane91', '72', '1'),
       ('Liliane91', '74', '1'),
       ('Liliane91', '75', '2'),
       ('Liliane91', '78', '2'),
       ('Liliane91', '82', '2'),
       ('Liliane91', '83', '1'),
       ('Liliane91', '87', '1'),
       ('Liliane91', '88', '1'),
       ('Liliane91', '89', '2'),
       ('Liliane91', '90', '2'),
       ('Liliane91', '92', '1'),
       ('Liliane91', '94', '1'),
       ('Liliane91', '96', '2'),
       ('Liliane91', '97', '1'),
       ('Nicole13', '3', '2'),
       ('Nicole13', '13', '1'),
       ('Nicole13', '14', '1'),
       ('Nicole13', '15', '1'),
       ('Nicole13', '16', '2'),
       ('Nicole13', '18', '1'),
       ('Nicole13', '19', '2'),
       ('Nicole13', '20', '1'),
       ('Nicole13', '21', '1'),
       ('Nicole13', '27', '2'),
       ('Nicole13', '28', '2'),
       ('Nicole13', '32', '1'),
       ('Nicole13', '33', '1'),
       ('Nicole13', '34', '1'),
       ('Nicole13', '36', '2'),
       ('Nicole13', '38', '2'),
       ('Nicole13', '39', '2'),
       ('Nicole13', '41', '2'),
       ('Nicole13', '43', '1'),
       ('Nicole13', '47', '2'),
       ('Nicole13', '48', '2'),
       ('Nicole13', '49', '2'),
       ('Nicole13', '51', '1'),
       ('Nicole13', '55', '1'),
       ('Nicole13', '56', '2'),
       ('Nicole13', '57', '2'),
       ('Nicole13', '62', '2'),
       ('Nicole13', '65', '2'),
       ('Nicole13', '66', '2'),
       ('Nicole13', '74', '2'),
       ('Nicole13', '77', '2'),
       ('Nicole13', '78', '2'),
       ('Nicole13', '80', '1'),
       ('Nicole13', '85', '2'),
       ('Nicole13', '87', '1'),
       ('Nicole13', '92', '2'),
       ('Nicole13', '94', '2'),
       ('Nicole13', '96', '2'),
       ('Nicole13', '97', '1'),
       ('Nicole13', '98', '2'),
       ('Nicole13', '99', '2'),
       ('Ericka_Shields', '4', '1'),
       ('Ericka_Shields', '5', '1'),
       ('Ericka_Shields', '10', '2'),
       ('Ericka_Shields', '13', '1'),
       ('Ericka_Shields', '14', '1'),
       ('Ericka_Shields', '16', '1'),
       ('Ericka_Shields', '18', '1'),
       ('Ericka_Shields', '19', '1'),
       ('Ericka_Shields', '21', '2'),
       ('Ericka_Shields', '24', '1'),
       ('Ericka_Shields', '28', '2'),
       ('Ericka_Shields', '29', '1'),
       ('Ericka_Shields', '31', '2'),
       ('Ericka_Shields', '35', '1'),
       ('Ericka_Shields', '36', '2'),
       ('Ericka_Shields', '37', '1'),
       ('Ericka_Shields', '41', '1'),
       ('Ericka_Shields', '42', '1'),
       ('Ericka_Shields', '48', '2'),
       ('Ericka_Shields', '49', '1'),
       ('Ericka_Shields', '50', '1'),
       ('Ericka_Shields', '55', '1'),
       ('Ericka_Shields', '62', '2'),
       ('Ericka_Shields', '63', '2'),
       ('Ericka_Shields', '64', '1'),
       ('Ericka_Shields', '67', '1'),
       ('Ericka_Shields', '68', '1'),
       ('Ericka_Shields', '71', '1'),
       ('Ericka_Shields', '77', '1'),
       ('Ericka_Shields', '79', '2'),
       ('Ericka_Shields', '80', '1'),
       ('Ericka_Shields', '81', '2'),
       ('Ericka_Shields', '85', '1'),
       ('Ericka_Shields', '90', '1'),
       ('Ericka_Shields', '92', '2'),
       ('Ericka_Shields', '95', '2'),
       ('Ericka_Shields', '96', '2'),
       ('Ericka_Shields', '100', '1'),
       ('Viviane_Osinski64', '1', '1'),
       ('Viviane_Osinski64', '4', '1'),
       ('Viviane_Osinski64', '6', '2'),
       ('Viviane_Osinski64', '11', '1'),
       ('Viviane_Osinski64', '12', '2'),
       ('Viviane_Osinski64', '13', '1'),
       ('Viviane_Osinski64', '19', '1'),
       ('Viviane_Osinski64', '20', '1'),
       ('Viviane_Osinski64', '21', '2'),
       ('Viviane_Osinski64', '26', '2'),
       ('Viviane_Osinski64', '27', '1'),
       ('Viviane_Osinski64', '28', '2'),
       ('Viviane_Osinski64', '29', '2'),
       ('Viviane_Osinski64', '31', '1'),
       ('Viviane_Osinski64', '35', '2'),
       ('Viviane_Osinski64', '39', '1'),
       ('Viviane_Osinski64', '40', '2'),
       ('Viviane_Osinski64', '41', '1'),
       ('Viviane_Osinski64', '54', '2'),
       ('Viviane_Osinski64', '56', '2'),
       ('Viviane_Osinski64', '58', '2'),
       ('Viviane_Osinski64', '59', '1'),
       ('Viviane_Osinski64', '60', '1'),
       ('Viviane_Osinski64', '62', '1'),
       ('Viviane_Osinski64', '63', '2'),
       ('Viviane_Osinski64', '65', '2'),
       ('Viviane_Osinski64', '67', '1'),
       ('Viviane_Osinski64', '68', '2'),
       ('Viviane_Osinski64', '70', '2'),
       ('Viviane_Osinski64', '71', '1'),
       ('Viviane_Osinski64', '73', '1'),
       ('Viviane_Osinski64', '75', '1'),
       ('Viviane_Osinski64', '77', '1'),
       ('Viviane_Osinski64', '80', '1'),
       ('Viviane_Osinski64', '84', '2'),
       ('Viviane_Osinski64', '85', '2'),
       ('Viviane_Osinski64', '90', '1'),
       ('Viviane_Osinski64', '99', '1'),
       ('Ellie_Koelpin', '2', '1'),
       ('Ellie_Koelpin', '3', '1'),
       ('Ellie_Koelpin', '7', '2'),
       ('Ellie_Koelpin', '9', '1'),
       ('Ellie_Koelpin', '10', '2'),
       ('Ellie_Koelpin', '15', '2'),
       ('Ellie_Koelpin', '17', '1'),
       ('Ellie_Koelpin', '19', '2'),
       ('Ellie_Koelpin', '27', '1'),
       ('Ellie_Koelpin', '28', '2'),
       ('Ellie_Koelpin', '30', '1'),
       ('Ellie_Koelpin', '34', '1'),
       ('Ellie_Koelpin', '35', '1'),
       ('Ellie_Koelpin', '43', '2'),
       ('Ellie_Koelpin', '46', '2'),
       ('Ellie_Koelpin', '48', '1'),
       ('Ellie_Koelpin', '49', '2'),
       ('Ellie_Koelpin', '50', '2'),
       ('Ellie_Koelpin', '51', '2'),
       ('Ellie_Koelpin', '52', '2'),
       ('Ellie_Koelpin', '57', '1'),
       ('Ellie_Koelpin', '65', '1'),
       ('Ellie_Koelpin', '72', '2'),
       ('Ellie_Koelpin', '77', '2'),
       ('Ellie_Koelpin', '80', '2'),
       ('Ellie_Koelpin', '90', '2'),
       ('Ellie_Koelpin', '92', '2'),
       ('Ellie_Koelpin', '93', '1'),
       ('Ellie_Koelpin', '98', '1'),
       ('Ellie_Koelpin', '100', '1'),
       ('Juwan94', '2', '2'),
       ('Juwan94', '3', '2'),
       ('Juwan94', '5', '1'),
       ('Juwan94', '6', '2'),
       ('Juwan94', '7', '2'),
       ('Juwan94', '8', '2'),
       ('Juwan94', '10', '1'),
       ('Juwan94', '11', '2'),
       ('Juwan94', '13', '1'),
       ('Juwan94', '16', '2'),
       ('Juwan94', '24', '2'),
       ('Juwan94', '26', '1'),
       ('Juwan94', '29', '1'),
       ('Juwan94', '31', '2'),
       ('Juwan94', '34', '2'),
       ('Juwan94', '36', '2'),
       ('Juwan94', '37', '2'),
       ('Juwan94', '41', '2'),
       ('Juwan94', '43', '2'),
       ('Juwan94', '45', '2'),
       ('Juwan94', '46', '2'),
       ('Juwan94', '49', '1'),
       ('Juwan94', '51', '1'),
       ('Juwan94', '52', '2'),
       ('Juwan94', '54', '1'),
       ('Juwan94', '59', '1'),
       ('Juwan94', '60', '1'),
       ('Juwan94', '61', '2'),
       ('Juwan94', '62', '1'),
       ('Juwan94', '63', '2'),
       ('Juwan94', '66', '2'),
       ('Juwan94', '68', '2'),
       ('Juwan94', '72', '1'),
       ('Juwan94', '75', '2'),
       ('Juwan94', '78', '2'),
       ('Juwan94', '80', '2'),
       ('Juwan94', '83', '2'),
       ('Juwan94', '85', '1'),
       ('Juwan94', '86', '2'),
       ('Juwan94', '87', '2'),
       ('Juwan94', '91', '2'),
       ('Juwan94', '92', '1'),
       ('Juwan94', '93', '1'),
       ('Juwan94', '95', '2'),
       ('Juwan94', '98', '2'),
       ('Juwan94', '100', '1'),
       ('Modesta_Cruickshank', '4', '2'),
       ('Modesta_Cruickshank', '5', '1'),
       ('Modesta_Cruickshank', '8', '2'),
       ('Modesta_Cruickshank', '13', '2'),
       ('Modesta_Cruickshank', '14', '1'),
       ('Modesta_Cruickshank', '15', '1'),
       ('Modesta_Cruickshank', '17', '2'),
       ('Modesta_Cruickshank', '19', '1'),
       ('Modesta_Cruickshank', '20', '2'),
       ('Modesta_Cruickshank', '23', '1'),
       ('Modesta_Cruickshank', '24', '2'),
       ('Modesta_Cruickshank', '26', '1'),
       ('Modesta_Cruickshank', '28', '1'),
       ('Modesta_Cruickshank', '29', '1'),
       ('Modesta_Cruickshank', '30', '1'),
       ('Modesta_Cruickshank', '32', '1'),
       ('Modesta_Cruickshank', '34', '1'),
       ('Modesta_Cruickshank', '35', '1'),
       ('Modesta_Cruickshank', '38', '2'),
       ('Modesta_Cruickshank', '39', '2'),
       ('Modesta_Cruickshank', '40', '1'),
       ('Modesta_Cruickshank', '41', '1'),
       ('Modesta_Cruickshank', '43', '1'),
       ('Modesta_Cruickshank', '49', '1'),
       ('Modesta_Cruickshank', '53', '2'),
       ('Modesta_Cruickshank', '54', '2'),
       ('Modesta_Cruickshank', '55', '2'),
       ('Modesta_Cruickshank', '56', '2'),
       ('Modesta_Cruickshank', '59', '1'),
       ('Modesta_Cruickshank', '60', '1'),
       ('Modesta_Cruickshank', '61', '2'),
       ('Modesta_Cruickshank', '68', '2'),
       ('Modesta_Cruickshank', '70', '2'),
       ('Modesta_Cruickshank', '71', '1'),
       ('Modesta_Cruickshank', '74', '2'),
       ('Modesta_Cruickshank', '75', '2'),
       ('Modesta_Cruickshank', '76', '2'),
       ('Modesta_Cruickshank', '77', '2'),
       ('Modesta_Cruickshank', '78', '1'),
       ('Modesta_Cruickshank', '83', '1'),
       ('Modesta_Cruickshank', '84', '1'),
       ('Modesta_Cruickshank', '85', '1'),
       ('Modesta_Cruickshank', '89', '2'),
       ('Modesta_Cruickshank', '93', '2'),
       ('Modesta_Cruickshank', '94', '1'),
       ('Modesta_Cruickshank', '96', '2'),
       ('Modesta_Cruickshank', '99', '2'),
       ('Yoshiko10', '3', '2'),
       ('Yoshiko10', '5', '1'),
       ('Yoshiko10', '7', '1'),
       ('Yoshiko10', '8', '2'),
       ('Yoshiko10', '10', '2'),
       ('Yoshiko10', '12', '2'),
       ('Yoshiko10', '22', '2'),
       ('Yoshiko10', '24', '1'),
       ('Yoshiko10', '25', '2'),
       ('Yoshiko10', '26', '1'),
       ('Yoshiko10', '29', '1'),
       ('Yoshiko10', '30', '1'),
       ('Yoshiko10', '31', '1'),
       ('Yoshiko10', '34', '2'),
       ('Yoshiko10', '38', '2'),
       ('Yoshiko10', '39', '1'),
       ('Yoshiko10', '40', '1'),
       ('Yoshiko10', '41', '1'),
       ('Yoshiko10', '43', '1'),
       ('Yoshiko10', '44', '2'),
       ('Yoshiko10', '45', '2'),
       ('Yoshiko10', '49', '1'),
       ('Yoshiko10', '52', '2'),
       ('Yoshiko10', '54', '1'),
       ('Yoshiko10', '63', '1'),
       ('Yoshiko10', '66', '2'),
       ('Yoshiko10', '67', '1'),
       ('Yoshiko10', '69', '2'),
       ('Yoshiko10', '71', '2'),
       ('Yoshiko10', '72', '1'),
       ('Yoshiko10', '75', '1'),
       ('Yoshiko10', '76', '1'),
       ('Yoshiko10', '77', '2'),
       ('Yoshiko10', '79', '1'),
       ('Yoshiko10', '81', '1'),
       ('Yoshiko10', '83', '1'),
       ('Yoshiko10', '89', '1'),
       ('Yoshiko10', '92', '1'),
       ('Yoshiko10', '93', '1'),
       ('Yoshiko10', '95', '1'),
       ('Yoshiko10', '97', '1'),
       ('Jabari.Lind93', '1', '1'),
       ('Jabari.Lind93', '8', '2'),
       ('Jabari.Lind93', '10', '2'),
       ('Jabari.Lind93', '17', '1'),
       ('Jabari.Lind93', '18', '1'),
       ('Jabari.Lind93', '20', '2'),
       ('Jabari.Lind93', '21', '2'),
       ('Jabari.Lind93', '22', '1'),
       ('Jabari.Lind93', '26', '2'),
       ('Jabari.Lind93', '27', '1'),
       ('Jabari.Lind93', '28', '2'),
       ('Jabari.Lind93', '29', '1'),
       ('Jabari.Lind93', '32', '1'),
       ('Jabari.Lind93', '35', '2'),
       ('Jabari.Lind93', '36', '1'),
       ('Jabari.Lind93', '40', '2'),
       ('Jabari.Lind93', '42', '2'),
       ('Jabari.Lind93', '44', '1'),
       ('Jabari.Lind93', '48', '1'),
       ('Jabari.Lind93', '49', '1'),
       ('Jabari.Lind93', '51', '2'),
       ('Jabari.Lind93', '54', '2'),
       ('Jabari.Lind93', '58', '1'),
       ('Jabari.Lind93', '59', '1'),
       ('Jabari.Lind93', '67', '2'),
       ('Jabari.Lind93', '73', '1'),
       ('Jabari.Lind93', '76', '1'),
       ('Jabari.Lind93', '79', '1'),
       ('Jabari.Lind93', '81', '2'),
       ('Jabari.Lind93', '82', '1'),
       ('Jabari.Lind93', '86', '1'),
       ('Jabari.Lind93', '87', '1'),
       ('Jabari.Lind93', '88', '1'),
       ('Jabari.Lind93', '90', '1'),
       ('Jabari.Lind93', '91', '1'),
       ('Jabari.Lind93', '93', '2'),
       ('Jabari.Lind93', '97', '1'),
       ('Jabari.Lind93', '98', '1'),
       ('Jabari.Lind93', '100', '2'),
       ('Arianna41', '3', '2'),
       ('Arianna41', '5', '2'),
       ('Arianna41', '9', '2'),
       ('Arianna41', '12', '1'),
       ('Arianna41', '15', '2'),
       ('Arianna41', '18', '2'),
       ('Arianna41', '19', '1'),
       ('Arianna41', '20', '1'),
       ('Arianna41', '21', '1'),
       ('Arianna41', '22', '2'),
       ('Arianna41', '24', '2'),
       ('Arianna41', '26', '2'),
       ('Arianna41', '27', '1'),
       ('Arianna41', '33', '2'),
       ('Arianna41', '35', '2'),
       ('Arianna41', '37', '2'),
       ('Arianna41', '39', '2'),
       ('Arianna41', '40', '2'),
       ('Arianna41', '42', '1'),
       ('Arianna41', '46', '1'),
       ('Arianna41', '47', '1'),
       ('Arianna41', '49', '2'),
       ('Arianna41', '57', '1'),
       ('Arianna41', '58', '1'),
       ('Arianna41', '60', '1'),
       ('Arianna41', '62', '1'),
       ('Arianna41', '65', '1'),
       ('Arianna41', '66', '1'),
       ('Arianna41', '71', '2'),
       ('Arianna41', '80', '2'),
       ('Arianna41', '85', '1'),
       ('Arianna41', '86', '1'),
       ('Arianna41', '87', '1'),
       ('Arianna41', '91', '2'),
       ('Arianna41', '96', '2'),
       ('Arianna41', '97', '2'),
       ('Arianna41', '100', '1'),
       ('Kailey65', '1', '1'),
       ('Kailey65', '2', '1'),
       ('Kailey65', '5', '2'),
       ('Kailey65', '10', '1'),
       ('Kailey65', '13', '1'),
       ('Kailey65', '16', '1'),
       ('Kailey65', '18', '2'),
       ('Kailey65', '20', '1'),
       ('Kailey65', '21', '2'),
       ('Kailey65', '22', '1'),
       ('Kailey65', '23', '2'),
       ('Kailey65', '25', '1'),
       ('Kailey65', '27', '1'),
       ('Kailey65', '29', '1'),
       ('Kailey65', '32', '1'),
       ('Kailey65', '37', '2'),
       ('Kailey65', '41', '2'),
       ('Kailey65', '43', '2'),
       ('Kailey65', '51', '2'),
       ('Kailey65', '52', '2'),
       ('Kailey65', '54', '2'),
       ('Kailey65', '56', '2'),
       ('Kailey65', '64', '1'),
       ('Kailey65', '70', '1'),
       ('Kailey65', '74', '2'),
       ('Kailey65', '75', '2'),
       ('Kailey65', '77', '2'),
       ('Kailey65', '79', '2'),
       ('Kailey65', '81', '1'),
       ('Kailey65', '84', '2'),
       ('Kailey65', '85', '2'),
       ('Kailey65', '89', '2'),
       ('Kailey65', '90', '2'),
       ('Kailey65', '91', '2'),
       ('Kailey65', '96', '2'),
       ('Kailey65', '98', '1'),
       ('Kailey65', '99', '1'),
       ('Amara.Trantow40', '1', '2'),
       ('Amara.Trantow40', '3', '1'),
       ('Amara.Trantow40', '4', '2'),
       ('Amara.Trantow40', '5', '2'),
       ('Amara.Trantow40', '7', '2'),
       ('Amara.Trantow40', '8', '2'),
       ('Amara.Trantow40', '10', '2'),
       ('Amara.Trantow40', '13', '2'),
       ('Amara.Trantow40', '14', '2'),
       ('Amara.Trantow40', '15', '2'),
       ('Amara.Trantow40', '18', '1'),
       ('Amara.Trantow40', '21', '1'),
       ('Amara.Trantow40', '23', '1'),
       ('Amara.Trantow40', '24', '2'),
       ('Amara.Trantow40', '26', '1'),
       ('Amara.Trantow40', '27', '1'),
       ('Amara.Trantow40', '28', '1'),
       ('Amara.Trantow40', '29', '2'),
       ('Amara.Trantow40', '42', '1'),
       ('Amara.Trantow40', '43', '2'),
       ('Amara.Trantow40', '45', '2'),
       ('Amara.Trantow40', '46', '2'),
       ('Amara.Trantow40', '48', '1'),
       ('Amara.Trantow40', '49', '2'),
       ('Amara.Trantow40', '51', '1'),
       ('Amara.Trantow40', '58', '1'),
       ('Amara.Trantow40', '59', '2'),
       ('Amara.Trantow40', '60', '2'),
       ('Amara.Trantow40', '61', '1'),
       ('Amara.Trantow40', '66', '2'),
       ('Amara.Trantow40', '67', '1'),
       ('Amara.Trantow40', '70', '2'),
       ('Amara.Trantow40', '76', '2'),
       ('Amara.Trantow40', '78', '2'),
       ('Amara.Trantow40', '79', '2'),
       ('Amara.Trantow40', '82', '2'),
       ('Amara.Trantow40', '84', '2'),
       ('Amara.Trantow40', '87', '2'),
       ('Amara.Trantow40', '91', '2'),
       ('Amara.Trantow40', '92', '2'),
       ('Amara.Trantow40', '93', '2'),
       ('Amara.Trantow40', '96', '2'),
       ('Amara.Trantow40', '99', '2'),
       ('Jazmyne.Kutch', '1', '1'),
       ('Jazmyne.Kutch', '3', '2'),
       ('Jazmyne.Kutch', '6', '2'),
       ('Jazmyne.Kutch', '7', '2'),
       ('Jazmyne.Kutch', '9', '2'),
       ('Jazmyne.Kutch', '11', '1'),
       ('Jazmyne.Kutch', '12', '2'),
       ('Jazmyne.Kutch', '15', '1'),
       ('Jazmyne.Kutch', '17', '1'),
       ('Jazmyne.Kutch', '20', '1'),
       ('Jazmyne.Kutch', '24', '2'),
       ('Jazmyne.Kutch', '25', '1'),
       ('Jazmyne.Kutch', '26', '2'),
       ('Jazmyne.Kutch', '28', '2'),
       ('Jazmyne.Kutch', '35', '1'),
       ('Jazmyne.Kutch', '37', '1'),
       ('Jazmyne.Kutch', '39', '2'),
       ('Jazmyne.Kutch', '44', '1'),
       ('Jazmyne.Kutch', '46', '1'),
       ('Jazmyne.Kutch', '47', '1'),
       ('Jazmyne.Kutch', '48', '2'),
       ('Jazmyne.Kutch', '54', '1'),
       ('Jazmyne.Kutch', '56', '1'),
       ('Jazmyne.Kutch', '57', '1'),
       ('Jazmyne.Kutch', '62', '1'),
       ('Jazmyne.Kutch', '63', '2'),
       ('Jazmyne.Kutch', '64', '2'),
       ('Jazmyne.Kutch', '66', '2'),
       ('Jazmyne.Kutch', '67', '1'),
       ('Jazmyne.Kutch', '68', '2'),
       ('Jazmyne.Kutch', '71', '1'),
       ('Jazmyne.Kutch', '72', '2'),
       ('Jazmyne.Kutch', '73', '2'),
       ('Jazmyne.Kutch', '77', '2'),
       ('Jazmyne.Kutch', '81', '2'),
       ('Jazmyne.Kutch', '82', '1'),
       ('Jazmyne.Kutch', '85', '2'),
       ('Jazmyne.Kutch', '87', '2'),
       ('Jazmyne.Kutch', '91', '2'),
       ('Jazmyne.Kutch', '92', '1'),
       ('Jazmyne.Kutch', '94', '1'),
       ('Jazmyne.Kutch', '96', '1'),
       ('Jazmyne.Kutch', '99', '2'),
       ('Oscar.Mraz77', '4', '2'),
       ('Oscar.Mraz77', '5', '2'),
       ('Oscar.Mraz77', '7', '1'),
       ('Oscar.Mraz77', '8', '1'),
       ('Oscar.Mraz77', '11', '1'),
       ('Oscar.Mraz77', '14', '1'),
       ('Oscar.Mraz77', '15', '2'),
       ('Oscar.Mraz77', '16', '2'),
       ('Oscar.Mraz77', '17', '2'),
       ('Oscar.Mraz77', '20', '1'),
       ('Oscar.Mraz77', '21', '2'),
       ('Oscar.Mraz77', '22', '2'),
       ('Oscar.Mraz77', '23', '1'),
       ('Oscar.Mraz77', '28', '1'),
       ('Oscar.Mraz77', '29', '2'),
       ('Oscar.Mraz77', '31', '1'),
       ('Oscar.Mraz77', '35', '1'),
       ('Oscar.Mraz77', '36', '1'),
       ('Oscar.Mraz77', '41', '1'),
       ('Oscar.Mraz77', '50', '1'),
       ('Oscar.Mraz77', '51', '2'),
       ('Oscar.Mraz77', '52', '2'),
       ('Oscar.Mraz77', '53', '1'),
       ('Oscar.Mraz77', '56', '1'),
       ('Oscar.Mraz77', '57', '1'),
       ('Oscar.Mraz77', '58', '2'),
       ('Oscar.Mraz77', '61', '2'),
       ('Oscar.Mraz77', '64', '2'),
       ('Oscar.Mraz77', '67', '2'),
       ('Oscar.Mraz77', '69', '2'),
       ('Oscar.Mraz77', '71', '2'),
       ('Oscar.Mraz77', '74', '2'),
       ('Oscar.Mraz77', '75', '1'),
       ('Oscar.Mraz77', '77', '2'),
       ('Oscar.Mraz77', '79', '2'),
       ('Oscar.Mraz77', '81', '2'),
       ('Oscar.Mraz77', '83', '1'),
       ('Oscar.Mraz77', '85', '2'),
       ('Oscar.Mraz77', '86', '2'),
       ('Oscar.Mraz77', '87', '2'),
       ('Oscar.Mraz77', '90', '2'),
       ('Oscar.Mraz77', '91', '1'),
       ('Oscar.Mraz77', '92', '2'),
       ('Oscar.Mraz77', '93', '1'),
       ('Oscar.Mraz77', '94', '1'),
       ('Oscar.Mraz77', '98', '1'),
       ('Tommie.Swaniawski8', '1', '1'),
       ('Tommie.Swaniawski8', '6', '1'),
       ('Tommie.Swaniawski8', '7', '1'),
       ('Tommie.Swaniawski8', '9', '1'),
       ('Tommie.Swaniawski8', '10', '2'),
       ('Tommie.Swaniawski8', '11', '1'),
       ('Tommie.Swaniawski8', '13', '1'),
       ('Tommie.Swaniawski8', '14', '1'),
       ('Tommie.Swaniawski8', '16', '1'),
       ('Tommie.Swaniawski8', '17', '2'),
       ('Tommie.Swaniawski8', '18', '1'),
       ('Tommie.Swaniawski8', '19', '2'),
       ('Tommie.Swaniawski8', '20', '1'),
       ('Tommie.Swaniawski8', '25', '2'),
       ('Tommie.Swaniawski8', '26', '1'),
       ('Tommie.Swaniawski8', '29', '2'),
       ('Tommie.Swaniawski8', '31', '2'),
       ('Tommie.Swaniawski8', '34', '2'),
       ('Tommie.Swaniawski8', '35', '2'),
       ('Tommie.Swaniawski8', '38', '2'),
       ('Tommie.Swaniawski8', '43', '2'),
       ('Tommie.Swaniawski8', '46', '2'),
       ('Tommie.Swaniawski8', '48', '1'),
       ('Tommie.Swaniawski8', '50', '2'),
       ('Tommie.Swaniawski8', '52', '1'),
       ('Tommie.Swaniawski8', '55', '1'),
       ('Tommie.Swaniawski8', '56', '1'),
       ('Tommie.Swaniawski8', '61', '1'),
       ('Tommie.Swaniawski8', '64', '2'),
       ('Tommie.Swaniawski8', '65', '2'),
       ('Tommie.Swaniawski8', '66', '2'),
       ('Tommie.Swaniawski8', '69', '2'),
       ('Tommie.Swaniawski8', '71', '1'),
       ('Tommie.Swaniawski8', '73', '1'),
       ('Tommie.Swaniawski8', '74', '2'),
       ('Tommie.Swaniawski8', '77', '2'),
       ('Tommie.Swaniawski8', '80', '2'),
       ('Tommie.Swaniawski8', '81', '1'),
       ('Tommie.Swaniawski8', '84', '1'),
       ('Tommie.Swaniawski8', '87', '1'),
       ('Tommie.Swaniawski8', '98', '1'),
       ('Major10', '2', '2'),
       ('Major10', '4', '2'),
       ('Major10', '5', '1'),
       ('Major10', '7', '2'),
       ('Major10', '9', '2'),
       ('Major10', '11', '1'),
       ('Major10', '12', '2'),
       ('Major10', '17', '1'),
       ('Major10', '20', '2'),
       ('Major10', '22', '1'),
       ('Major10', '26', '2'),
       ('Major10', '27', '1'),
       ('Major10', '29', '2'),
       ('Major10', '30', '2'),
       ('Major10', '34', '1'),
       ('Major10', '38', '2'),
       ('Major10', '45', '2'),
       ('Major10', '46', '2'),
       ('Major10', '47', '1'),
       ('Major10', '50', '1'),
       ('Major10', '51', '2'),
       ('Major10', '54', '2'),
       ('Major10', '58', '1'),
       ('Major10', '64', '1'),
       ('Major10', '65', '2'),
       ('Major10', '66', '1'),
       ('Major10', '67', '1'),
       ('Major10', '70', '2'),
       ('Major10', '73', '1'),
       ('Major10', '74', '1'),
       ('Major10', '76', '2'),
       ('Major10', '78', '1'),
       ('Major10', '79', '1'),
       ('Major10', '81', '2'),
       ('Major10', '84', '1'),
       ('Major10', '89', '2'),
       ('Major10', '91', '1'),
       ('Major10', '98', '2'),
       ('Major10', '100', '1');

-- Insert Statements for IncludesTag
insert into IncludesTag (PostID, Tag)
VALUES('1', 'voluptas-sint-saepe-'),
       ('2', 'expedita-ab-neque-ac'),
       ('3', 'distinctio-unde-porr'),
       ('4', 'expedita-ab-neque-ac'),
       ('5', 'voluptas-sint-saepe-'),
       ('6', 'voluptas-sint-saepe-'),
       ('7', 'distinctio-unde-porr'),
       ('8', 'voluptas-sint-saepe-'),
       ('9', 'voluptas-sint-saepe-'),
       ('10', 'vel-quas-beatae-solu'),
       ('11', 'voluptas-sint-saepe-'),
       ('12', 'distinctio-unde-porr'),
       ('13', 'voluptas-sint-saepe-'),
       ('14', 'voluptas-sint-saepe-'),
       ('15', 'distinctio-unde-porr'),
       ('16', 'vel-quas-beatae-solu'),
       ('17', 'vel-quas-beatae-solu'),
       ('18', 'distinctio-unde-porr'),
       ('19', 'vel-quas-beatae-solu'),
       ('20', 'distinctio-unde-porr'),
       ('21', 'iste-dicta-minus-asp'),
       ('22', 'voluptas-sint-saepe-'),
       ('23', 'expedita-ab-neque-ac'),
       ('24', 'expedita-ab-neque-ac'),
       ('25', 'corporis-mollitia-no'),
       ('26', 'iste-dicta-minus-asp'),
       ('27', 'expedita-ab-neque-ac'),
       ('28', 'voluptas-sint-saepe-'),
       ('29', 'corporis-mollitia-no'),
       ('30', 'iste-dicta-minus-asp'),
       ('31', 'vel-quas-beatae-solu'),
       ('32', 'corporis-mollitia-no'),
       ('33', 'iste-dicta-minus-asp'),
       ('34', 'iste-dicta-minus-asp'),
       ('35', 'expedita-ab-neque-ac'),
       ('36', 'iste-dicta-minus-asp'),
       ('37', 'vel-quas-beatae-solu'),
       ('38', 'distinctio-unde-porr'),
       ('39', 'voluptas-sint-saepe-'),
       ('40', 'corporis-mollitia-no'),
       ('41', 'voluptas-sint-saepe-'),
       ('42', 'iste-dicta-minus-asp'),
       ('43', 'iste-dicta-minus-asp'),
       ('44', 'distinctio-unde-porr'),
       ('45', 'expedita-ab-neque-ac'),
       ('46', 'distinctio-unde-porr'),
       ('47', 'voluptas-sint-saepe-'),
       ('48', 'iste-dicta-minus-asp'),
       ('49', 'voluptas-sint-saepe-'),
       ('50', 'voluptas-sint-saepe-'),
       ('51', 'expedita-ab-neque-ac'),
       ('52', 'corporis-mollitia-no'),
       ('53', 'voluptas-sint-saepe-'),
       ('54', 'vel-quas-beatae-solu'),
       ('55', 'distinctio-unde-porr'),
       ('56', 'corporis-mollitia-no'),
       ('57', 'distinctio-unde-porr'),
       ('58', 'expedita-ab-neque-ac'),
       ('59', 'voluptas-sint-saepe-'),
       ('60', 'vel-quas-beatae-solu'),
       ('61', 'iste-dicta-minus-asp'),
       ('62', 'distinctio-unde-porr'),
       ('63', 'distinctio-unde-porr'),
       ('64', 'vel-quas-beatae-solu'),
       ('65', 'iste-dicta-minus-asp'),
       ('66', 'iste-dicta-minus-asp'),
       ('67', 'vel-quas-beatae-solu'),
       ('68', 'vel-quas-beatae-solu'),
       ('69', 'distinctio-unde-porr'),
       ('70', 'distinctio-unde-porr'),
       ('71', 'iste-dicta-minus-asp'),
       ('72', 'voluptas-sint-saepe-'),
       ('73', 'vel-quas-beatae-solu'),
       ('74', 'vel-quas-beatae-solu'),
       ('75', 'vel-quas-beatae-solu'),
       ('76', 'voluptas-sint-saepe-'),
       ('77', 'expedita-ab-neque-ac'),
       ('78', 'distinctio-unde-porr'),
       ('79', 'expedita-ab-neque-ac'),
       ('80', 'vel-quas-beatae-solu'),
       ('81', 'vel-quas-beatae-solu'),
       ('82', 'vel-quas-beatae-solu'),
       ('83', 'corporis-mollitia-no'),
       ('84', 'vel-quas-beatae-solu'),
       ('85', 'corporis-mollitia-no'),
       ('86', 'distinctio-unde-porr'),
       ('87', 'expedita-ab-neque-ac'),
       ('88', 'corporis-mollitia-no'),
       ('89', 'iste-dicta-minus-asp'),
       ('90', 'vel-quas-beatae-solu'),
       ('91', 'voluptas-sint-saepe-'),
       ('92', 'distinctio-unde-porr'),
       ('93', 'voluptas-sint-saepe-'),
       ('94', 'expedita-ab-neque-ac'),
       ('95', 'iste-dicta-minus-asp'),
       ('96', 'corporis-mollitia-no'),
       ('97', 'corporis-mollitia-no'),
       ('98', 'expedita-ab-neque-ac'),
       ('99', 'corporis-mollitia-no'),
       ('100', 'iste-dicta-minus-asp');