insert into USER (Username, CreatedTime, Birthday, Description, Location, Hash, Salt) VALUES("Elza.Larson4", "2022-05-16T07:13:41.953Z", "2001-07-02", "Amet deserunt deserunt quos harum.", "Armstrongside", "797ebf8eff79a3b59471c187ffee336940588306abba680333c4d10454f36f39f66a6e9ae25203e27e5e0c2205c7c8d77c09bacaaca8b14c1e5ad3db04a80871", "f270a8262039ece4ae77ad850dcdd8a3"),       ("Lora.Miller", "2023-01-01T01:02:34.228Z", "2007-02-24", "Necessitatibus necessitatibus reprehenderit facilis nihil incidunt nisi laudantium quis.", "Waterloo", "b285a9493da5267e499b4d907aa5892a25a8d63a08fba18861c2b9af0cc8f33f48e3762025eab815c10e2fec234d6e82d79723eade2d52771720b54103710aa4", "86e388c64b4b97a945c6fd50c6c0b8e6"),       ("Rae.Douglas", "2022-06-15T17:10:58.035Z", "1979-10-27", "Nobis corrupti culpa a laudantium soluta iusto enim corporis repellat.", "Ogden", "1e7af7a8aa7be6b829850840fd293a55771bae2dcb91ec4476d30f92fa2287ca2f377522bc4c5a00e85c2aaf209a7853890ed6693f275c04602b4386ecb7b844", "e20883bcaa818f47ace54ba3ba260eda"),       ("Mckenna50", "2023-03-05T19:58:54.772Z", "2020-01-10", "Vero ab consequuntur earum eum.", "Jailynmouth", "d8033333c4b659e3ace4f6bc5f96ccb131afb571cdec01c60d28c13e3f9ad984d524874e3581711b4e903fdf50aad73925f310f601216b5960036eeccf750bd1", "4b1166bca617a068f99d6d10e291035b"),       ("Maia_Kessler43", "2022-12-13T05:39:58.119Z", "1994-03-13", "Non sit cumque molestiae quia.", "East Wade", "37261476b26c9a0ab7f576c26d255f11280678962cb49999a0b76636d6f421f20a33503822181033789638fbab01455b4de6d10b3bb0fc813ed718bb598555a4", "570d0e1e584f32a4fbcb1944f22d7298"),       ("Yasmine0", "2022-05-10T15:44:02.804Z", "2011-12-18", "Cupiditate animi iste.", "Blue Springs", "42d463ac84320df5be254ce0752c8bd2f0480097dca195c5174f380f703d30817eb261bc0657eb60ce7b9e64f1cb9d6f98f0518e0c4f9e03ae04ad8af052122d", "6f018d66b8bb083561036a20057195e2"),       ("Ardith_Block", "2022-09-12T16:36:25.851Z", "1978-12-05", "Sunt autem a laudantium necessitatibus porro odit nemo.", "North Jaylan", "8b5ad14a1c7c2b797653da9693cfba5feb6a52b99e03152288544c4d9a67d448e975c74004eea4e83b77b4b83ce77cdfd6ff07df523a56f946664f4dbc7c5e20", "c0d0bea5ff702f9eb5820a36b02bf174"),       ("Augustine_Gerlach", "2022-07-09T06:44:02.777Z", "1992-06-06", "Quod explicabo quia error labore.", "Reichelhaven", "709ecba9eedc3c955bc267e572ccaf3594cf699bfc1ba2b0e401de5fc4c5376a234ed59a90dd624b9eae32a945fbc2948dcad5c9bc870414090392596fa68f6e", "c61670486f3a9cbc11776d3c678b5b8a"),       ("Hazel.Hilll38", "2022-07-12T13:50:39.915Z", "1991-05-10", "Provident ab qui itaque earum.", "North Buddyfield", "819fe3cfca222090e97a5eefb47c63064b8ce990ab644f27ef7f0f683ec9b64ca3f635ad1f9f6652f9035dedffb7b9f5d2bed89992d1c4be9957bd907abd39b0", "da39f6acaabe3b199c70ff4966f35014"),       ("Brice_MacGyver68", "2022-05-18T14:32:07.302Z", "1982-06-04", "Iusto quibusdam voluptatum atque delectus fuga corporis eum.", "Raynorworth", "80d9f23c7b1ddbb98da8b1c095a249040b2149dd0b338a4ac5f61225edc0b90011b55f5fa691ae070e7d2dfe66c656b90c56e86f96e1d58ad88641a4dbc472b8", "df0ad47d319fef36374db8a43fd36698"),       ("Miller_Cole", "2023-02-01T09:25:41.443Z", "1990-06-10", "Eius dolores inventore aliquid voluptas incidunt quidem atque.", "East Maggie", "aecbdfa230e0992b4b64d940feb6c886ce371659e2cca62c11ab65033eaa39c61934b47490faf7d310e1c02b8f267fed5f12b3bf261080da9a98aee030cc855a", "3052829add812920c2a4018eb08605b0"),       ("Athena.Smitham", "2022-06-24T19:53:57.186Z", "1996-03-04", "Cumque quaerat laborum blanditiis illum est quod cupiditate.", "Jackson", "c5f9d982fd93f7130cdc194fe74b320d0f637b0895ce2952d8fa2d8de415f937fb0d4fa612f0f0a467de3afff06d6347642e4fb28f5ea72636f512f310646288", "bbbd9b5d096c75b197cb947e7df58706"),       ("Chandler_Maggio", "2022-11-04T01:27:01.486Z", "2001-12-14", "Corporis ipsum aut optio reprehenderit atque harum dolores impedit.", "White Plains", "3b7352c6f757bc0fb6f15592e72b1c570ddde912932e8e901df488ce0ec25c5fea4e35797108f9f3bafd499c968db0c952aa04330d28e04c9ecdce77decc8920", "69b54a9b56633a95a8dca3ee67399d7d"),       ("Rubye94", "2022-10-26T10:24:03.480Z", "2004-10-25", "Provident deleniti placeat modi non.", "North Donniebury", "e87965742a0ea70146707168241a5db2bd63aac4ce3673aaade62c11d779932e4cc0f39c499685c629b3307e13c4283d67a2b74798e37630cee119ed6499225c", "2d3c39b6c10cf2337d67dd2d8b49c666"),       ("Green_Kuhic", "2022-07-12T01:14:10.614Z", "1989-10-18", "At illo ad dicta.", "New Kathlynstad", "1d6adf4735569583016ca6b240e11a6e043921e93af506bdfeefdfe3399423fec936012d3d066c6cf15112bd93e30b7751fdeb10cd0e3ca0ed0e1968e5c060b9", "7a73b1c739bb515d354d8c4fa9d393bb"),       ("Lucius.Towne", "2022-10-10T06:11:56.600Z", "2001-09-08", "Dolores animi neque nesciunt ipsa id eligendi accusantium.", "South Pauline", "9ca4065dafbbfcab32e4ef500e5ca1c52c891c4b7e5596a95abf06a6e3241fd4c9bba5d676d69f3c7cb81d9d1987c2ce077cf86d1165da1eab239b98ebaed2a2", "5b2f0b8c16e251558e0917efff2b026d"),       ("Dorris.Rau", "2023-02-05T11:56:46.429Z", "1995-02-27", "Modi commodi exercitationem molestias est libero blanditiis quod quam est.", "East Ella", "ea58ba3f9c7e6e6e95bd82a59c26203da8aab231c6b84a59e4854159506d866fb852d8d29c9af9aa43f55182c1e4a3da9dc0892ed734414ebb748f5802e26675", "81c7427f6793629d248fea077e798c91"),       ("George_Rosenbaum", "2022-05-16T02:16:20.296Z", "1974-07-08", "Voluptas eveniet praesentium repellat sit vitae.", "East Hopeview", "c0b41e1a672dee43376c3c3942eceaaca00dd8916e7459261968475f222e0a078724d209808b34ed253adf41c56e14a78a02858cd92ca8d2f903ed89ae049510", "8369ce15378e1c81f789de84dd3455a4"),       ("Cleo.Toy", "2022-07-13T17:06:17.248Z", "2010-08-22", "Error numquam possimus maiores repellat corrupti voluptas doloribus.", "South Myles", "16f4e03165c3f809fb37ad0c9ab268014a0d2e3d69528898333af71cf35585fd316b969664b79a97373d99d596ef808b759401c2b321e2c4310c76abefba0a60", "2170ebdd54a0fd9db64e1e7a398d1fd1"),       ("Keon_Predovic", "2022-06-26T04:34:34.274Z", "1978-01-26", "Rerum architecto quae non.", "Port Willy", "0d51a89d632bc58e12ba05648bde714cc36c19fd88dc7f1d5f5aae0758bd3701a0dc456837eb54c0ab1b734bf52ae1704ed319a8f05e896d210dbfbe3b729c9a", "2dbda23918160974de4c5623b8c96f44");insert into POST (Contents, CreatedTime, PosterUsername) VALUES("Laboriosam exercitationem inventore quo.", "2023-03-24T15:57:54.987Z", "Mckenna50"),       ("Placeat explicabo eveniet quos consequatur placeat architecto perspiciatis asperiores ea.", "2022-08-17T08:28:21.342Z", "Brice_MacGyver68"),       ("Corporis cum omnis qui sequi magnam.", "2023-02-13T20:24:10.778Z", "Yasmine0"),       ("Repellat fugit dolorum repellendus illo id veritatis blanditiis.", "2022-07-13T07:40:48.624Z", "Lucius.Towne"),       ("Quam aut reiciendis quidem dolor sapiente hic.", "2023-02-22T23:41:46.367Z", "Rae.Douglas"),       ("Nisi ex eius beatae eaque debitis debitis.", "2022-09-18T17:26:49.232Z", "Maia_Kessler43"),       ("Velit ullam repudiandae rerum totam.", "2022-08-22T20:23:36.655Z", "George_Rosenbaum"),       ("Unde natus optio consectetur vero veniam possimus adipisci.", "2023-04-11T19:43:54.123Z", "Ardith_Block"),       ("Delectus ex iure suscipit vel corrupti accusantium ad.", "2022-08-27T12:59:48.054Z", "Augustine_Gerlach"),       ("Voluptate fugiat esse suscipit adipisci.", "2023-03-10T07:34:49.695Z", "Miller_Cole"),       ("Perspiciatis repudiandae fugiat id.", "2022-08-26T10:47:21.906Z", "Cleo.Toy"),       ("Dolorum minima quis libero cumque consectetur aut.", "2022-07-08T18:19:58.940Z", "Brice_MacGyver68"),       ("Temporibus quas officiis perspiciatis odio in aut harum blanditiis.", "2022-11-14T19:41:52.934Z", "Chandler_Maggio"),       ("Eaque quibusdam accusamus tempora cumque sequi reprehenderit.", "2022-12-28T13:11:08.235Z", "Green_Kuhic"),       ("Nam tempora beatae harum provident soluta nulla error facere commodi.", "2022-11-29T06:38:23.423Z", "Miller_Cole"),       ("Maiores voluptatum neque non voluptatem molestias a magnam.", "2022-09-03T05:33:29.892Z", "George_Rosenbaum"),       ("Iure exercitationem nam reiciendis autem expedita deserunt vitae repellat dignissimos.", "2022-07-25T09:24:39.555Z", "Chandler_Maggio"),       ("Deserunt debitis corporis.", "2023-03-21T01:47:29.317Z", "Rae.Douglas"),       ("Sequi fuga ullam nesciunt nesciunt accusamus maxime nisi laborum.", "2022-11-20T02:38:48.666Z", "Mckenna50"),       ("Quos inventore sint.", "2022-09-01T00:55:22.869Z", "Chandler_Maggio"),       ("Voluptates nostrum soluta quas rem.", "2022-08-01T19:04:42.182Z", "Lucius.Towne"),       ("Vel quasi accusamus libero repellat rerum provident.", "2022-08-04T09:13:52.783Z", "Keon_Predovic"),       ("Unde odit explicabo nisi itaque libero laboriosam quaerat vitae.", "2023-04-11T13:31:49.836Z", "Hazel.Hilll38"),       ("Nostrum laborum quidem quasi veritatis labore iste quaerat quaerat.", "2023-01-27T15:53:11.979Z", "Rubye94"),       ("Aliquam necessitatibus est veritatis veritatis praesentium.", "2023-02-13T00:53:23.978Z", "Maia_Kessler43"),       ("Facere voluptate amet laborum.", "2022-05-09T03:45:35.852Z", "Hazel.Hilll38"),       ("Ab deserunt esse perspiciatis.", "2022-09-26T09:24:08.946Z", "Lora.Miller"),       ("Nam exercitationem qui culpa mollitia.", "2023-01-29T18:36:01.611Z", "Maia_Kessler43"),       ("Similique laborum possimus at recusandae.", "2022-11-11T09:20:02.253Z", "Brice_MacGyver68"),       ("Quasi excepturi minus distinctio eos odio ipsa nesciunt.", "2022-09-03T19:40:16.940Z", "Hazel.Hilll38"),       ("Delectus maxime dignissimos provident fuga voluptates provident delectus possimus sapiente.", "2022-11-02T09:21:42.710Z", "Miller_Cole"),       ("Beatae odit a laudantium in recusandae cum nostrum alias veritatis.", "2022-10-01T17:08:56.054Z", "Maia_Kessler43"),       ("Perferendis eligendi illo.", "2023-03-21T10:17:42.142Z", "Chandler_Maggio"),       ("Sint odio voluptatem earum.", "2023-04-10T23:38:33.244Z", "Hazel.Hilll38"),       ("Tempore minus dicta quos quia.", "2022-08-30T10:58:55.349Z", "Lora.Miller"),       ("Ex architecto maiores.", "2022-07-21T17:50:22.442Z", "Rae.Douglas"),       ("Voluptatum quibusdam at nesciunt libero quos error.", "2022-10-03T09:54:29.373Z", "Dorris.Rau"),       ("Quae natus maxime at nemo optio laboriosam.", "2022-12-22T01:04:40.067Z", "Maia_Kessler43"),       ("Illum recusandae soluta excepturi sed reiciendis.", "2023-04-13T06:18:21.586Z", "Maia_Kessler43"),       ("Aperiam nostrum deserunt est dolor veniam ducimus autem non.", "2023-03-20T09:20:04.809Z", "Brice_MacGyver68"),       ("Quidem doloribus dolores quos fuga minima.", "2022-11-08T17:45:02.794Z", "Rubye94"),       ("Earum inventore ducimus.", "2022-10-27T06:22:08.568Z", "Hazel.Hilll38"),       ("Libero aperiam tempore reiciendis similique eveniet asperiores iste.", "2022-07-26T19:46:56.546Z", "Dorris.Rau"),       ("Harum iusto dolorem sunt doloribus perferendis placeat deserunt.", "2023-01-28T06:31:41.267Z", "George_Rosenbaum"),       ("Ipsa corrupti nesciunt laborum dicta excepturi.", "2022-10-30T09:37:23.042Z", "Keon_Predovic"),       ("Fugiat ipsam impedit temporibus ducimus labore esse illum.", "2023-04-26T05:21:56.196Z", "Athena.Smitham"),       ("Ratione distinctio nam quibusdam ex culpa repellendus possimus.", "2022-05-04T09:42:19.466Z", "Augustine_Gerlach"),       ("Ea molestiae quas ullam quos aspernatur reprehenderit nam eum.", "2022-10-08T15:26:05.933Z", "Miller_Cole"),       ("Nobis velit vero eaque ipsa quos deserunt occaecati molestias voluptates.", "2022-10-30T13:20:06.911Z", "Miller_Cole"),       ("Voluptatum libero odit sunt ratione.", "2022-10-12T16:52:05.869Z", "Ardith_Block"),       ("Nobis possimus repudiandae dicta nam adipisci voluptatum.", "2023-03-09T11:55:16.852Z", "Rubye94"),       ("A veniam fugit modi deserunt nulla consequuntur.", "2022-04-28T07:09:52.631Z", "Lora.Miller"),       ("Aliquid ullam odio in eligendi consequuntur accusantium.", "2022-11-27T13:21:35.545Z", "Mckenna50"),       ("Itaque repellat ipsum tempora doloremque.", "2022-08-18T21:51:22.555Z", "Lucius.Towne"),       ("Voluptate consequuntur illum molestias maxime impedit explicabo laudantium recusandae.", "2023-03-29T14:31:11.439Z", "Brice_MacGyver68"),       ("Perspiciatis quibusdam eos nihil ea consequatur earum nemo numquam.", "2022-05-13T09:56:24.252Z", "Brice_MacGyver68"),       ("Voluptatum dolore quis voluptas laborum aperiam velit dolorum voluptates.", "2022-06-20T12:15:19.729Z", "Ardith_Block"),       ("Quia voluptas fugit explicabo voluptatem quasi odit accusantium neque quidem.", "2022-08-09T23:47:27.032Z", "Elza.Larson4"),       ("Vero cupiditate non tempore cumque quas odio.", "2022-10-21T11:11:47.374Z", "Keon_Predovic"),       ("Minima dicta cupiditate ducimus sit ex atque omnis voluptatibus.", "2022-08-08T13:42:53.763Z", "Mckenna50"),       ("Quaerat alias commodi aspernatur nulla ipsa ab.", "2022-06-19T02:24:21.698Z", "Augustine_Gerlach"),       ("Est quasi dolor eaque.", "2022-06-27T10:01:47.099Z", "Yasmine0"),       ("Hic dolorem libero nisi aperiam eius accusantium quos facilis.", "2023-01-26T10:24:27.447Z", "Brice_MacGyver68"),       ("Ut amet dolorum omnis.", "2022-07-15T02:51:19.147Z", "Rae.Douglas"),       ("Animi modi quasi voluptatum.", "2022-06-26T21:43:12.942Z", "Augustine_Gerlach"),       ("Delectus debitis perspiciatis eius autem numquam ratione unde vel nihil.", "2022-05-13T03:46:32.234Z", "Lora.Miller"),       ("Occaecati magnam iure ea enim excepturi.", "2022-09-25T04:19:17.180Z", "Elza.Larson4"),       ("Eos vel at deleniti dolores maiores ipsum.", "2022-05-03T03:27:50.415Z", "Brice_MacGyver68"),       ("Facilis soluta nam omnis voluptatibus unde assumenda possimus.", "2022-10-18T05:24:57.085Z", "Dorris.Rau"),       ("Rerum ad iusto consequuntur mollitia ipsam minus a iusto esse.", "2023-02-24T22:31:10.738Z", "Mckenna50"),       ("Excepturi veritatis vel incidunt atque eius suscipit impedit.", "2022-08-19T05:32:04.088Z", "Augustine_Gerlach"),       ("Ipsa aliquid sint iusto beatae minima.", "2022-12-14T06:30:03.713Z", "George_Rosenbaum"),       ("Corporis dolorem nihil quibusdam ullam perspiciatis cumque.", "2023-03-24T21:04:09.484Z", "Augustine_Gerlach"),       ("Dicta ex quidem perferendis necessitatibus itaque ea velit at.", "2022-11-19T16:12:54.006Z", "Rae.Douglas"),       ("Voluptatem consequatur corrupti modi temporibus.", "2022-12-31T01:53:17.133Z", "Keon_Predovic"),       ("Enim neque consequatur nostrum.", "2023-01-27T13:04:52.475Z", "Dorris.Rau"),       ("Nulla molestiae rem.", "2023-03-14T21:44:18.666Z", "Cleo.Toy"),       ("Quis maxime occaecati incidunt ex earum reiciendis quo dolores.", "2023-01-02T14:46:59.768Z", "George_Rosenbaum"),       ("Maiores ex illum voluptates.", "2022-12-01T15:19:57.446Z", "Maia_Kessler43"),       ("Perferendis tempore ab tenetur dolore neque voluptatibus nihil quos officiis.", "2022-11-06T18:00:08.719Z", "Elza.Larson4"),       ("Adipisci nam cum minus vero laudantium totam accusantium iusto.", "2022-12-16T13:22:56.511Z", "Brice_MacGyver68"),       ("Odio sunt suscipit vitae dolore vitae veniam.", "2022-09-17T01:40:26.117Z", "Rubye94"),       ("Harum ratione debitis ea quia consectetur adipisci perspiciatis possimus odio.", "2022-12-14T09:52:17.286Z", "Mckenna50"),       ("Quod atque culpa veniam est.", "2022-06-01T00:35:28.462Z", "Keon_Predovic"),       ("In suscipit quo earum necessitatibus.", "2022-12-02T15:09:05.714Z", "Yasmine0"),       ("Nobis quo perferendis voluptate corrupti.", "2022-04-30T12:22:05.010Z", "George_Rosenbaum"),       ("Reiciendis eaque accusamus maiores.", "2023-01-24T10:32:36.050Z", "Athena.Smitham"),       ("A fugit rerum sit officiis.", "2023-03-03T03:33:56.974Z", "George_Rosenbaum"),       ("Consectetur voluptatem quaerat hic repellat reiciendis.", "2022-12-01T18:44:10.351Z", "Brice_MacGyver68"),       ("Iusto dolore eius repellendus eveniet a est minima enim.", "2023-01-25T13:37:34.060Z", "Lora.Miller"),       ("Molestias magni laudantium perferendis.", "2023-01-28T09:23:20.783Z", "Chandler_Maggio"),       ("Repudiandae et doloremque maiores nobis eaque nesciunt eligendi facere id.", "2023-04-18T22:23:32.488Z", "Elza.Larson4"),       ("Corporis occaecati quia repudiandae atque iusto laudantium culpa earum.", "2022-10-11T18:52:44.506Z", "Chandler_Maggio"),       ("Nemo velit eos ratione laborum quos natus impedit sunt omnis.", "2023-04-26T07:20:12.130Z", "Athena.Smitham"),       ("Quasi nobis unde enim deserunt itaque commodi.", "2022-12-11T03:13:54.999Z", "Lucius.Towne"),       ("Veritatis dolor nisi vero quod ab tempora eveniet sit.", "2022-08-11T06:28:42.420Z", "George_Rosenbaum"),       ("Esse ab commodi eum illum repudiandae eius corrupti minima libero.", "2022-12-18T00:24:47.449Z", "Rubye94"),       ("Possimus repudiandae atque saepe ab esse dignissimos rem explicabo.", "2022-12-20T21:34:37.952Z", "Keon_Predovic"),       ("Nihil explicabo molestias voluptate dolores tenetur vitae voluptate optio aliquam.", "2022-06-09T08:34:07.289Z", "Ardith_Block"),       ("Incidunt accusantium maiores tempora libero hic cumque error qui.", "2022-05-03T13:08:42.299Z", "Green_Kuhic");insert into Likes (Username, PostID) VALUES("Elza.Larson4", "1"),       ("Elza.Larson4", "3"),       ("Elza.Larson4", "4"),       ("Elza.Larson4", "8"),       ("Elza.Larson4", "11"),       ("Elza.Larson4", "16"),       ("Elza.Larson4", "17"),       ("Elza.Larson4", "18"),       ("Elza.Larson4", "20"),       ("Elza.Larson4", "21"),       ("Elza.Larson4", "22"),       ("Elza.Larson4", "26"),       ("Elza.Larson4", "36"),       ("Elza.Larson4", "37"),       ("Elza.Larson4", "38"),       ("Elza.Larson4", "39"),       ("Elza.Larson4", "40"),       ("Elza.Larson4", "41"),       ("Elza.Larson4", "44"),       ("Elza.Larson4", "49"),       ("Elza.Larson4", "52"),       ("Elza.Larson4", "53"),       ("Elza.Larson4", "56"),       ("Elza.Larson4", "64"),       ("Elza.Larson4", "65"),       ("Elza.Larson4", "70"),       ("Elza.Larson4", "72"),       ("Elza.Larson4", "73"),       ("Elza.Larson4", "75"),       ("Elza.Larson4", "76"),       ("Elza.Larson4", "77"),       ("Elza.Larson4", "79"),       ("Elza.Larson4", "80"),       ("Elza.Larson4", "83"),       ("Elza.Larson4", "85"),       ("Elza.Larson4", "86"),       ("Elza.Larson4", "88"),       ("Elza.Larson4", "100"),       ("Lora.Miller", "1"),       ("Lora.Miller", "5"),       ("Lora.Miller", "7"),       ("Lora.Miller", "11"),       ("Lora.Miller", "12"),       ("Lora.Miller", "13"),       ("Lora.Miller", "15"),       ("Lora.Miller", "17"),       ("Lora.Miller", "19"),       ("Lora.Miller", "20"),       ("Lora.Miller", "25"),       ("Lora.Miller", "28"),       ("Lora.Miller", "29"),       ("Lora.Miller", "34"),       ("Lora.Miller", "35"),       ("Lora.Miller", "36"),       ("Lora.Miller", "39"),       ("Lora.Miller", "51"),       ("Lora.Miller", "53"),       ("Lora.Miller", "59"),       ("Lora.Miller", "61"),       ("Lora.Miller", "62"),       ("Lora.Miller", "64"),       ("Lora.Miller", "65"),       ("Lora.Miller", "66"),       ("Lora.Miller", "67"),       ("Lora.Miller", "69"),       ("Lora.Miller", "74"),       ("Lora.Miller", "76"),       ("Lora.Miller", "78"),       ("Lora.Miller", "81"),       ("Lora.Miller", "82"),       ("Lora.Miller", "83"),       ("Lora.Miller", "93"),       ("Lora.Miller", "95"),       ("Lora.Miller", "98"),       ("Lora.Miller", "100"),       ("Rae.Douglas", "1"),       ("Rae.Douglas", "9"),       ("Rae.Douglas", "10"),       ("Rae.Douglas", "12"),       ("Rae.Douglas", "13"),       ("Rae.Douglas", "14"),       ("Rae.Douglas", "18"),       ("Rae.Douglas", "23"),       ("Rae.Douglas", "31"),       ("Rae.Douglas", "33"),       ("Rae.Douglas", "35"),       ("Rae.Douglas", "41"),       ("Rae.Douglas", "46"),       ("Rae.Douglas", "51"),       ("Rae.Douglas", "55"),       ("Rae.Douglas", "59"),       ("Rae.Douglas", "62"),       ("Rae.Douglas", "64"),       ("Rae.Douglas", "65"),       ("Rae.Douglas", "66"),       ("Rae.Douglas", "67"),       ("Rae.Douglas", "68"),       ("Rae.Douglas", "70"),       ("Rae.Douglas", "71"),       ("Rae.Douglas", "75"),       ("Rae.Douglas", "76"),       ("Rae.Douglas", "79"),       ("Rae.Douglas", "80"),       ("Rae.Douglas", "84"),       ("Rae.Douglas", "85"),       ("Rae.Douglas", "89"),       ("Rae.Douglas", "90"),       ("Rae.Douglas", "92"),       ("Rae.Douglas", "94"),       ("Rae.Douglas", "95"),       ("Rae.Douglas", "96"),       ("Rae.Douglas", "98"),       ("Rae.Douglas", "100"),       ("Mckenna50", "1"),       ("Mckenna50", "2"),       ("Mckenna50", "3"),       ("Mckenna50", "4"),       ("Mckenna50", "5"),       ("Mckenna50", "7"),       ("Mckenna50", "8"),       ("Mckenna50", "9"),       ("Mckenna50", "10"),       ("Mckenna50", "11"),       ("Mckenna50", "14"),       ("Mckenna50", "15"),       ("Mckenna50", "17"),       ("Mckenna50", "20"),       ("Mckenna50", "23"),       ("Mckenna50", "27"),       ("Mckenna50", "32"),       ("Mckenna50", "37"),       ("Mckenna50", "40"),       ("Mckenna50", "43"),       ("Mckenna50", "44"),       ("Mckenna50", "46"),       ("Mckenna50", "48"),       ("Mckenna50", "49"),       ("Mckenna50", "50"),       ("Mckenna50", "55"),       ("Mckenna50", "56"),       ("Mckenna50", "57"),       ("Mckenna50", "58"),       ("Mckenna50", "64"),       ("Mckenna50", "65"),       ("Mckenna50", "68"),       ("Mckenna50", "70"),       ("Mckenna50", "72"),       ("Mckenna50", "73"),       ("Mckenna50", "75"),       ("Mckenna50", "76"),       ("Mckenna50", "80"),       ("Mckenna50", "83"),       ("Mckenna50", "85"),       ("Mckenna50", "87"),       ("Mckenna50", "88"),       ("Mckenna50", "90"),       ("Mckenna50", "94"),       ("Mckenna50", "96"),       ("Mckenna50", "97"),       ("Maia_Kessler43", "1"),       ("Maia_Kessler43", "2"),       ("Maia_Kessler43", "4"),       ("Maia_Kessler43", "5"),       ("Maia_Kessler43", "6"),       ("Maia_Kessler43", "9"),       ("Maia_Kessler43", "11"),       ("Maia_Kessler43", "15"),       ("Maia_Kessler43", "16"),       ("Maia_Kessler43", "19"),       ("Maia_Kessler43", "20"),       ("Maia_Kessler43", "23"),       ("Maia_Kessler43", "24"),       ("Maia_Kessler43", "26"),       ("Maia_Kessler43", "33"),       ("Maia_Kessler43", "36"),       ("Maia_Kessler43", "37"),       ("Maia_Kessler43", "39"),       ("Maia_Kessler43", "42"),       ("Maia_Kessler43", "43"),       ("Maia_Kessler43", "44"),       ("Maia_Kessler43", "47"),       ("Maia_Kessler43", "51"),       ("Maia_Kessler43", "52"),       ("Maia_Kessler43", "53"),       ("Maia_Kessler43", "55"),       ("Maia_Kessler43", "57"),       ("Maia_Kessler43", "61"),       ("Maia_Kessler43", "63"),       ("Maia_Kessler43", "65"),       ("Maia_Kessler43", "66"),       ("Maia_Kessler43", "73"),       ("Maia_Kessler43", "76"),       ("Maia_Kessler43", "79"),       ("Maia_Kessler43", "83"),       ("Maia_Kessler43", "85"),       ("Maia_Kessler43", "88"),       ("Maia_Kessler43", "90"),       ("Maia_Kessler43", "91"),       ("Maia_Kessler43", "92"),       ("Maia_Kessler43", "94"),       ("Maia_Kessler43", "95"),       ("Maia_Kessler43", "98"),       ("Maia_Kessler43", "99"),       ("Yasmine0", "1"),       ("Yasmine0", "2"),       ("Yasmine0", "4"),       ("Yasmine0", "6"),       ("Yasmine0", "12"),       ("Yasmine0", "13"),       ("Yasmine0", "14"),       ("Yasmine0", "16"),       ("Yasmine0", "19"),       ("Yasmine0", "24"),       ("Yasmine0", "25"),       ("Yasmine0", "26"),       ("Yasmine0", "27"),       ("Yasmine0", "29"),       ("Yasmine0", "33"),       ("Yasmine0", "35"),       ("Yasmine0", "45"),       ("Yasmine0", "46"),       ("Yasmine0", "50"),       ("Yasmine0", "51"),       ("Yasmine0", "52"),       ("Yasmine0", "55"),       ("Yasmine0", "61"),       ("Yasmine0", "62"),       ("Yasmine0", "63"),       ("Yasmine0", "64"),       ("Yasmine0", "65"),       ("Yasmine0", "66"),       ("Yasmine0", "70"),       ("Yasmine0", "75"),       ("Yasmine0", "76"),       ("Yasmine0", "77"),       ("Yasmine0", "78"),       ("Yasmine0", "80"),       ("Yasmine0", "81"),       ("Yasmine0", "85"),       ("Yasmine0", "86"),       ("Yasmine0", "89"),       ("Yasmine0", "91"),       ("Yasmine0", "95"),       ("Ardith_Block", "1"),       ("Ardith_Block", "4"),       ("Ardith_Block", "10"),       ("Ardith_Block", "11"),       ("Ardith_Block", "13"),       ("Ardith_Block", "17"),       ("Ardith_Block", "18"),       ("Ardith_Block", "19"),       ("Ardith_Block", "20"),       ("Ardith_Block", "23"),       ("Ardith_Block", "24"),       ("Ardith_Block", "28"),       ("Ardith_Block", "31"),       ("Ardith_Block", "33"),       ("Ardith_Block", "36"),       ("Ardith_Block", "39"),       ("Ardith_Block", "40"),       ("Ardith_Block", "43"),       ("Ardith_Block", "44"),       ("Ardith_Block", "45"),       ("Ardith_Block", "46"),       ("Ardith_Block", "48"),       ("Ardith_Block", "50"),       ("Ardith_Block", "52"),       ("Ardith_Block", "54"),       ("Ardith_Block", "55"),       ("Ardith_Block", "56"),       ("Ardith_Block", "58"),       ("Ardith_Block", "62"),       ("Ardith_Block", "63"),       ("Ardith_Block", "64"),       ("Ardith_Block", "65"),       ("Ardith_Block", "67"),       ("Ardith_Block", "74"),       ("Ardith_Block", "84"),       ("Ardith_Block", "88"),       ("Ardith_Block", "89"),       ("Ardith_Block", "90"),       ("Ardith_Block", "95"),       ("Ardith_Block", "97"),       ("Ardith_Block", "98"),       ("Ardith_Block", "100"),       ("Augustine_Gerlach", "1"),       ("Augustine_Gerlach", "2"),       ("Augustine_Gerlach", "4"),       ("Augustine_Gerlach", "7"),       ("Augustine_Gerlach", "9"),       ("Augustine_Gerlach", "17"),       ("Augustine_Gerlach", "21"),       ("Augustine_Gerlach", "22"),       ("Augustine_Gerlach", "24"),       ("Augustine_Gerlach", "25"),       ("Augustine_Gerlach", "27"),       ("Augustine_Gerlach", "28"),       ("Augustine_Gerlach", "29"),       ("Augustine_Gerlach", "31"),       ("Augustine_Gerlach", "35"),       ("Augustine_Gerlach", "37"),       ("Augustine_Gerlach", "38"),       ("Augustine_Gerlach", "45"),       ("Augustine_Gerlach", "47"),       ("Augustine_Gerlach", "48"),       ("Augustine_Gerlach", "49"),       ("Augustine_Gerlach", "51"),       ("Augustine_Gerlach", "52"),       ("Augustine_Gerlach", "55"),       ("Augustine_Gerlach", "57"),       ("Augustine_Gerlach", "59"),       ("Augustine_Gerlach", "61"),       ("Augustine_Gerlach", "63"),       ("Augustine_Gerlach", "64"),       ("Augustine_Gerlach", "67"),       ("Augustine_Gerlach", "69"),       ("Augustine_Gerlach", "71"),       ("Augustine_Gerlach", "74"),       ("Augustine_Gerlach", "75"),       ("Augustine_Gerlach", "76"),       ("Augustine_Gerlach", "79"),       ("Augustine_Gerlach", "80"),       ("Augustine_Gerlach", "81"),       ("Augustine_Gerlach", "85"),       ("Augustine_Gerlach", "87"),       ("Augustine_Gerlach", "89"),       ("Augustine_Gerlach", "91"),       ("Augustine_Gerlach", "95"),       ("Augustine_Gerlach", "96"),       ("Augustine_Gerlach", "97"),       ("Hazel.Hilll38", "1"),       ("Hazel.Hilll38", "6"),       ("Hazel.Hilll38", "8"),       ("Hazel.Hilll38", "10"),       ("Hazel.Hilll38", "11"),       ("Hazel.Hilll38", "14"),       ("Hazel.Hilll38", "15"),       ("Hazel.Hilll38", "18"),       ("Hazel.Hilll38", "19"),       ("Hazel.Hilll38", "22"),       ("Hazel.Hilll38", "24"),       ("Hazel.Hilll38", "25"),       ("Hazel.Hilll38", "27"),       ("Hazel.Hilll38", "31"),       ("Hazel.Hilll38", "36"),       ("Hazel.Hilll38", "38"),       ("Hazel.Hilll38", "41"),       ("Hazel.Hilll38", "43"),       ("Hazel.Hilll38", "45"),       ("Hazel.Hilll38", "47"),       ("Hazel.Hilll38", "48"),       ("Hazel.Hilll38", "49"),       ("Hazel.Hilll38", "50"),       ("Hazel.Hilll38", "54"),       ("Hazel.Hilll38", "58"),       ("Hazel.Hilll38", "63"),       ("Hazel.Hilll38", "65"),       ("Hazel.Hilll38", "66"),       ("Hazel.Hilll38", "67"),       ("Hazel.Hilll38", "70"),       ("Hazel.Hilll38", "71"),       ("Hazel.Hilll38", "72"),       ("Hazel.Hilll38", "73"),       ("Hazel.Hilll38", "74"),       ("Hazel.Hilll38", "79"),       ("Hazel.Hilll38", "84"),       ("Hazel.Hilll38", "85"),       ("Hazel.Hilll38", "86"),       ("Hazel.Hilll38", "87"),       ("Hazel.Hilll38", "90"),       ("Hazel.Hilll38", "91"),       ("Hazel.Hilll38", "93"),       ("Hazel.Hilll38", "96"),       ("Hazel.Hilll38", "98"),       ("Hazel.Hilll38", "100"),       ("Brice_MacGyver68", "5"),       ("Brice_MacGyver68", "6"),       ("Brice_MacGyver68", "7"),       ("Brice_MacGyver68", "9"),       ("Brice_MacGyver68", "10"),       ("Brice_MacGyver68", "14"),       ("Brice_MacGyver68", "15"),       ("Brice_MacGyver68", "17"),       ("Brice_MacGyver68", "18"),       ("Brice_MacGyver68", "19"),       ("Brice_MacGyver68", "23"),       ("Brice_MacGyver68", "25"),       ("Brice_MacGyver68", "27"),       ("Brice_MacGyver68", "31"),       ("Brice_MacGyver68", "33"),       ("Brice_MacGyver68", "36"),       ("Brice_MacGyver68", "37"),       ("Brice_MacGyver68", "38"),       ("Brice_MacGyver68", "39"),       ("Brice_MacGyver68", "40"),       ("Brice_MacGyver68", "42"),       ("Brice_MacGyver68", "43"),       ("Brice_MacGyver68", "45"),       ("Brice_MacGyver68", "51"),       ("Brice_MacGyver68", "52"),       ("Brice_MacGyver68", "57"),       ("Brice_MacGyver68", "58"),       ("Brice_MacGyver68", "59"),       ("Brice_MacGyver68", "63"),       ("Brice_MacGyver68", "65"),       ("Brice_MacGyver68", "68"),       ("Brice_MacGyver68", "69"),       ("Brice_MacGyver68", "70"),       ("Brice_MacGyver68", "73"),       ("Brice_MacGyver68", "75"),       ("Brice_MacGyver68", "76"),       ("Brice_MacGyver68", "78"),       ("Brice_MacGyver68", "79"),       ("Brice_MacGyver68", "81"),       ("Brice_MacGyver68", "85"),       ("Brice_MacGyver68", "86"),       ("Brice_MacGyver68", "89"),       ("Brice_MacGyver68", "92"),       ("Brice_MacGyver68", "95"),       ("Brice_MacGyver68", "96"),       ("Brice_MacGyver68", "97"),       ("Brice_MacGyver68", "98"),       ("Brice_MacGyver68", "99"),       ("Miller_Cole", "1"),       ("Miller_Cole", "2"),       ("Miller_Cole", "6"),       ("Miller_Cole", "8"),       ("Miller_Cole", "9"),       ("Miller_Cole", "10"),       ("Miller_Cole", "12"),       ("Miller_Cole", "15"),       ("Miller_Cole", "16"),       ("Miller_Cole", "19"),       ("Miller_Cole", "21"),       ("Miller_Cole", "22"),       ("Miller_Cole", "25"),       ("Miller_Cole", "27"),       ("Miller_Cole", "29"),       ("Miller_Cole", "31"),       ("Miller_Cole", "33"),       ("Miller_Cole", "34"),       ("Miller_Cole", "36"),       ("Miller_Cole", "37"),       ("Miller_Cole", "38"),       ("Miller_Cole", "39"),       ("Miller_Cole", "41"),       ("Miller_Cole", "43"),       ("Miller_Cole", "44"),       ("Miller_Cole", "46"),       ("Miller_Cole", "53"),       ("Miller_Cole", "57"),       ("Miller_Cole", "59"),       ("Miller_Cole", "63"),       ("Miller_Cole", "65"),       ("Miller_Cole", "68"),       ("Miller_Cole", "69"),       ("Miller_Cole", "73"),       ("Miller_Cole", "79"),       ("Miller_Cole", "82"),       ("Miller_Cole", "84"),       ("Miller_Cole", "87"),       ("Miller_Cole", "92"),       ("Miller_Cole", "97"),       ("Miller_Cole", "99"),       ("Miller_Cole", "100"),       ("Athena.Smitham", "5"),       ("Athena.Smitham", "8"),       ("Athena.Smitham", "10"),       ("Athena.Smitham", "15"),       ("Athena.Smitham", "16"),       ("Athena.Smitham", "22"),       ("Athena.Smitham", "24"),       ("Athena.Smitham", "25"),       ("Athena.Smitham", "26"),       ("Athena.Smitham", "27"),       ("Athena.Smitham", "29"),       ("Athena.Smitham", "30"),       ("Athena.Smitham", "32"),       ("Athena.Smitham", "33"),       ("Athena.Smitham", "34"),       ("Athena.Smitham", "37"),       ("Athena.Smitham", "38"),       ("Athena.Smitham", "41"),       ("Athena.Smitham", "42"),       ("Athena.Smitham", "45"),       ("Athena.Smitham", "48"),       ("Athena.Smitham", "51"),       ("Athena.Smitham", "52"),       ("Athena.Smitham", "53"),       ("Athena.Smitham", "55"),       ("Athena.Smitham", "57"),       ("Athena.Smitham", "58"),       ("Athena.Smitham", "59"),       ("Athena.Smitham", "66"),       ("Athena.Smitham", "70"),       ("Athena.Smitham", "72"),       ("Athena.Smitham", "74"),       ("Athena.Smitham", "82"),       ("Athena.Smitham", "85"),       ("Athena.Smitham", "86"),       ("Athena.Smitham", "87"),       ("Athena.Smitham", "88"),       ("Athena.Smitham", "90"),       ("Athena.Smitham", "94"),       ("Athena.Smitham", "97"),       ("Athena.Smitham", "100"),       ("Chandler_Maggio", "1"),       ("Chandler_Maggio", "9"),       ("Chandler_Maggio", "10"),       ("Chandler_Maggio", "13"),       ("Chandler_Maggio", "15"),       ("Chandler_Maggio", "20"),       ("Chandler_Maggio", "21"),       ("Chandler_Maggio", "24"),       ("Chandler_Maggio", "26"),       ("Chandler_Maggio", "27"),       ("Chandler_Maggio", "28"),       ("Chandler_Maggio", "30"),       ("Chandler_Maggio", "31"),       ("Chandler_Maggio", "33"),       ("Chandler_Maggio", "35"),       ("Chandler_Maggio", "36"),       ("Chandler_Maggio", "38"),       ("Chandler_Maggio", "41"),       ("Chandler_Maggio", "42"),       ("Chandler_Maggio", "45"),       ("Chandler_Maggio", "52"),       ("Chandler_Maggio", "54"),       ("Chandler_Maggio", "55"),       ("Chandler_Maggio", "61"),       ("Chandler_Maggio", "62"),       ("Chandler_Maggio", "64"),       ("Chandler_Maggio", "69"),       ("Chandler_Maggio", "70"),       ("Chandler_Maggio", "71"),       ("Chandler_Maggio", "74"),       ("Chandler_Maggio", "75"),       ("Chandler_Maggio", "78"),       ("Chandler_Maggio", "82"),       ("Chandler_Maggio", "83"),       ("Chandler_Maggio", "86"),       ("Chandler_Maggio", "89"),       ("Chandler_Maggio", "91"),       ("Chandler_Maggio", "95"),       ("Chandler_Maggio", "97"),       ("Chandler_Maggio", "98"),       ("Chandler_Maggio", "100"),       ("Rubye94", "2"),       ("Rubye94", "6"),       ("Rubye94", "7"),       ("Rubye94", "8"),       ("Rubye94", "9"),       ("Rubye94", "14"),       ("Rubye94", "17"),       ("Rubye94", "21"),       ("Rubye94", "22"),       ("Rubye94", "23"),       ("Rubye94", "27"),       ("Rubye94", "29"),       ("Rubye94", "31"),       ("Rubye94", "32"),       ("Rubye94", "33"),       ("Rubye94", "37"),       ("Rubye94", "38"),       ("Rubye94", "40"),       ("Rubye94", "47"),       ("Rubye94", "48"),       ("Rubye94", "53"),       ("Rubye94", "54"),       ("Rubye94", "57"),       ("Rubye94", "58"),       ("Rubye94", "59"),       ("Rubye94", "61"),       ("Rubye94", "62"),       ("Rubye94", "63"),       ("Rubye94", "66"),       ("Rubye94", "68"),       ("Rubye94", "69"),       ("Rubye94", "71"),       ("Rubye94", "72"),       ("Rubye94", "78"),       ("Rubye94", "87"),       ("Rubye94", "88"),       ("Rubye94", "91"),       ("Rubye94", "92"),       ("Rubye94", "95"),       ("Green_Kuhic", "2"),       ("Green_Kuhic", "4"),       ("Green_Kuhic", "9"),       ("Green_Kuhic", "11"),       ("Green_Kuhic", "12"),       ("Green_Kuhic", "13"),       ("Green_Kuhic", "15"),       ("Green_Kuhic", "20"),       ("Green_Kuhic", "22"),       ("Green_Kuhic", "24"),       ("Green_Kuhic", "27"),       ("Green_Kuhic", "29"),       ("Green_Kuhic", "31"),       ("Green_Kuhic", "38"),       ("Green_Kuhic", "42"),       ("Green_Kuhic", "43"),       ("Green_Kuhic", "47"),       ("Green_Kuhic", "48"),       ("Green_Kuhic", "50"),       ("Green_Kuhic", "51"),       ("Green_Kuhic", "54"),       ("Green_Kuhic", "55"),       ("Green_Kuhic", "57"),       ("Green_Kuhic", "58"),       ("Green_Kuhic", "59"),       ("Green_Kuhic", "61"),       ("Green_Kuhic", "64"),       ("Green_Kuhic", "66"),       ("Green_Kuhic", "68"),       ("Green_Kuhic", "69"),       ("Green_Kuhic", "71"),       ("Green_Kuhic", "73"),       ("Green_Kuhic", "75"),       ("Green_Kuhic", "76"),       ("Green_Kuhic", "77"),       ("Green_Kuhic", "78"),       ("Green_Kuhic", "83"),       ("Green_Kuhic", "85"),       ("Green_Kuhic", "88"),       ("Green_Kuhic", "89"),       ("Green_Kuhic", "91"),       ("Green_Kuhic", "92"),       ("Green_Kuhic", "94"),       ("Green_Kuhic", "95"),       ("Green_Kuhic", "96"),       ("Lucius.Towne", "6"),       ("Lucius.Towne", "8"),       ("Lucius.Towne", "9"),       ("Lucius.Towne", "16"),       ("Lucius.Towne", "17"),       ("Lucius.Towne", "19"),       ("Lucius.Towne", "21"),       ("Lucius.Towne", "22"),       ("Lucius.Towne", "25"),       ("Lucius.Towne", "27"),       ("Lucius.Towne", "28"),       ("Lucius.Towne", "31"),       ("Lucius.Towne", "32"),       ("Lucius.Towne", "34"),       ("Lucius.Towne", "36"),       ("Lucius.Towne", "41"),       ("Lucius.Towne", "45"),       ("Lucius.Towne", "46"),       ("Lucius.Towne", "47"),       ("Lucius.Towne", "49"),       ("Lucius.Towne", "51"),       ("Lucius.Towne", "52"),       ("Lucius.Towne", "53"),       ("Lucius.Towne", "55"),       ("Lucius.Towne", "56"),       ("Lucius.Towne", "57"),       ("Lucius.Towne", "59"),       ("Lucius.Towne", "66"),       ("Lucius.Towne", "67"),       ("Lucius.Towne", "68"),       ("Lucius.Towne", "70"),       ("Lucius.Towne", "72"),       ("Lucius.Towne", "73"),       ("Lucius.Towne", "75"),       ("Lucius.Towne", "76"),       ("Lucius.Towne", "84"),       ("Lucius.Towne", "85"),       ("Lucius.Towne", "86"),       ("Lucius.Towne", "88"),       ("Lucius.Towne", "89"),       ("Lucius.Towne", "90"),       ("Lucius.Towne", "91"),       ("Lucius.Towne", "93"),       ("Lucius.Towne", "94"),       ("Lucius.Towne", "95"),       ("Lucius.Towne", "97"),       ("Lucius.Towne", "99"),       ("Dorris.Rau", "1"),       ("Dorris.Rau", "2"),       ("Dorris.Rau", "3"),       ("Dorris.Rau", "9"),       ("Dorris.Rau", "10"),       ("Dorris.Rau", "11"),       ("Dorris.Rau", "12"),       ("Dorris.Rau", "14"),       ("Dorris.Rau", "16"),       ("Dorris.Rau", "17"),       ("Dorris.Rau", "20"),       ("Dorris.Rau", "22"),       ("Dorris.Rau", "26"),       ("Dorris.Rau", "28"),       ("Dorris.Rau", "29"),       ("Dorris.Rau", "35"),       ("Dorris.Rau", "39"),       ("Dorris.Rau", "41"),       ("Dorris.Rau", "42"),       ("Dorris.Rau", "43"),       ("Dorris.Rau", "46"),       ("Dorris.Rau", "50"),       ("Dorris.Rau", "54"),       ("Dorris.Rau", "56"),       ("Dorris.Rau", "59"),       ("Dorris.Rau", "61"),       ("Dorris.Rau", "63"),       ("Dorris.Rau", "65"),       ("Dorris.Rau", "67"),       ("Dorris.Rau", "68"),       ("Dorris.Rau", "69"),       ("Dorris.Rau", "73"),       ("Dorris.Rau", "77"),       ("Dorris.Rau", "78"),       ("Dorris.Rau", "80"),       ("Dorris.Rau", "81"),       ("Dorris.Rau", "82"),       ("Dorris.Rau", "85"),       ("Dorris.Rau", "86"),       ("Dorris.Rau", "91"),       ("Dorris.Rau", "92"),       ("Dorris.Rau", "93"),       ("Dorris.Rau", "94"),       ("George_Rosenbaum", "6"),       ("George_Rosenbaum", "12"),       ("George_Rosenbaum", "15"),       ("George_Rosenbaum", "19"),       ("George_Rosenbaum", "21"),       ("George_Rosenbaum", "22"),       ("George_Rosenbaum", "28"),       ("George_Rosenbaum", "29"),       ("George_Rosenbaum", "32"),       ("George_Rosenbaum", "33"),       ("George_Rosenbaum", "34"),       ("George_Rosenbaum", "37"),       ("George_Rosenbaum", "39"),       ("George_Rosenbaum", "44"),       ("George_Rosenbaum", "47"),       ("George_Rosenbaum", "51"),       ("George_Rosenbaum", "53"),       ("George_Rosenbaum", "58"),       ("George_Rosenbaum", "61"),       ("George_Rosenbaum", "62"),       ("George_Rosenbaum", "64"),       ("George_Rosenbaum", "68"),       ("George_Rosenbaum", "69"),       ("George_Rosenbaum", "70"),       ("George_Rosenbaum", "72"),       ("George_Rosenbaum", "75"),       ("George_Rosenbaum", "76"),       ("George_Rosenbaum", "78"),       ("George_Rosenbaum", "81"),       ("George_Rosenbaum", "83"),       ("George_Rosenbaum", "87"),       ("George_Rosenbaum", "88"),       ("George_Rosenbaum", "90"),       ("George_Rosenbaum", "91"),       ("George_Rosenbaum", "92"),       ("George_Rosenbaum", "95"),       ("George_Rosenbaum", "96"),       ("George_Rosenbaum", "97"),       ("George_Rosenbaum", "98"),       ("Cleo.Toy", "1"),       ("Cleo.Toy", "2"),       ("Cleo.Toy", "7"),       ("Cleo.Toy", "9"),       ("Cleo.Toy", "12"),       ("Cleo.Toy", "16"),       ("Cleo.Toy", "19"),       ("Cleo.Toy", "20"),       ("Cleo.Toy", "21"),       ("Cleo.Toy", "22"),       ("Cleo.Toy", "24"),       ("Cleo.Toy", "26"),       ("Cleo.Toy", "29"),       ("Cleo.Toy", "30"),       ("Cleo.Toy", "31"),       ("Cleo.Toy", "33"),       ("Cleo.Toy", "37"),       ("Cleo.Toy", "39"),       ("Cleo.Toy", "40"),       ("Cleo.Toy", "42"),       ("Cleo.Toy", "48"),       ("Cleo.Toy", "49"),       ("Cleo.Toy", "51"),       ("Cleo.Toy", "52"),       ("Cleo.Toy", "54"),       ("Cleo.Toy", "58"),       ("Cleo.Toy", "60"),       ("Cleo.Toy", "62"),       ("Cleo.Toy", "67"),       ("Cleo.Toy", "71"),       ("Cleo.Toy", "72"),       ("Cleo.Toy", "73"),       ("Cleo.Toy", "74"),       ("Cleo.Toy", "76"),       ("Cleo.Toy", "77"),       ("Cleo.Toy", "78"),       ("Cleo.Toy", "79"),       ("Cleo.Toy", "82"),       ("Cleo.Toy", "83"),       ("Cleo.Toy", "84"),       ("Cleo.Toy", "85"),       ("Cleo.Toy", "89"),       ("Cleo.Toy", "92"),       ("Cleo.Toy", "95"),       ("Cleo.Toy", "97"),       ("Cleo.Toy", "99"),       ("Cleo.Toy", "100"),       ("Keon_Predovic", "2"),       ("Keon_Predovic", "3"),       ("Keon_Predovic", "6"),       ("Keon_Predovic", "7"),       ("Keon_Predovic", "8"),       ("Keon_Predovic", "11"),       ("Keon_Predovic", "13"),       ("Keon_Predovic", "20"),       ("Keon_Predovic", "22"),       ("Keon_Predovic", "23"),       ("Keon_Predovic", "26"),       ("Keon_Predovic", "27"),       ("Keon_Predovic", "28"),       ("Keon_Predovic", "30"),       ("Keon_Predovic", "33"),       ("Keon_Predovic", "34"),       ("Keon_Predovic", "35"),       ("Keon_Predovic", "40"),       ("Keon_Predovic", "41"),       ("Keon_Predovic", "42"),       ("Keon_Predovic", "43"),       ("Keon_Predovic", "45"),       ("Keon_Predovic", "46"),       ("Keon_Predovic", "47"),       ("Keon_Predovic", "48"),       ("Keon_Predovic", "49"),       ("Keon_Predovic", "51"),       ("Keon_Predovic", "52"),       ("Keon_Predovic", "62"),       ("Keon_Predovic", "64"),       ("Keon_Predovic", "65"),       ("Keon_Predovic", "66"),       ("Keon_Predovic", "68"),       ("Keon_Predovic", "69"),       ("Keon_Predovic", "71"),       ("Keon_Predovic", "72"),       ("Keon_Predovic", "75"),       ("Keon_Predovic", "77"),       ("Keon_Predovic", "78"),       ("Keon_Predovic", "81"),       ("Keon_Predovic", "83"),       ("Keon_Predovic", "87"),       ("Keon_Predovic", "90"),       ("Keon_Predovic", "93"),       ("Keon_Predovic", "95"),       ("Keon_Predovic", "96");