

-- Insert Statements for USER
insert into USER (Username, CreatedTime, Hash, Salt)
VALUES("Elisa.Heidenreich79", "2022-12-13T21:03:17.599Z", "9c137a8f6a65960ba3e83c8c22260d5e5661dd97738dfae23a8b8a1303fbda2dad265035a6f1490730757c789f7f9acb6fee2a0ddadb824844351f0bbe7e8fd7", "a7e63243dba92bca0fa2f93856057f91"),
       ("Richmond_Nolan53", "2023-04-01T08:42:28.980Z", "a38bcb518519dafa6df7e60cb2db85abc02f3fdefb013d481a56af0e14ff71b7b692014ac5724f5b2d417c1111cf31cfb983875d6a1592a22f29b0f1aebdb8be", "f62d27092a663c72a98a58925474e07e"),
       ("Ashlee.Price27", "2022-05-15T13:38:17.998Z", "db0f24b6cadef1db175830f1b970ecf16a6efc83ef1bbafa03e5fda50042991f49d0bc3672895e260c906425e720887bf5344f59b9d77a49df0b410fdf7b4266", "20e7599e5e2527d6c61d92e1fe117ff7"),
       ("Rudolph.Armstrong", "2022-12-14T11:56:41.659Z", "81dc690b3fbb24982bb82894bc5aba96fb0f76d071d0cfb464e63f24e4e5e4c5b0c70251a6e375718361fd8abdc57cc7eccab3b0182a16577c2ce73de25298c5", "f81c4dc51cadd3145680504530e790cd"),
       ("Clifford.Hermann", "2022-05-22T02:27:53.402Z", "4d91a33d9ab2231513ffe4e390bf166645740f3a2e99ed74ea1ce6fa1b25edb334e68af6988dc6c2f5e1b00ceb768f82a7c1f151149cea7caa7eeb96613aa154", "eb2781f155e13811c8c0d6825318b362"),
       ("Cristal_Dickinson", "2022-09-30T05:58:41.851Z", "a166da8384e97b0b8306a5798cc09fabbef45c44526712343ef9d0d560a6a80002a1b5b20e41cd3088faa211e66fd428a33216b932b34e2bc4c0bd0a30f5ce47", "1fd0464688f473d6d64dae2d326ece6e"),
       ("Asha61", "2022-05-04T10:33:06.411Z", "80c924fb103278cb86a56eda03d60665dc5a446e4aafccf4e1f2d9ad2ca345057a95c22440dc593d255210687c175d4b3e59155587dab2927eac31f6d4e163b6", "6ccd6125f60f66d3ff0abcf457172b17"),
       ("Ashly_Kassulke45", "2022-09-12T15:02:45.678Z", "a09572f6eecc1019d28e3cdc7cf34df2021846fcd44ba5ab7516740380a37c452adf5717c48888ed1045eecc7aa62e5cd4dfa043e6d83b8a7ba5d968ef53e298", "e70b617523b21b4d400bec901cb16aaf"),
       ("Nicola.Berge", "2022-07-19T11:46:29.448Z", "1d6ab36fce961cdf3674d351c136b0bf8e354aa820132cb185a4c5106ef1c4eb48c191d2320143ad9c95a772732d95ab8554a01f42642f8ccaed6f5b146e4fff", "b8ec27416b30c3014bd03bafef03c337"),
       ("Jessica90", "2023-04-09T17:20:42.282Z", "e2fbd3b02897d06fa0442e5cb1d4d42cb7ff5b11e121ccd4d99cc9d5b61153b3b288f64cf500e72065247986e53d6846f2eecab6c6ff393a617fa7d319b24911", "a139ac8225a5289a4ea2890908d25443"),
       ("Jeanie54", "2022-11-08T16:18:29.245Z", "6547fa0c7bfdd0fcc1c35c08c28c3fcbe6ff35262a3ea8dbd81f390c749c76534dc27b6e58acca530b7fd3ca221d5c4d69d7fa0bf3fab1d6cf53e1d41df6acf6", "245d7e0856c9092198e738db89aa31ed"),
       ("Loraine11", "2023-03-14T11:42:16.385Z", "8e52df7cb359d3cd75eab510ad45c201352720aba7a4963302b9159f470705be0248d764be3862d156973ce9ed068a35a6c6d9bb3590ffe45767e2c4131036af", "c9852b04b966f20212c1ab3db1b71058"),
       ("Hortense.Cummerata96", "2022-09-24T12:23:37.494Z", "1c0c370b550322eb7873d8cfd55e065a675023a4aef9c17fe5b017676241d0f8894ca8fc069e665d4a7a0b017f2e4ff96b60185b385e0110d935cc933d2be4b8", "6366c9c48bb6caa0713339423542947d"),
       ("Mireille.Fay", "2023-01-14T14:18:18.910Z", "c01ee1848f9f205a6bcdbcc3f4414e159a605076b100b2c9b1122fece391704dbbd63daa2106fd77f9b36f3e8e11e951c79eb9c7b942eb76aa2888db61e3a438", "d8494afb1d03f128dfabf863b7b061b0"),
       ("Karli_Stehr", "2022-11-27T16:19:36.607Z", "2aa4d5968cd567cfde0684d9700bbefa87db0f3f54d610820245b7c9d65de4a5068d3a2a60b9f01131237fb39f07fdb6505dbfd1f1c3b20caae2fa46e657e500", "a8778da63d546cf198631d25aa6b0412"),
       ("Chesley.Kautzer39", "2022-10-17T02:43:35.583Z", "dd5a2f8cb2f76b8d0a9d094e509b0730108367b8756c98cd66c8026337efcb495638736862edf89d58fef2e2f6c3011a2a40372f7c4243618696e4ac4cc3e80d", "5e94aa62c7ac653734e5a21957dd938c"),
       ("Gladys76", "2023-03-16T00:30:35.923Z", "7cd72657e23b198a4aa83598211dcc3283cedb68b62dcffe14f7661793237d61cca3ba345489d4698f4f41bdeb67fbce45076ba42b9dfc8f8a9807e4cfdec189", "b604666f52bb92e378b1d857b05f3d50"),
       ("Grace.Bogan50", "2023-02-18T05:52:25.439Z", "8610e669ebaf7ebedbf41160c1eb351a6c12b4dcbdaa2f4bb219687e5f924729c42e4ad1d7c8bd1ae2d7067411564f780404acffaeb7870a90690f47b285ac06", "decd6d6af8418a5ff10bb5e8e75d7fe0"),
       ("Jeremie.Dietrich", "2022-06-08T11:54:25.137Z", "b5792a7e67c0d4c81e5b6839e600cb34cd305f1b6cd6776d13f86064387f0a50a120f0057f89a2e1fd52e3eaf1693aff7c9b348c2f3fd6f11d62ae79be5708bc", "aabc7c8d65aebadf3206fb07f4f9df84"),
       ("Beaulah48", "2023-01-23T18:47:04.684Z", "b037b8d1c1bc295c28a0158846304470cb80f33ab24479f9f628ea28c8776cbeed6496ae497f163011527c045370ec6af746e9c96677d03e49dc8956535836f1", "f01f06160d9eecd44ef3193381ced718");


-- Insert Statements for Birthday
insert into Birthday (Username, Birthday)
VALUES("Elisa.Heidenreich79", "1993-05-02"),
       ("Richmond_Nolan53", "1999-05-11"),
       ("Ashlee.Price27", "1993-11-25"),
       ("Rudolph.Armstrong", "2014-12-13"),
       ("Clifford.Hermann", "1985-09-26"),
       ("Cristal_Dickinson", "2015-10-27"),
       ("Asha61", "2017-02-11"),
       ("Nicola.Berge", "2001-10-23"),
       ("Jessica90", "1975-07-18"),
       ("Jeanie54", "2017-09-21"),
       ("Loraine11", "1997-11-04"),
       ("Hortense.Cummerata96", "1975-08-24"),
       ("Mireille.Fay", "1999-05-02"),
       ("Karli_Stehr", "1993-07-02"),
       ("Chesley.Kautzer39", "1998-12-06"),
       ("Jeremie.Dietrich", "2018-02-02"),
       ("Beaulah48", "2015-09-04");


-- Insert Statements for Description
insert into Description (Username, Description)
VALUES("Richmond_Nolan53", "Veritatis nostrum officia quidem tempora aut."),
       ("Ashlee.Price27", "Nemo nisi eveniet voluptates eligendi."),
       ("Rudolph.Armstrong", "Itaque minus sit suscipit repellat."),
       ("Clifford.Hermann", "Dolorum reprehenderit fugiat tempora culpa at nesciunt."),
       ("Cristal_Dickinson", "Nesciunt quod commodi quasi vero optio eaque."),
       ("Asha61", "Voluptatum mollitia cumque enim in mollitia minus exercitationem."),
       ("Ashly_Kassulke45", "Error optio rerum earum."),
       ("Nicola.Berge", "Accusantium qui ratione hic nam voluptate vero excepturi quibusdam dolores."),
       ("Jessica90", "Deserunt totam debitis praesentium placeat deleniti."),
       ("Jeanie54", "Labore excepturi esse exercitationem."),
       ("Hortense.Cummerata96", "Voluptatibus voluptate laborum fuga mollitia modi nemo temporibus accusantium culpa."),
       ("Mireille.Fay", "Doloremque dolorum alias ad officia."),
       ("Grace.Bogan50", "Voluptatem nobis eos id sapiente odio.");


-- Insert Statements for Location
insert into Location (Username, Location)
VALUES("Richmond_Nolan53", "West Elsieboro"),
       ("Ashlee.Price27", "Lake Gustave"),
       ("Ashly_Kassulke45", "Jonathonview"),
       ("Nicola.Berge", "Hayward"),
       ("Jessica90", "Garrisonfield"),
       ("Loraine11", "Vancouver"),
       ("Hortense.Cummerata96", "Lake Leslie"),
       ("Mireille.Fay", "Metzside"),
       ("Karli_Stehr", "West Emelyton"),
       ("Gladys76", "West Cade");


-- Insert Statements for ExternalLinks
insert into ExternalLinks (Username, Link)
VALUES("Elisa.Heidenreich79", "https://guilty-racing.info"),
       ("Richmond_Nolan53", "https://safe-sushi.biz"),
       ("Ashlee.Price27", "https://wan-larch.info"),
       ("Rudolph.Armstrong", "http://dental-leading.net"),
       ("Clifford.Hermann", "http://excitable-examination.org"),
       ("Cristal_Dickinson", "http://sticky-questionnaire.com"),
       ("Asha61", "https://melodic-skylight.org"),
       ("Ashly_Kassulke45", "https://polite-sorbet.org"),
       ("Nicola.Berge", "http://these-day.biz"),
       ("Jessica90", "https://lovely-soybean.name"),
       ("Jeanie54", "https://unselfish-yam.info"),
       ("Loraine11", "http://scientific-thunderhead.net"),
       ("Hortense.Cummerata96", "https://regular-bonfire.com"),
       ("Mireille.Fay", "http://late-illusion.net"),
       ("Karli_Stehr", "https://immense-pegboard.org"),
       ("Chesley.Kautzer39", "https://jealous-stir-fry.org"),
       ("Gladys76", "https://stained-favor.biz"),
       ("Grace.Bogan50", "https://informal-flu.biz"),
       ("Jeremie.Dietrich", "http://tragic-chowder.net"),
       ("Beaulah48", "http://frigid-anxiety.org");


-- Insert Statements for URLSHORTENER
insert into URLSHORTENER (OriginalURL)
VALUES("https://general-usage.biz"),
       ("http://wiggly-stamen.com"),
       ("https://enchanting-heron.org"),
       ("https://quixotic-dew.com"),
       ("https://genuine-shack.com"),
       ("https://plush-peony.com"),
       ("https://sweaty-diesel.net"),
       ("https://guilty-cluster.com"),
       ("http://grim-headquarters.org"),
       ("http://amused-brood.net"),
       ("http://direct-testimonial.com"),
       ("http://dreary-sunglasses.com"),
       ("http://big-hearted-ketchup.info"),
       ("http://advanced-bombing.info"),
       ("http://insistent-liquid.com"),
       ("https://bewitched-rayon.info"),
       ("http://watery-skeleton.net"),
       ("http://subtle-descent.info"),
       ("http://dental-soul.name"),
       ("http://sparse-withdrawal.org"),
       ("https://verifiable-regulation.name"),
       ("https://similar-target.biz"),
       ("https://bony-scarf.net"),
       ("https://severe-bagel.net"),
       ("http://curvy-mile.com"),
       ("http://little-tambourine.name"),
       ("http://unconscious-claim.org"),
       ("http://flawless-pheromone.name"),
       ("https://usable-desire.name"),
       ("https://helpful-alfalfa.net"),
       ("https://second-connection.info"),
       ("https://frozen-field.biz"),
       ("https://trifling-cymbal.com"),
       ("https://bleak-carport.biz"),
       ("https://official-pizza.info"),
       ("http://bustling-affidavit.org"),
       ("https://infamous-burglar.info"),
       ("https://swift-arch.org"),
       ("http://smart-calcification.biz"),
       ("http://soft-motorboat.name"),
       ("https://blissful-admire.name"),
       ("http://wordy-delight.com"),
       ("http://first-declination.biz"),
       ("http://lasting-porch.biz"),
       ("http://vain-win.biz"),
       ("http://immaculate-jar.name"),
       ("https://husky-compulsion.info"),
       ("http://yearly-dory.name"),
       ("http://breakable-courthouse.name"),
       ("http://oval-volcano.org"),
       ("http://female-stir-fry.net"),
       ("https://wide-eyed-major-league.com"),
       ("http://each-tomorrow.info"),
       ("http://warm-recipe.org"),
       ("https://dazzling-incense.biz"),
       ("http://cultured-fallacy.org"),
       ("http://bare-ruckus.name"),
       ("http://moral-nectar.name"),
       ("http://round-sleep.com"),
       ("http://bogus-somebody.com"),
       ("https://other-farmland.net"),
       ("https://supportive-remains.name"),
       ("http://smoggy-fate.net"),
       ("https://spiffy-watcher.com"),
       ("https://brown-greatness.org"),
       ("http://minor-independence.com"),
       ("http://thorough-uncertainty.net"),
       ("https://demanding-vanity.biz"),
       ("http://petty-sake.name"),
       ("http://agitated-donor.name"),
       ("http://content-following.biz"),
       ("https://second-hand-panther.org"),
       ("http://sure-footed-devil.net"),
       ("https://identical-truth.biz"),
       ("http://honored-innocent.net"),
       ("https://phony-stucco.org"),
       ("http://interesting-workshop.name"),
       ("https://delayed-worship.org"),
       ("https://used-easel.biz"),
       ("https://cute-shoe-horn.info"),
       ("https://muddy-innocent.info"),
       ("https://fabulous-thug.org"),
       ("https://darling-suppression.info"),
       ("https://sandy-scalp.info"),
       ("http://charming-nursing.info"),
       ("https://cylindrical-lot.org"),
       ("https://required-spread.info"),
       ("https://robust-switch.net"),
       ("http://creepy-manatee.biz"),
       ("https://identical-bin.biz"),
       ("https://frizzy-communist.name"),
       ("http://considerate-deathwatch.net"),
       ("http://optimal-hellcat.name"),
       ("http://bland-pagan.name"),
       ("https://original-reality.net"),
       ("https://posh-swamp.biz"),
       ("https://timely-diaper.biz"),
       ("https://which-duster.biz"),
       ("http://blissful-centimeter.biz"),
       ("http://striking-attraction.net");


-- Insert Statements for HASHTAG
insert into HASHTAG (Tag)
VALUES("#voluptates."),
       ("#dicta"),
       ("#vel"),
       ("#nostrum"),
       ("#accusantium"),
       ("#exercitationem"),
       ("#aut"),
       ("#nemo."),
       ("#officia"),
       ("#ipsum"),
       ("#doloremque"),
       ("#excepturi"),
       ("#illo"),
       ("#aliquam."),
       ("#quis"),
       ("#ab"),
       ("#rerum."),
       ("#iste"),
       ("#repellendus"),
       ("#quam"),
       ("#commodi"),
       ("#rerum"),
       ("#sit"),
       ("#dolore"),
       ("#aliquid"),
       ("#at"),
       ("#consequatur"),
       ("#accusamus"),
       ("#qui"),
       ("#molestiae"),
       ("#laudantium"),
       ("#quaerat"),
       ("#enim"),
       ("#culpa"),
       ("#voluptates"),
       ("#beatae"),
       ("#nesciunt"),
       ("#ipsa"),
       ("#quibusdam"),
       ("#sapiente"),
       ("#nisi"),
       ("#accusantium."),
       ("#nam"),
       ("#vero"),
       ("#ad"),
       ("#corporis."),
       ("#asperiores"),
       ("#aspernatur"),
       ("#eaque."),
       ("#optio"),
       ("#adipisci"),
       ("#saepe"),
       ("#ea"),
       ("#ea."),
       ("#impedit"),
       ("#eveniet"),
       ("#facere"),
       ("#reiciendis"),
       ("#sit."),
       ("#officiis"),
       ("#corporis"),
       ("#harum"),
       ("#voluptatem"),
       ("#veniam."),
       ("#distinctio."),
       ("#omnis"),
       ("#magni"),
       ("#provident"),
       ("#voluptate"),
       ("#modi"),
       ("#quasi"),
       ("#atque"),
       ("#inventore."),
       ("#sint."),
       ("#quidem"),
       ("#architecto"),
       ("#doloribus"),
       ("#numquam"),
       ("#incidunt"),
       ("#eligendi"),
       ("#possimus"),
       ("#porro."),
       ("#dolorum"),
       ("#explicabo."),
       ("#perferendis"),
       ("#voluptatum"),
       ("#distinctio"),
       ("#tempora"),
       ("#sequi"),
       ("#corrupti"),
       ("#illum"),
       ("#animi"),
       ("#delectus"),
       ("#harum."),
       ("#et"),
       ("#deserunt."),
       ("#eum"),
       ("#pariatur");


-- Insert Statements for POST
insert into POST (Contents, CreatedTime, PosterUsername, ShortLinkID)
VALUES("Animi exercitationem alias deserunt facere provident.", "2023-04-01T15:23:16.439Z", "Grace.Bogan50", "87"),
       ("Quia laborum molestiae #dicta maiores a assumenda enim natus #voluptates.", "2022-05-27T19:29:02.275Z", "Elisa.Heidenreich79", "86"),
       ("Possimus repellat #nostrum labore #vel tempore repellendus atque modi sapiente.", "2022-06-14T06:22:55.941Z", "Richmond_Nolan53", "61"),
       ("Velit dignissimos molestiae #accusantium eius suscipit corrupti dignissimos dicta beatae.", "2023-01-13T13:32:31.285Z", "Chesley.Kautzer39", "32"),
       ("#Aut #exercitationem cupiditate magnam quaerat sequi dolores dicta dignissimos #nemo.", "2022-09-09T11:05:42.318Z", "Clifford.Hermann", "65"),
       ("#Officia #ipsum harum culpa maxime facilis ad fuga possimus.", "2022-12-17T23:59:29.074Z", "Hortense.Cummerata96", "2"),
       ("Eos natus aut in quae neque in saepe officia.", "2022-06-25T03:58:35.337Z", "Jeremie.Dietrich", "12"),
       ("#Excepturi #doloremque a itaque.", "2023-02-26T11:42:41.536Z", "Jeremie.Dietrich", "80"),
       ("Eveniet porro omnis exercitationem.", "2023-02-15T23:17:52.318Z", "Rudolph.Armstrong", "53"),
       ("Blanditiis veniam sunt aliquid natus accusantium quisquam architecto.", "2022-06-14T07:08:12.200Z", "Jeremie.Dietrich", "98"),
       ("Molestias architecto #illo occaecati itaque quia cupiditate dignissimos dolorum inventore.", "2023-01-06T09:18:15.312Z", "Loraine11", "54"),
       ("Saepe quod omnis provident.", "2022-05-31T21:57:17.682Z", "Elisa.Heidenreich79", "84"),
       ("Perspiciatis inventore natus #quis maiores #aliquam.", "2022-10-05T21:44:30.256Z", "Jeremie.Dietrich", "75"),
       ("Laboriosam optio quasi natus explicabo doloremque soluta nostrum tempora.", "2022-09-03T08:35:25.469Z", "Asha61", "57"),
       ("Voluptate #ab nam dolor #rerum.", "2023-01-03T03:29:02.717Z", "Hortense.Cummerata96", "27"),
       ("Est #repellendus #iste quas inventore.", "2022-09-23T05:31:14.545Z", "Jessica90", "2"),
       ("#Quam consequatur #commodi accusantium.", "2022-06-02T02:50:16.781Z", "Nicola.Berge", "19"),
       ("Ea cumque #rerum harum #sit incidunt #iste nostrum tenetur.", "2022-05-14T20:59:31.926Z", "Ashly_Kassulke45", "65"),
       ("#Aliquid occaecati #dolore ullam.", "2022-07-19T01:51:08.790Z", "Ashly_Kassulke45", "84"),
       ("Nobis nesciunt #at perferendis #consequatur #aut a blanditiis.", "2022-11-09T07:56:57.060Z", "Chesley.Kautzer39", "55"),
       ("Magnam ex rem #accusamus commodi quis quaerat quaerat dolorem natus.", "2023-02-10T05:55:41.575Z", "Ashlee.Price27", "50"),
       ("Soluta voluptatem perspiciatis at nesciunt autem tempore eum.", "2022-09-23T12:45:00.349Z", "Ashly_Kassulke45", "82"),
       ("#Laudantium #molestiae eius pariatur distinctio eos aspernatur #qui adipisci.", "2023-01-14T13:17:10.508Z", "Jessica90", "20"),
       ("#Dicta #quaerat at aliquid beatae numquam.", "2023-02-26T21:54:19.226Z", "Chesley.Kautzer39", "96"),
       ("#Enim #illo praesentium.", "2022-11-16T02:35:47.438Z", "Cristal_Dickinson", "47"),
       ("Saepe dolore praesentium qui quo.", "2023-01-24T21:34:57.855Z", "Hortense.Cummerata96", "69"),
       ("Minus maxime voluptatem rem necessitatibus aliquid inventore fugit consequatur.", "2023-03-23T18:54:33.821Z", "Hortense.Cummerata96", "82"),
       ("Voluptatum soluta sapiente quia.", "2022-12-13T21:31:19.095Z", "Jeanie54", "85"),
       ("Necessitatibus sit eius magni quae.", "2022-09-12T23:11:08.004Z", "Loraine11", "53"),
       ("Quo #culpa accusantium similique.", "2022-09-21T10:48:45.298Z", "Loraine11", "90"),
       ("#Voluptates aspernatur maiores quisquam aperiam #beatae perspiciatis error.", "2023-04-10T08:50:28.740Z", "Mireille.Fay", "33"),
       ("Repellat iure eius rerum non #nesciunt distinctio inventore amet aut.", "2022-10-18T03:14:30.332Z", "Ashlee.Price27", "6"),
       ("Sed est nisi #quibusdam quae #ipsa exercitationem aliquam animi laudantium.", "2023-02-15T20:55:13.889Z", "Grace.Bogan50", "1"),
       ("Magnam illum numquam labore sequi.", "2022-10-09T14:22:50.128Z", "Loraine11", "19"),
       ("#Nisi quos eveniet #enim fugiat eligendi harum quia #sapiente vitae.", "2022-12-03T23:40:00.515Z", "Mireille.Fay", "92"),
       ("Voluptas repellendus natus autem nihil explicabo.", "2022-12-18T10:15:53.300Z", "Cristal_Dickinson", "66"),
       ("Numquam iste nulla nostrum quam eveniet eius.", "2023-04-12T21:36:32.583Z", "Rudolph.Armstrong", "89"),
       ("Similique alias a distinctio voluptatem earum repudiandae.", "2022-05-10T06:54:49.579Z", "Mireille.Fay", "76"),
       ("Corrupti architecto laudantium #accusantium.", "2022-10-28T03:47:02.057Z", "Ashly_Kassulke45", "17"),
       ("Id #vero #nam explicabo.", "2023-01-07T17:30:53.079Z", "Clifford.Hermann", "91"),
       ("Rem #ad #corporis.", "2023-02-21T02:58:29.724Z", "Jeanie54", "99"),
       ("Suscipit eum esse.", "2022-08-15T02:35:11.941Z", "Hortense.Cummerata96", "81"),
       ("Recusandae aliquam dolor #asperiores laborum.", "2023-03-23T23:54:26.064Z", "Elisa.Heidenreich79", "13"),
       ("Eaque perspiciatis aperiam #ab #aspernatur hic #eaque.", "2022-07-24T18:50:22.497Z", "Richmond_Nolan53", "91"),
       ("#Optio in similique.", "2023-01-05T22:39:38.855Z", "Ashly_Kassulke45", "46"),
       ("#Saepe #adipisci sequi sequi #molestiae illum incidunt.", "2022-09-01T21:42:49.590Z", "Clifford.Hermann", "11"),
       ("Assumenda pariatur #ea minus nulla.", "2022-05-27T10:19:17.999Z", "Ashlee.Price27", "45"),
       ("#Impedit ipsum porro nobis #ea.", "2023-02-17T23:39:41.948Z", "Rudolph.Armstrong", "35"),
       ("Iusto iusto eos natus accusantium pariatur incidunt ut.", "2023-01-06T17:20:02.163Z", "Nicola.Berge", "14"),
       ("Error magnam dolor beatae itaque cupiditate dolorem consequatur fuga distinctio.", "2023-03-28T12:22:53.828Z", "Jeremie.Dietrich", "3"),
       ("Quas illo nam perspiciatis #eveniet quos #facere corrupti totam eligendi.", "2022-10-30T07:58:08.558Z", "Hortense.Cummerata96", "44"),
       ("Necessitatibus #reiciendis beatae id #aut voluptas accusamus #sit.", "2023-04-03T20:07:26.516Z", "Chesley.Kautzer39", "57"),
       ("Esse #officiis temporibus incidunt optio sit facere necessitatibus ad animi.", "2022-05-19T01:14:43.397Z", "Jeanie54", "66"),
       ("Eveniet itaque #corporis at iure quo consectetur voluptas odio nisi.", "2022-12-20T14:52:16.177Z", "Karli_Stehr", "62"),
       ("Consequatur voluptatum illum minima facilis vitae occaecati modi.", "2022-06-02T15:22:25.198Z", "Ashlee.Price27", "70"),
       ("#Voluptatem pariatur nesciunt #harum nostrum fugiat repudiandae.", "2023-01-10T01:40:50.661Z", "Richmond_Nolan53", "37"),
       ("Nobis enim #veniam.", "2022-09-11T19:24:20.187Z", "Ashly_Kassulke45", "93"),
       ("Omnis incidunt sequi #distinctio.", "2023-03-04T23:30:02.762Z", "Richmond_Nolan53", "62"),
       ("Dolor earum maiores provident quas.", "2022-09-22T10:16:50.625Z", "Karli_Stehr", "86"),
       ("Consequatur aperiam voluptatem incidunt recusandae voluptatem.", "2022-06-12T16:32:08.544Z", "Asha61", "29"),
       ("#Accusantium tenetur id nisi #omnis debitis sapiente.", "2022-12-26T01:32:32.777Z", "Loraine11", "4"),
       ("In #provident #magni mollitia #voluptate suscipit excepturi officia officia.", "2022-12-19T12:28:37.592Z", "Jeanie54", "16"),
       ("Architecto dignissimos ipsa rem ullam porro.", "2022-07-27T17:53:55.131Z", "Grace.Bogan50", "64"),
       ("Iste ex #modi at quia cumque.", "2023-03-05T00:45:56.368Z", "Beaulah48", "17"),
       ("Distinctio quas laudantium ipsam saepe rerum reprehenderit cupiditate.", "2022-07-18T15:50:40.999Z", "Grace.Bogan50", "86"),
       ("#Quasi cupiditate #sapiente quis.", "2022-07-15T14:25:44.392Z", "Beaulah48", "42"),
       ("Quaerat molestias #atque #facere beatae doloremque.", "2022-09-25T02:43:28.970Z", "Asha61", "42"),
       ("Eos earum quisquam expedita ratione.", "2023-03-24T22:07:21.901Z", "Cristal_Dickinson", "8"),
       ("Error vel architecto laborum sed.", "2022-06-01T12:16:00.269Z", "Grace.Bogan50", "83"),
       ("#Provident officiis porro maiores #inventore.", "2023-01-06T01:16:41.275Z", "Grace.Bogan50", "87"),
       ("Blanditiis totam quis consequuntur ipsum ab nihil cupiditate sed et.", "2023-04-27T10:58:38.105Z", "Chesley.Kautzer39", "20"),
       ("Atque rerum numquam #sint.", "2023-01-15T11:42:05.298Z", "Ashly_Kassulke45", "35"),
       ("Consectetur #quidem dolor nulla #architecto doloremque.", "2022-04-30T13:15:30.677Z", "Rudolph.Armstrong", "77"),
       ("Veniam #numquam #doloribus delectus tenetur.", "2022-12-05T17:33:34.315Z", "Cristal_Dickinson", "4"),
       ("#Incidunt deserunt reiciendis ipsa #sint.", "2022-11-19T15:21:37.478Z", "Jessica90", "2"),
       ("Quia aspernatur #ipsa perferendis vero minus iusto asperiores.", "2022-11-26T10:03:37.896Z", "Gladys76", "52"),
       ("Quasi #eligendi #possimus #porro.", "2022-08-13T09:09:32.699Z", "Gladys76", "56"),
       ("Vitae voluptatem #dolorum est in quae.", "2023-04-23T04:39:41.903Z", "Gladys76", "68"),
       ("Provident #dicta in deserunt quaerat ipsa nihil quasi #explicabo.", "2023-01-28T08:26:29.641Z", "Mireille.Fay", "45"),
       ("Voluptates fugiat voluptas voluptas vel eligendi cupiditate earum ea.", "2022-09-08T16:34:11.310Z", "Nicola.Berge", "84"),
       ("Quas architecto ipsam eveniet tempore hic dolorum illo.", "2022-05-09T07:31:24.760Z", "Chesley.Kautzer39", "14"),
       ("#Perferendis #voluptatum eveniet.", "2023-01-18T09:38:21.387Z", "Grace.Bogan50", "44"),
       ("#Distinctio rerum nam natus #architecto inventore.", "2022-11-08T09:36:27.829Z", "Grace.Bogan50", "34"),
       ("Repellendus non #sequi #tempora ea minus labore maxime odio accusantium.", "2022-06-08T08:24:58.249Z", "Jeremie.Dietrich", "7"),
       ("Animi esse #provident eligendi quae #eaque.", "2022-12-15T06:57:45.051Z", "Jeanie54", "35"),
       ("#Voluptatem nesciunt aut ducimus a quos sed ullam maiores pariatur.", "2022-09-15T07:14:46.131Z", "Karli_Stehr", "38"),
       ("Omnis velit assumenda #illum #corrupti amet corporis earum.", "2022-10-16T01:42:37.454Z", "Elisa.Heidenreich79", "51"),
       ("Explicabo cum #delectus #animi exercitationem.", "2022-08-04T17:20:14.796Z", "Cristal_Dickinson", "65"),
       ("Cum odit #dolore voluptatem ad aliquid maxime sed #harum.", "2022-12-18T04:08:46.359Z", "Clifford.Hermann", "69"),
       ("#Molestiae aliquam facere.", "2022-11-07T01:18:14.538Z", "Ashlee.Price27", "24"),
       ("#Et incidunt laudantium libero modi dolorem quam.", "2022-11-29T18:28:22.568Z", "Loraine11", "100"),
       ("#Excepturi laudantium accusamus modi.", "2023-04-11T18:28:12.186Z", "Jeremie.Dietrich", "5"),
       ("Libero voluptatem aperiam #beatae libero illo.", "2022-12-10T21:09:20.693Z", "Asha61", "97"),
       ("#Commodi #excepturi #deserunt.", "2023-03-10T23:57:29.929Z", "Jeremie.Dietrich", "80"),
       ("Exercitationem itaque sit nihil reiciendis #beatae sequi perferendis.", "2022-06-25T09:50:49.671Z", "Elisa.Heidenreich79", "59"),
       ("Illum magni minus sint.", "2023-02-27T05:44:15.966Z", "Hortense.Cummerata96", "33"),
       ("Soluta #voluptate ducimus repudiandae eos.", "2022-07-02T01:37:54.821Z", "Chesley.Kautzer39", "63"),
       ("Nesciunt rerum occaecati quos esse accusantium.", "2022-12-03T05:19:22.501Z", "Asha61", "10"),
       ("#Rerum consectetur autem natus repellat quia.", "2022-09-01T09:15:56.758Z", "Gladys76", "47"),
       ("#Eum autem labore #pariatur dolorum.", "2023-03-16T15:37:59.302Z", "Mireille.Fay", "59");


-- Insert Statements for IncludesTag
insert into IncludesTag (PostID, Tag)
VALUES("2", "#voluptates."),
       ("2", "#dicta"),
       ("3", "#vel"),
       ("3", "#nostrum"),
       ("4", "#accusantium"),
       ("5", "#exercitationem"),
       ("5", "#aut"),
       ("5", "#nemo."),
       ("6", "#officia"),
       ("6", "#ipsum"),
       ("8", "#doloremque"),
       ("8", "#excepturi"),
       ("11", "#illo"),
       ("13", "#aliquam."),
       ("13", "#quis"),
       ("15", "#ab"),
       ("15", "#rerum."),
       ("16", "#iste"),
       ("16", "#repellendus"),
       ("17", "#quam"),
       ("17", "#commodi"),
       ("18", "#rerum"),
       ("18", "#sit"),
       ("18", "#iste"),
       ("19", "#dolore"),
       ("19", "#aliquid"),
       ("20", "#at"),
       ("20", "#consequatur"),
       ("20", "#aut"),
       ("21", "#accusamus"),
       ("23", "#qui"),
       ("23", "#molestiae"),
       ("23", "#laudantium"),
       ("24", "#dicta"),
       ("24", "#quaerat"),
       ("25", "#enim"),
       ("25", "#illo"),
       ("30", "#culpa"),
       ("31", "#voluptates"),
       ("31", "#beatae"),
       ("32", "#nesciunt"),
       ("33", "#ipsa"),
       ("33", "#quibusdam"),
       ("35", "#enim"),
       ("35", "#sapiente"),
       ("35", "#nisi"),
       ("39", "#accusantium."),
       ("40", "#nam"),
       ("40", "#vero"),
       ("41", "#ad"),
       ("41", "#corporis."),
       ("43", "#asperiores"),
       ("44", "#aspernatur"),
       ("44", "#ab"),
       ("44", "#eaque."),
       ("45", "#optio"),
       ("46", "#adipisci"),
       ("46", "#molestiae"),
       ("46", "#saepe"),
       ("47", "#ea"),
       ("48", "#ea."),
       ("48", "#impedit"),
       ("51", "#eveniet"),
       ("51", "#facere"),
       ("52", "#reiciendis"),
       ("52", "#sit."),
       ("52", "#aut"),
       ("53", "#officiis"),
       ("54", "#corporis"),
       ("56", "#harum"),
       ("56", "#voluptatem"),
       ("57", "#veniam."),
       ("58", "#distinctio."),
       ("61", "#omnis"),
       ("61", "#accusantium"),
       ("62", "#magni"),
       ("62", "#provident"),
       ("62", "#voluptate"),
       ("64", "#modi"),
       ("66", "#sapiente"),
       ("66", "#quasi"),
       ("67", "#atque"),
       ("67", "#facere"),
       ("70", "#inventore."),
       ("70", "#provident"),
       ("72", "#sint."),
       ("73", "#quidem"),
       ("73", "#architecto"),
       ("74", "#doloribus"),
       ("74", "#numquam"),
       ("75", "#sint."),
       ("75", "#incidunt"),
       ("76", "#ipsa"),
       ("77", "#eligendi"),
       ("77", "#possimus"),
       ("77", "#porro."),
       ("78", "#dolorum"),
       ("79", "#explicabo."),
       ("79", "#dicta"),
       ("82", "#perferendis"),
       ("82", "#voluptatum"),
       ("83", "#architecto"),
       ("83", "#distinctio"),
       ("84", "#tempora"),
       ("84", "#sequi"),
       ("85", "#eaque."),
       ("85", "#provident"),
       ("86", "#voluptatem"),
       ("87", "#corrupti"),
       ("87", "#illum"),
       ("88", "#animi"),
       ("88", "#delectus"),
       ("89", "#harum."),
       ("89", "#dolore"),
       ("90", "#molestiae"),
       ("91", "#et"),
       ("92", "#excepturi"),
       ("93", "#beatae"),
       ("94", "#excepturi"),
       ("94", "#commodi"),
       ("94", "#deserunt."),
       ("95", "#beatae"),
       ("97", "#voluptate"),
       ("99", "#rerum"),
       ("100", "#eum"),
       ("100", "#pariatur");


-- Insert Statements for POLL
insert into POLL (PostID, Title, Option1Text, Option2Text)
VALUES("4", "Distinctio similique blanditiis molestia", "veniam", "corrupti"),
       ("12", "Aperiam non ab in.", "voluptatem", "totam"),
       ("20", "Repellat iste quidem magnam.", "ex", "reprehenderit"),
       ("23", "Facilis aut similique amet.", "ipsum", "culpa"),
       ("34", "Hic amet reiciendis tempore consequuntur", "enim", "aperiam"),
       ("37", "Nesciunt magni consequuntur nemo.", "expedita", "recusandae"),
       ("39", "Error sed odit doloribus.", "modi", "nesciunt"),
       ("40", "Vel sequi repellendus molestiae dolorum ", "praesentium", "repellendus"),
       ("43", "Eius nobis ipsam.", "molestiae", "vero"),
       ("46", "Omnis minus perferendis exercitationem i", "exercitationem", "pariatur"),
       ("48", "Adipisci architecto maiores aperiam.", "culpa", "aspernatur"),
       ("49", "Natus officiis est necessitatibus adipis", "ab", "ratione"),
       ("51", "Atque voluptatibus est maxime commodi qu", "tempore", "esse"),
       ("56", "Inventore occaecati excepturi doloribus.", "corrupti", "commodi"),
       ("59", "Praesentium porro eligendi est consectet", "repudiandae", "corporis"),
       ("65", "Aspernatur cupiditate itaque sit ex.", "et", "minima"),
       ("73", "Aut in debitis facilis voluptatem.", "suscipit", "dignissimos"),
       ("75", "Commodi itaque perspiciatis.", "ullam", "blanditiis"),
       ("79", "Aperiam non aliquid laborum.", "ipsum", "unde"),
       ("83", "Vero ducimus rerum corporis asperiores l", "enim", "id"),
       ("84", "Libero laudantium velit officia aut.", "totam", "tempora");


-- Insert Statements for Likes
insert into Likes (Username, PostID)
VALUES("Elisa.Heidenreich79", "1"),
       ("Elisa.Heidenreich79", "5"),
       ("Elisa.Heidenreich79", "7"),
       ("Elisa.Heidenreich79", "10"),
       ("Elisa.Heidenreich79", "13"),
       ("Elisa.Heidenreich79", "14"),
       ("Elisa.Heidenreich79", "17"),
       ("Elisa.Heidenreich79", "19"),
       ("Elisa.Heidenreich79", "21"),
       ("Elisa.Heidenreich79", "22"),
       ("Elisa.Heidenreich79", "23"),
       ("Elisa.Heidenreich79", "28"),
       ("Elisa.Heidenreich79", "29"),
       ("Elisa.Heidenreich79", "32"),
       ("Elisa.Heidenreich79", "33"),
       ("Elisa.Heidenreich79", "38"),
       ("Elisa.Heidenreich79", "39"),
       ("Elisa.Heidenreich79", "41"),
       ("Elisa.Heidenreich79", "44"),
       ("Elisa.Heidenreich79", "46"),
       ("Elisa.Heidenreich79", "47"),
       ("Elisa.Heidenreich79", "51"),
       ("Elisa.Heidenreich79", "53"),
       ("Elisa.Heidenreich79", "54"),
       ("Elisa.Heidenreich79", "55"),
       ("Elisa.Heidenreich79", "59"),
       ("Elisa.Heidenreich79", "61"),
       ("Elisa.Heidenreich79", "66"),
       ("Elisa.Heidenreich79", "68"),
       ("Elisa.Heidenreich79", "70"),
       ("Elisa.Heidenreich79", "71"),
       ("Elisa.Heidenreich79", "74"),
       ("Elisa.Heidenreich79", "75"),
       ("Elisa.Heidenreich79", "80"),
       ("Elisa.Heidenreich79", "85"),
       ("Elisa.Heidenreich79", "91"),
       ("Elisa.Heidenreich79", "93"),
       ("Elisa.Heidenreich79", "95"),
       ("Elisa.Heidenreich79", "99"),
       ("Elisa.Heidenreich79", "100"),
       ("Richmond_Nolan53", "2"),
       ("Richmond_Nolan53", "6"),
       ("Richmond_Nolan53", "7"),
       ("Richmond_Nolan53", "9"),
       ("Richmond_Nolan53", "12"),
       ("Richmond_Nolan53", "13"),
       ("Richmond_Nolan53", "18"),
       ("Richmond_Nolan53", "20"),
       ("Richmond_Nolan53", "22"),
       ("Richmond_Nolan53", "23"),
       ("Richmond_Nolan53", "25"),
       ("Richmond_Nolan53", "28"),
       ("Richmond_Nolan53", "29"),
       ("Richmond_Nolan53", "35"),
       ("Richmond_Nolan53", "37"),
       ("Richmond_Nolan53", "39"),
       ("Richmond_Nolan53", "40"),
       ("Richmond_Nolan53", "41"),
       ("Richmond_Nolan53", "42"),
       ("Richmond_Nolan53", "43"),
       ("Richmond_Nolan53", "45"),
       ("Richmond_Nolan53", "47"),
       ("Richmond_Nolan53", "48"),
       ("Richmond_Nolan53", "49"),
       ("Richmond_Nolan53", "52"),
       ("Richmond_Nolan53", "53"),
       ("Richmond_Nolan53", "55"),
       ("Richmond_Nolan53", "57"),
       ("Richmond_Nolan53", "60"),
       ("Richmond_Nolan53", "62"),
       ("Richmond_Nolan53", "66"),
       ("Richmond_Nolan53", "75"),
       ("Richmond_Nolan53", "80"),
       ("Richmond_Nolan53", "82"),
       ("Richmond_Nolan53", "86"),
       ("Richmond_Nolan53", "87"),
       ("Richmond_Nolan53", "88"),
       ("Richmond_Nolan53", "90"),
       ("Richmond_Nolan53", "92"),
       ("Richmond_Nolan53", "96"),
       ("Richmond_Nolan53", "98"),
       ("Ashlee.Price27", "12"),
       ("Ashlee.Price27", "14"),
       ("Ashlee.Price27", "16"),
       ("Ashlee.Price27", "17"),
       ("Ashlee.Price27", "22"),
       ("Ashlee.Price27", "23"),
       ("Ashlee.Price27", "24"),
       ("Ashlee.Price27", "25"),
       ("Ashlee.Price27", "26"),
       ("Ashlee.Price27", "30"),
       ("Ashlee.Price27", "33"),
       ("Ashlee.Price27", "35"),
       ("Ashlee.Price27", "36"),
       ("Ashlee.Price27", "39"),
       ("Ashlee.Price27", "41"),
       ("Ashlee.Price27", "42"),
       ("Ashlee.Price27", "43"),
       ("Ashlee.Price27", "45"),
       ("Ashlee.Price27", "47"),
       ("Ashlee.Price27", "49"),
       ("Ashlee.Price27", "50"),
       ("Ashlee.Price27", "52"),
       ("Ashlee.Price27", "56"),
       ("Ashlee.Price27", "61"),
       ("Ashlee.Price27", "63"),
       ("Ashlee.Price27", "64"),
       ("Ashlee.Price27", "65"),
       ("Ashlee.Price27", "66"),
       ("Ashlee.Price27", "67"),
       ("Ashlee.Price27", "69"),
       ("Ashlee.Price27", "73"),
       ("Ashlee.Price27", "75"),
       ("Ashlee.Price27", "76"),
       ("Ashlee.Price27", "79"),
       ("Ashlee.Price27", "82"),
       ("Ashlee.Price27", "86"),
       ("Ashlee.Price27", "89"),
       ("Ashlee.Price27", "92"),
       ("Ashlee.Price27", "93"),
       ("Ashlee.Price27", "97"),
       ("Ashlee.Price27", "98"),
       ("Rudolph.Armstrong", "1"),
       ("Rudolph.Armstrong", "2"),
       ("Rudolph.Armstrong", "6"),
       ("Rudolph.Armstrong", "7"),
       ("Rudolph.Armstrong", "17"),
       ("Rudolph.Armstrong", "18"),
       ("Rudolph.Armstrong", "23"),
       ("Rudolph.Armstrong", "24"),
       ("Rudolph.Armstrong", "26"),
       ("Rudolph.Armstrong", "29"),
       ("Rudolph.Armstrong", "33"),
       ("Rudolph.Armstrong", "39"),
       ("Rudolph.Armstrong", "41"),
       ("Rudolph.Armstrong", "42"),
       ("Rudolph.Armstrong", "43"),
       ("Rudolph.Armstrong", "44"),
       ("Rudolph.Armstrong", "47"),
       ("Rudolph.Armstrong", "49"),
       ("Rudolph.Armstrong", "51"),
       ("Rudolph.Armstrong", "52"),
       ("Rudolph.Armstrong", "53"),
       ("Rudolph.Armstrong", "54"),
       ("Rudolph.Armstrong", "57"),
       ("Rudolph.Armstrong", "58"),
       ("Rudolph.Armstrong", "60"),
       ("Rudolph.Armstrong", "75"),
       ("Rudolph.Armstrong", "76"),
       ("Rudolph.Armstrong", "80"),
       ("Rudolph.Armstrong", "81"),
       ("Rudolph.Armstrong", "84"),
       ("Rudolph.Armstrong", "85"),
       ("Rudolph.Armstrong", "86"),
       ("Rudolph.Armstrong", "87"),
       ("Rudolph.Armstrong", "88"),
       ("Rudolph.Armstrong", "89"),
       ("Rudolph.Armstrong", "95"),
       ("Rudolph.Armstrong", "97"),
       ("Clifford.Hermann", "1"),
       ("Clifford.Hermann", "4"),
       ("Clifford.Hermann", "11"),
       ("Clifford.Hermann", "16"),
       ("Clifford.Hermann", "17"),
       ("Clifford.Hermann", "19"),
       ("Clifford.Hermann", "25"),
       ("Clifford.Hermann", "30"),
       ("Clifford.Hermann", "34"),
       ("Clifford.Hermann", "35"),
       ("Clifford.Hermann", "38"),
       ("Clifford.Hermann", "40"),
       ("Clifford.Hermann", "41"),
       ("Clifford.Hermann", "43"),
       ("Clifford.Hermann", "44"),
       ("Clifford.Hermann", "49"),
       ("Clifford.Hermann", "52"),
       ("Clifford.Hermann", "53"),
       ("Clifford.Hermann", "54"),
       ("Clifford.Hermann", "57"),
       ("Clifford.Hermann", "58"),
       ("Clifford.Hermann", "59"),
       ("Clifford.Hermann", "60"),
       ("Clifford.Hermann", "61"),
       ("Clifford.Hermann", "62"),
       ("Clifford.Hermann", "69"),
       ("Clifford.Hermann", "70"),
       ("Clifford.Hermann", "71"),
       ("Clifford.Hermann", "75"),
       ("Clifford.Hermann", "79"),
       ("Clifford.Hermann", "86"),
       ("Clifford.Hermann", "89"),
       ("Clifford.Hermann", "90"),
       ("Clifford.Hermann", "96"),
       ("Clifford.Hermann", "98"),
       ("Clifford.Hermann", "100"),
       ("Cristal_Dickinson", "1"),
       ("Cristal_Dickinson", "2"),
       ("Cristal_Dickinson", "7"),
       ("Cristal_Dickinson", "9"),
       ("Cristal_Dickinson", "11"),
       ("Cristal_Dickinson", "13"),
       ("Cristal_Dickinson", "16"),
       ("Cristal_Dickinson", "17"),
       ("Cristal_Dickinson", "20"),
       ("Cristal_Dickinson", "22"),
       ("Cristal_Dickinson", "25"),
       ("Cristal_Dickinson", "26"),
       ("Cristal_Dickinson", "27"),
       ("Cristal_Dickinson", "29"),
       ("Cristal_Dickinson", "30"),
       ("Cristal_Dickinson", "31"),
       ("Cristal_Dickinson", "36"),
       ("Cristal_Dickinson", "37"),
       ("Cristal_Dickinson", "38"),
       ("Cristal_Dickinson", "40"),
       ("Cristal_Dickinson", "41"),
       ("Cristal_Dickinson", "42"),
       ("Cristal_Dickinson", "49"),
       ("Cristal_Dickinson", "52"),
       ("Cristal_Dickinson", "53"),
       ("Cristal_Dickinson", "55"),
       ("Cristal_Dickinson", "56"),
       ("Cristal_Dickinson", "57"),
       ("Cristal_Dickinson", "58"),
       ("Cristal_Dickinson", "60"),
       ("Cristal_Dickinson", "66"),
       ("Cristal_Dickinson", "67"),
       ("Cristal_Dickinson", "70"),
       ("Cristal_Dickinson", "71"),
       ("Cristal_Dickinson", "72"),
       ("Cristal_Dickinson", "73"),
       ("Cristal_Dickinson", "74"),
       ("Cristal_Dickinson", "76"),
       ("Cristal_Dickinson", "80"),
       ("Cristal_Dickinson", "81"),
       ("Cristal_Dickinson", "88"),
       ("Cristal_Dickinson", "90"),
       ("Cristal_Dickinson", "91"),
       ("Cristal_Dickinson", "92"),
       ("Cristal_Dickinson", "99"),
       ("Cristal_Dickinson", "100"),
       ("Asha61", "4"),
       ("Asha61", "5"),
       ("Asha61", "6"),
       ("Asha61", "9"),
       ("Asha61", "14"),
       ("Asha61", "16"),
       ("Asha61", "17"),
       ("Asha61", "22"),
       ("Asha61", "30"),
       ("Asha61", "37"),
       ("Asha61", "40"),
       ("Asha61", "41"),
       ("Asha61", "45"),
       ("Asha61", "47"),
       ("Asha61", "48"),
       ("Asha61", "51"),
       ("Asha61", "53"),
       ("Asha61", "54"),
       ("Asha61", "55"),
       ("Asha61", "60"),
       ("Asha61", "61"),
       ("Asha61", "64"),
       ("Asha61", "67"),
       ("Asha61", "69"),
       ("Asha61", "70"),
       ("Asha61", "73"),
       ("Asha61", "76"),
       ("Asha61", "83"),
       ("Asha61", "86"),
       ("Asha61", "90"),
       ("Asha61", "91"),
       ("Asha61", "93"),
       ("Asha61", "96"),
       ("Ashly_Kassulke45", "5"),
       ("Ashly_Kassulke45", "7"),
       ("Ashly_Kassulke45", "8"),
       ("Ashly_Kassulke45", "10"),
       ("Ashly_Kassulke45", "14"),
       ("Ashly_Kassulke45", "15"),
       ("Ashly_Kassulke45", "18"),
       ("Ashly_Kassulke45", "19"),
       ("Ashly_Kassulke45", "26"),
       ("Ashly_Kassulke45", "29"),
       ("Ashly_Kassulke45", "30"),
       ("Ashly_Kassulke45", "33"),
       ("Ashly_Kassulke45", "35"),
       ("Ashly_Kassulke45", "46"),
       ("Ashly_Kassulke45", "47"),
       ("Ashly_Kassulke45", "51"),
       ("Ashly_Kassulke45", "54"),
       ("Ashly_Kassulke45", "55"),
       ("Ashly_Kassulke45", "57"),
       ("Ashly_Kassulke45", "58"),
       ("Ashly_Kassulke45", "59"),
       ("Ashly_Kassulke45", "60"),
       ("Ashly_Kassulke45", "61"),
       ("Ashly_Kassulke45", "63"),
       ("Ashly_Kassulke45", "64"),
       ("Ashly_Kassulke45", "66"),
       ("Ashly_Kassulke45", "69"),
       ("Ashly_Kassulke45", "70"),
       ("Ashly_Kassulke45", "73"),
       ("Ashly_Kassulke45", "79"),
       ("Ashly_Kassulke45", "87"),
       ("Ashly_Kassulke45", "89"),
       ("Ashly_Kassulke45", "92"),
       ("Ashly_Kassulke45", "96"),
       ("Ashly_Kassulke45", "100"),
       ("Nicola.Berge", "3"),
       ("Nicola.Berge", "6"),
       ("Nicola.Berge", "7"),
       ("Nicola.Berge", "14"),
       ("Nicola.Berge", "17"),
       ("Nicola.Berge", "19"),
       ("Nicola.Berge", "20"),
       ("Nicola.Berge", "22"),
       ("Nicola.Berge", "23"),
       ("Nicola.Berge", "25"),
       ("Nicola.Berge", "27"),
       ("Nicola.Berge", "30"),
       ("Nicola.Berge", "31"),
       ("Nicola.Berge", "34"),
       ("Nicola.Berge", "35"),
       ("Nicola.Berge", "37"),
       ("Nicola.Berge", "38"),
       ("Nicola.Berge", "43"),
       ("Nicola.Berge", "44"),
       ("Nicola.Berge", "46"),
       ("Nicola.Berge", "47"),
       ("Nicola.Berge", "50"),
       ("Nicola.Berge", "52"),
       ("Nicola.Berge", "57"),
       ("Nicola.Berge", "63"),
       ("Nicola.Berge", "64"),
       ("Nicola.Berge", "65"),
       ("Nicola.Berge", "70"),
       ("Nicola.Berge", "74"),
       ("Nicola.Berge", "75"),
       ("Nicola.Berge", "77"),
       ("Nicola.Berge", "78"),
       ("Nicola.Berge", "81"),
       ("Nicola.Berge", "87"),
       ("Nicola.Berge", "88"),
       ("Nicola.Berge", "89"),
       ("Nicola.Berge", "96"),
       ("Jessica90", "2"),
       ("Jessica90", "4"),
       ("Jessica90", "5"),
       ("Jessica90", "9"),
       ("Jessica90", "10"),
       ("Jessica90", "14"),
       ("Jessica90", "15"),
       ("Jessica90", "16"),
       ("Jessica90", "17"),
       ("Jessica90", "20"),
       ("Jessica90", "21"),
       ("Jessica90", "24"),
       ("Jessica90", "28"),
       ("Jessica90", "31"),
       ("Jessica90", "32"),
       ("Jessica90", "33"),
       ("Jessica90", "34"),
       ("Jessica90", "35"),
       ("Jessica90", "42"),
       ("Jessica90", "43"),
       ("Jessica90", "45"),
       ("Jessica90", "46"),
       ("Jessica90", "49"),
       ("Jessica90", "52"),
       ("Jessica90", "53"),
       ("Jessica90", "54"),
       ("Jessica90", "56"),
       ("Jessica90", "57"),
       ("Jessica90", "58"),
       ("Jessica90", "59"),
       ("Jessica90", "60"),
       ("Jessica90", "62"),
       ("Jessica90", "67"),
       ("Jessica90", "74"),
       ("Jessica90", "77"),
       ("Jessica90", "78"),
       ("Jessica90", "81"),
       ("Jessica90", "82"),
       ("Jessica90", "87"),
       ("Jessica90", "89"),
       ("Jessica90", "90"),
       ("Jessica90", "91"),
       ("Jessica90", "92"),
       ("Jessica90", "94"),
       ("Jessica90", "95"),
       ("Jessica90", "96"),
       ("Jessica90", "97"),
       ("Jessica90", "99"),
       ("Jessica90", "100"),
       ("Jeanie54", "3"),
       ("Jeanie54", "6"),
       ("Jeanie54", "11"),
       ("Jeanie54", "18"),
       ("Jeanie54", "19"),
       ("Jeanie54", "20"),
       ("Jeanie54", "23"),
       ("Jeanie54", "27"),
       ("Jeanie54", "28"),
       ("Jeanie54", "29"),
       ("Jeanie54", "30"),
       ("Jeanie54", "31"),
       ("Jeanie54", "34"),
       ("Jeanie54", "35"),
       ("Jeanie54", "37"),
       ("Jeanie54", "38"),
       ("Jeanie54", "40"),
       ("Jeanie54", "41"),
       ("Jeanie54", "43"),
       ("Jeanie54", "50"),
       ("Jeanie54", "51"),
       ("Jeanie54", "53"),
       ("Jeanie54", "57"),
       ("Jeanie54", "59"),
       ("Jeanie54", "60"),
       ("Jeanie54", "63"),
       ("Jeanie54", "64"),
       ("Jeanie54", "65"),
       ("Jeanie54", "67"),
       ("Jeanie54", "69"),
       ("Jeanie54", "70"),
       ("Jeanie54", "73"),
       ("Jeanie54", "74"),
       ("Jeanie54", "75"),
       ("Jeanie54", "76"),
       ("Jeanie54", "89"),
       ("Jeanie54", "90"),
       ("Jeanie54", "91"),
       ("Jeanie54", "96"),
       ("Jeanie54", "97"),
       ("Jeanie54", "98"),
       ("Jeanie54", "99"),
       ("Loraine11", "2"),
       ("Loraine11", "4"),
       ("Loraine11", "6"),
       ("Loraine11", "8"),
       ("Loraine11", "10"),
       ("Loraine11", "14"),
       ("Loraine11", "16"),
       ("Loraine11", "18"),
       ("Loraine11", "20"),
       ("Loraine11", "22"),
       ("Loraine11", "26"),
       ("Loraine11", "27"),
       ("Loraine11", "28"),
       ("Loraine11", "30"),
       ("Loraine11", "32"),
       ("Loraine11", "34"),
       ("Loraine11", "35"),
       ("Loraine11", "40"),
       ("Loraine11", "41"),
       ("Loraine11", "43"),
       ("Loraine11", "49"),
       ("Loraine11", "50"),
       ("Loraine11", "51"),
       ("Loraine11", "54"),
       ("Loraine11", "56"),
       ("Loraine11", "58"),
       ("Loraine11", "59"),
       ("Loraine11", "62"),
       ("Loraine11", "64"),
       ("Loraine11", "65"),
       ("Loraine11", "66"),
       ("Loraine11", "68"),
       ("Loraine11", "70"),
       ("Loraine11", "72"),
       ("Loraine11", "78"),
       ("Loraine11", "79"),
       ("Loraine11", "80"),
       ("Loraine11", "83"),
       ("Loraine11", "85"),
       ("Loraine11", "92"),
       ("Loraine11", "93"),
       ("Loraine11", "96"),
       ("Loraine11", "97"),
       ("Loraine11", "100"),
       ("Hortense.Cummerata96", "1"),
       ("Hortense.Cummerata96", "4"),
       ("Hortense.Cummerata96", "9"),
       ("Hortense.Cummerata96", "13"),
       ("Hortense.Cummerata96", "14"),
       ("Hortense.Cummerata96", "17"),
       ("Hortense.Cummerata96", "18"),
       ("Hortense.Cummerata96", "19"),
       ("Hortense.Cummerata96", "20"),
       ("Hortense.Cummerata96", "23"),
       ("Hortense.Cummerata96", "25"),
       ("Hortense.Cummerata96", "27"),
       ("Hortense.Cummerata96", "28"),
       ("Hortense.Cummerata96", "30"),
       ("Hortense.Cummerata96", "35"),
       ("Hortense.Cummerata96", "39"),
       ("Hortense.Cummerata96", "44"),
       ("Hortense.Cummerata96", "46"),
       ("Hortense.Cummerata96", "48"),
       ("Hortense.Cummerata96", "50"),
       ("Hortense.Cummerata96", "55"),
       ("Hortense.Cummerata96", "56"),
       ("Hortense.Cummerata96", "62"),
       ("Hortense.Cummerata96", "67"),
       ("Hortense.Cummerata96", "70"),
       ("Hortense.Cummerata96", "72"),
       ("Hortense.Cummerata96", "77"),
       ("Hortense.Cummerata96", "78"),
       ("Hortense.Cummerata96", "79"),
       ("Hortense.Cummerata96", "80"),
       ("Hortense.Cummerata96", "83"),
       ("Hortense.Cummerata96", "84"),
       ("Hortense.Cummerata96", "88"),
       ("Hortense.Cummerata96", "89"),
       ("Hortense.Cummerata96", "92"),
       ("Hortense.Cummerata96", "96"),
       ("Hortense.Cummerata96", "98"),
       ("Hortense.Cummerata96", "99"),
       ("Mireille.Fay", "1"),
       ("Mireille.Fay", "8"),
       ("Mireille.Fay", "10"),
       ("Mireille.Fay", "11"),
       ("Mireille.Fay", "13"),
       ("Mireille.Fay", "21"),
       ("Mireille.Fay", "27"),
       ("Mireille.Fay", "29"),
       ("Mireille.Fay", "30"),
       ("Mireille.Fay", "34"),
       ("Mireille.Fay", "42"),
       ("Mireille.Fay", "43"),
       ("Mireille.Fay", "44"),
       ("Mireille.Fay", "45"),
       ("Mireille.Fay", "52"),
       ("Mireille.Fay", "54"),
       ("Mireille.Fay", "56"),
       ("Mireille.Fay", "58"),
       ("Mireille.Fay", "61"),
       ("Mireille.Fay", "62"),
       ("Mireille.Fay", "63"),
       ("Mireille.Fay", "64"),
       ("Mireille.Fay", "68"),
       ("Mireille.Fay", "73"),
       ("Mireille.Fay", "74"),
       ("Mireille.Fay", "87"),
       ("Mireille.Fay", "88"),
       ("Mireille.Fay", "92"),
       ("Mireille.Fay", "93"),
       ("Mireille.Fay", "94"),
       ("Mireille.Fay", "98"),
       ("Karli_Stehr", "1"),
       ("Karli_Stehr", "3"),
       ("Karli_Stehr", "5"),
       ("Karli_Stehr", "8"),
       ("Karli_Stehr", "10"),
       ("Karli_Stehr", "13"),
       ("Karli_Stehr", "15"),
       ("Karli_Stehr", "18"),
       ("Karli_Stehr", "22"),
       ("Karli_Stehr", "23"),
       ("Karli_Stehr", "30"),
       ("Karli_Stehr", "35"),
       ("Karli_Stehr", "37"),
       ("Karli_Stehr", "41"),
       ("Karli_Stehr", "42"),
       ("Karli_Stehr", "43"),
       ("Karli_Stehr", "44"),
       ("Karli_Stehr", "45"),
       ("Karli_Stehr", "50"),
       ("Karli_Stehr", "54"),
       ("Karli_Stehr", "58"),
       ("Karli_Stehr", "59"),
       ("Karli_Stehr", "60"),
       ("Karli_Stehr", "63"),
       ("Karli_Stehr", "64"),
       ("Karli_Stehr", "67"),
       ("Karli_Stehr", "69"),
       ("Karli_Stehr", "73"),
       ("Karli_Stehr", "75"),
       ("Karli_Stehr", "77"),
       ("Karli_Stehr", "80"),
       ("Karli_Stehr", "83"),
       ("Karli_Stehr", "84"),
       ("Karli_Stehr", "86"),
       ("Karli_Stehr", "87"),
       ("Karli_Stehr", "88"),
       ("Karli_Stehr", "89"),
       ("Karli_Stehr", "90"),
       ("Karli_Stehr", "94"),
       ("Karli_Stehr", "96"),
       ("Chesley.Kautzer39", "1"),
       ("Chesley.Kautzer39", "5"),
       ("Chesley.Kautzer39", "10"),
       ("Chesley.Kautzer39", "12"),
       ("Chesley.Kautzer39", "16"),
       ("Chesley.Kautzer39", "21"),
       ("Chesley.Kautzer39", "22"),
       ("Chesley.Kautzer39", "25"),
       ("Chesley.Kautzer39", "26"),
       ("Chesley.Kautzer39", "27"),
       ("Chesley.Kautzer39", "30"),
       ("Chesley.Kautzer39", "31"),
       ("Chesley.Kautzer39", "39"),
       ("Chesley.Kautzer39", "40"),
       ("Chesley.Kautzer39", "41"),
       ("Chesley.Kautzer39", "48"),
       ("Chesley.Kautzer39", "50"),
       ("Chesley.Kautzer39", "53"),
       ("Chesley.Kautzer39", "54"),
       ("Chesley.Kautzer39", "55"),
       ("Chesley.Kautzer39", "56"),
       ("Chesley.Kautzer39", "58"),
       ("Chesley.Kautzer39", "59"),
       ("Chesley.Kautzer39", "62"),
       ("Chesley.Kautzer39", "63"),
       ("Chesley.Kautzer39", "65"),
       ("Chesley.Kautzer39", "66"),
       ("Chesley.Kautzer39", "67"),
       ("Chesley.Kautzer39", "69"),
       ("Chesley.Kautzer39", "70"),
       ("Chesley.Kautzer39", "75"),
       ("Chesley.Kautzer39", "77"),
       ("Chesley.Kautzer39", "79"),
       ("Chesley.Kautzer39", "81"),
       ("Chesley.Kautzer39", "87"),
       ("Chesley.Kautzer39", "88"),
       ("Chesley.Kautzer39", "91"),
       ("Chesley.Kautzer39", "92"),
       ("Chesley.Kautzer39", "93"),
       ("Chesley.Kautzer39", "95"),
       ("Chesley.Kautzer39", "96"),
       ("Chesley.Kautzer39", "97"),
       ("Chesley.Kautzer39", "99"),
       ("Chesley.Kautzer39", "100"),
       ("Gladys76", "2"),
       ("Gladys76", "3"),
       ("Gladys76", "5"),
       ("Gladys76", "7"),
       ("Gladys76", "11"),
       ("Gladys76", "15"),
       ("Gladys76", "16"),
       ("Gladys76", "18"),
       ("Gladys76", "20"),
       ("Gladys76", "27"),
       ("Gladys76", "30"),
       ("Gladys76", "32"),
       ("Gladys76", "33"),
       ("Gladys76", "34"),
       ("Gladys76", "35"),
       ("Gladys76", "37"),
       ("Gladys76", "38"),
       ("Gladys76", "43"),
       ("Gladys76", "47"),
       ("Gladys76", "49"),
       ("Gladys76", "51"),
       ("Gladys76", "52"),
       ("Gladys76", "53"),
       ("Gladys76", "54"),
       ("Gladys76", "55"),
       ("Gladys76", "62"),
       ("Gladys76", "64"),
       ("Gladys76", "66"),
       ("Gladys76", "68"),
       ("Gladys76", "70"),
       ("Gladys76", "74"),
       ("Gladys76", "75"),
       ("Gladys76", "77"),
       ("Gladys76", "83"),
       ("Gladys76", "85"),
       ("Gladys76", "87"),
       ("Gladys76", "88"),
       ("Gladys76", "89"),
       ("Gladys76", "90"),
       ("Gladys76", "92"),
       ("Gladys76", "93"),
       ("Gladys76", "94"),
       ("Gladys76", "97"),
       ("Grace.Bogan50", "3"),
       ("Grace.Bogan50", "6"),
       ("Grace.Bogan50", "14"),
       ("Grace.Bogan50", "15"),
       ("Grace.Bogan50", "18"),
       ("Grace.Bogan50", "22"),
       ("Grace.Bogan50", "24"),
       ("Grace.Bogan50", "25"),
       ("Grace.Bogan50", "26"),
       ("Grace.Bogan50", "28"),
       ("Grace.Bogan50", "29"),
       ("Grace.Bogan50", "31"),
       ("Grace.Bogan50", "38"),
       ("Grace.Bogan50", "39"),
       ("Grace.Bogan50", "40"),
       ("Grace.Bogan50", "41"),
       ("Grace.Bogan50", "54"),
       ("Grace.Bogan50", "57"),
       ("Grace.Bogan50", "62"),
       ("Grace.Bogan50", "63"),
       ("Grace.Bogan50", "67"),
       ("Grace.Bogan50", "68"),
       ("Grace.Bogan50", "70"),
       ("Grace.Bogan50", "75"),
       ("Grace.Bogan50", "78"),
       ("Grace.Bogan50", "87"),
       ("Grace.Bogan50", "89"),
       ("Grace.Bogan50", "90"),
       ("Grace.Bogan50", "92"),
       ("Grace.Bogan50", "94"),
       ("Grace.Bogan50", "96"),
       ("Grace.Bogan50", "97"),
       ("Grace.Bogan50", "98"),
       ("Grace.Bogan50", "99"),
       ("Grace.Bogan50", "100"),
       ("Jeremie.Dietrich", "2"),
       ("Jeremie.Dietrich", "4"),
       ("Jeremie.Dietrich", "6"),
       ("Jeremie.Dietrich", "7"),
       ("Jeremie.Dietrich", "9"),
       ("Jeremie.Dietrich", "10"),
       ("Jeremie.Dietrich", "11"),
       ("Jeremie.Dietrich", "16"),
       ("Jeremie.Dietrich", "17"),
       ("Jeremie.Dietrich", "18"),
       ("Jeremie.Dietrich", "23"),
       ("Jeremie.Dietrich", "24"),
       ("Jeremie.Dietrich", "29"),
       ("Jeremie.Dietrich", "31"),
       ("Jeremie.Dietrich", "38"),
       ("Jeremie.Dietrich", "39"),
       ("Jeremie.Dietrich", "42"),
       ("Jeremie.Dietrich", "46"),
       ("Jeremie.Dietrich", "48"),
       ("Jeremie.Dietrich", "51"),
       ("Jeremie.Dietrich", "52"),
       ("Jeremie.Dietrich", "56"),
       ("Jeremie.Dietrich", "57"),
       ("Jeremie.Dietrich", "59"),
       ("Jeremie.Dietrich", "60"),
       ("Jeremie.Dietrich", "61"),
       ("Jeremie.Dietrich", "65"),
       ("Jeremie.Dietrich", "69"),
       ("Jeremie.Dietrich", "71"),
       ("Jeremie.Dietrich", "75"),
       ("Jeremie.Dietrich", "78"),
       ("Jeremie.Dietrich", "79"),
       ("Jeremie.Dietrich", "82"),
       ("Jeremie.Dietrich", "85"),
       ("Jeremie.Dietrich", "87"),
       ("Jeremie.Dietrich", "90"),
       ("Jeremie.Dietrich", "92"),
       ("Jeremie.Dietrich", "97"),
       ("Jeremie.Dietrich", "98"),
       ("Beaulah48", "2"),
       ("Beaulah48", "5"),
       ("Beaulah48", "6"),
       ("Beaulah48", "7"),
       ("Beaulah48", "8"),
       ("Beaulah48", "9"),
       ("Beaulah48", "10"),
       ("Beaulah48", "11"),
       ("Beaulah48", "12"),
       ("Beaulah48", "13"),
       ("Beaulah48", "14"),
       ("Beaulah48", "18"),
       ("Beaulah48", "20"),
       ("Beaulah48", "22"),
       ("Beaulah48", "26"),
       ("Beaulah48", "27"),
       ("Beaulah48", "28"),
       ("Beaulah48", "31"),
       ("Beaulah48", "32"),
       ("Beaulah48", "35"),
       ("Beaulah48", "36"),
       ("Beaulah48", "39"),
       ("Beaulah48", "40"),
       ("Beaulah48", "41"),
       ("Beaulah48", "43"),
       ("Beaulah48", "45"),
       ("Beaulah48", "46"),
       ("Beaulah48", "47"),
       ("Beaulah48", "49"),
       ("Beaulah48", "51"),
       ("Beaulah48", "55"),
       ("Beaulah48", "56"),
       ("Beaulah48", "57"),
       ("Beaulah48", "58"),
       ("Beaulah48", "65"),
       ("Beaulah48", "66"),
       ("Beaulah48", "69"),
       ("Beaulah48", "70"),
       ("Beaulah48", "74"),
       ("Beaulah48", "75"),
       ("Beaulah48", "76"),
       ("Beaulah48", "79"),
       ("Beaulah48", "81"),
       ("Beaulah48", "83"),
       ("Beaulah48", "84"),
       ("Beaulah48", "85"),
       ("Beaulah48", "89"),
       ("Beaulah48", "90"),
       ("Beaulah48", "93"),
       ("Beaulah48", "94"),
       ("Beaulah48", "95"),
       ("Beaulah48", "97"),
       ("Beaulah48", "100");


-- Insert Statements for Replies
insert into Replies (ReplyPostID, OriginalPostID)
VALUES("1", "23"),
       ("2", "46"),
       ("3", "49"),
       ("4", "26"),
       ("5", "50"),
       ("6", "15"),
       ("7", "20"),
       ("8", "9"),
       ("9", "2"),
       ("10", "30"),
       ("11", "48"),
       ("12", "32"),
       ("13", "18"),
       ("14", "38"),
       ("15", "27"),
       ("16", "38"),
       ("17", "18"),
       ("18", "16"),
       ("19", "20"),
       ("20", "29"),
       ("21", "36"),
       ("22", "19"),
       ("23", "45"),
       ("24", "32"),
       ("25", "42"),
       ("26", "1"),
       ("27", "38"),
       ("28", "14"),
       ("29", "18"),
       ("30", "50"),
       ("31", "40"),
       ("32", "6"),
       ("33", "13"),
       ("34", "9"),
       ("35", "37"),
       ("36", "18"),
       ("37", "39"),
       ("38", "36"),
       ("39", "50"),
       ("40", "5"),
       ("41", "44"),
       ("42", "15"),
       ("43", "40"),
       ("44", "14"),
       ("45", "1"),
       ("46", "30"),
       ("47", "35"),
       ("48", "38"),
       ("49", "36"),
       ("50", "24"),
       ("51", "26"),
       ("52", "32"),
       ("53", "6"),
       ("54", "45"),
       ("55", "21"),
       ("56", "28"),
       ("57", "19"),
       ("58", "14"),
       ("59", "29"),
       ("60", "48"),
       ("61", "42"),
       ("62", "28"),
       ("63", "2"),
       ("64", "9"),
       ("65", "4"),
       ("66", "18"),
       ("67", "3"),
       ("68", "15"),
       ("69", "42"),
       ("70", "25"),
       ("71", "33"),
       ("72", "7"),
       ("73", "7"),
       ("74", "35"),
       ("75", "39"),
       ("76", "46"),
       ("77", "27"),
       ("78", "13"),
       ("79", "45"),
       ("80", "23"),
       ("81", "13"),
       ("82", "43"),
       ("83", "6"),
       ("84", "49"),
       ("85", "21"),
       ("86", "8"),
       ("87", "8"),
       ("88", "8"),
       ("89", "34"),
       ("90", "6"),
       ("91", "24"),
       ("92", "45"),
       ("93", "2"),
       ("94", "43"),
       ("95", "25"),
       ("96", "46"),
       ("97", "5"),
       ("98", "49"),
       ("99", "22"),
       ("100", "12");


-- Insert Statements for Vote
insert into Vote (Username, PostID, Choice)
VALUES("Elisa.Heidenreich79", "1", "2"),
       ("Elisa.Heidenreich79", "2", "2"),
       ("Elisa.Heidenreich79", "4", "1"),
       ("Elisa.Heidenreich79", "10", "2"),
       ("Elisa.Heidenreich79", "13", "2"),
       ("Elisa.Heidenreich79", "15", "2"),
       ("Elisa.Heidenreich79", "17", "2"),
       ("Elisa.Heidenreich79", "18", "2"),
       ("Elisa.Heidenreich79", "20", "1"),
       ("Elisa.Heidenreich79", "21", "2"),
       ("Elisa.Heidenreich79", "22", "2"),
       ("Elisa.Heidenreich79", "25", "1"),
       ("Elisa.Heidenreich79", "26", "2"),
       ("Elisa.Heidenreich79", "31", "1"),
       ("Elisa.Heidenreich79", "36", "1"),
       ("Elisa.Heidenreich79", "37", "1"),
       ("Elisa.Heidenreich79", "41", "1"),
       ("Elisa.Heidenreich79", "42", "1"),
       ("Elisa.Heidenreich79", "43", "2"),
       ("Elisa.Heidenreich79", "44", "2"),
       ("Elisa.Heidenreich79", "48", "2"),
       ("Elisa.Heidenreich79", "50", "2"),
       ("Elisa.Heidenreich79", "52", "2"),
       ("Elisa.Heidenreich79", "53", "2"),
       ("Elisa.Heidenreich79", "54", "2"),
       ("Elisa.Heidenreich79", "56", "1"),
       ("Elisa.Heidenreich79", "57", "2"),
       ("Elisa.Heidenreich79", "59", "2"),
       ("Elisa.Heidenreich79", "60", "1"),
       ("Elisa.Heidenreich79", "61", "1"),
       ("Elisa.Heidenreich79", "70", "1"),
       ("Elisa.Heidenreich79", "71", "2"),
       ("Elisa.Heidenreich79", "73", "2"),
       ("Elisa.Heidenreich79", "74", "2"),
       ("Elisa.Heidenreich79", "78", "2"),
       ("Elisa.Heidenreich79", "79", "2"),
       ("Elisa.Heidenreich79", "83", "1"),
       ("Elisa.Heidenreich79", "84", "1"),
       ("Elisa.Heidenreich79", "88", "1"),
       ("Elisa.Heidenreich79", "90", "1"),
       ("Elisa.Heidenreich79", "91", "2"),
       ("Elisa.Heidenreich79", "92", "2"),
       ("Elisa.Heidenreich79", "97", "2"),
       ("Elisa.Heidenreich79", "98", "2"),
       ("Richmond_Nolan53", "3", "1"),
       ("Richmond_Nolan53", "4", "2"),
       ("Richmond_Nolan53", "7", "1"),
       ("Richmond_Nolan53", "8", "2"),
       ("Richmond_Nolan53", "12", "1"),
       ("Richmond_Nolan53", "15", "1"),
       ("Richmond_Nolan53", "16", "2"),
       ("Richmond_Nolan53", "18", "2"),
       ("Richmond_Nolan53", "19", "1"),
       ("Richmond_Nolan53", "20", "2"),
       ("Richmond_Nolan53", "22", "1"),
       ("Richmond_Nolan53", "24", "1"),
       ("Richmond_Nolan53", "25", "1"),
       ("Richmond_Nolan53", "27", "2"),
       ("Richmond_Nolan53", "31", "1"),
       ("Richmond_Nolan53", "33", "2"),
       ("Richmond_Nolan53", "37", "1"),
       ("Richmond_Nolan53", "38", "1"),
       ("Richmond_Nolan53", "40", "2"),
       ("Richmond_Nolan53", "41", "1"),
       ("Richmond_Nolan53", "43", "1"),
       ("Richmond_Nolan53", "47", "2"),
       ("Richmond_Nolan53", "52", "2"),
       ("Richmond_Nolan53", "55", "2"),
       ("Richmond_Nolan53", "59", "2"),
       ("Richmond_Nolan53", "60", "2"),
       ("Richmond_Nolan53", "61", "2"),
       ("Richmond_Nolan53", "62", "1"),
       ("Richmond_Nolan53", "63", "2"),
       ("Richmond_Nolan53", "66", "1"),
       ("Richmond_Nolan53", "68", "2"),
       ("Richmond_Nolan53", "70", "1"),
       ("Richmond_Nolan53", "71", "2"),
       ("Richmond_Nolan53", "72", "1"),
       ("Richmond_Nolan53", "73", "1"),
       ("Richmond_Nolan53", "79", "1"),
       ("Richmond_Nolan53", "82", "2"),
       ("Richmond_Nolan53", "85", "1"),
       ("Richmond_Nolan53", "89", "2"),
       ("Richmond_Nolan53", "91", "2"),
       ("Richmond_Nolan53", "92", "2"),
       ("Richmond_Nolan53", "93", "1"),
       ("Richmond_Nolan53", "95", "1"),
       ("Richmond_Nolan53", "98", "1"),
       ("Richmond_Nolan53", "99", "1"),
       ("Richmond_Nolan53", "100", "2"),
       ("Ashlee.Price27", "2", "2"),
       ("Ashlee.Price27", "4", "1"),
       ("Ashlee.Price27", "8", "1"),
       ("Ashlee.Price27", "11", "1"),
       ("Ashlee.Price27", "13", "2"),
       ("Ashlee.Price27", "19", "1"),
       ("Ashlee.Price27", "24", "1"),
       ("Ashlee.Price27", "27", "2"),
       ("Ashlee.Price27", "28", "1"),
       ("Ashlee.Price27", "29", "1"),
       ("Ashlee.Price27", "35", "2"),
       ("Ashlee.Price27", "41", "1"),
       ("Ashlee.Price27", "44", "1"),
       ("Ashlee.Price27", "45", "1"),
       ("Ashlee.Price27", "47", "1"),
       ("Ashlee.Price27", "48", "2"),
       ("Ashlee.Price27", "51", "2"),
       ("Ashlee.Price27", "54", "1"),
       ("Ashlee.Price27", "59", "2"),
       ("Ashlee.Price27", "61", "1"),
       ("Ashlee.Price27", "70", "1"),
       ("Ashlee.Price27", "72", "2"),
       ("Ashlee.Price27", "74", "2"),
       ("Ashlee.Price27", "88", "2"),
       ("Ashlee.Price27", "90", "1"),
       ("Ashlee.Price27", "92", "1"),
       ("Ashlee.Price27", "93", "1"),
       ("Ashlee.Price27", "95", "2"),
       ("Ashlee.Price27", "97", "2"),
       ("Ashlee.Price27", "99", "1"),
       ("Rudolph.Armstrong", "2", "1"),
       ("Rudolph.Armstrong", "3", "1"),
       ("Rudolph.Armstrong", "6", "2"),
       ("Rudolph.Armstrong", "7", "2"),
       ("Rudolph.Armstrong", "9", "1"),
       ("Rudolph.Armstrong", "10", "2"),
       ("Rudolph.Armstrong", "12", "2"),
       ("Rudolph.Armstrong", "13", "2"),
       ("Rudolph.Armstrong", "14", "1"),
       ("Rudolph.Armstrong", "17", "1"),
       ("Rudolph.Armstrong", "18", "1"),
       ("Rudolph.Armstrong", "20", "1"),
       ("Rudolph.Armstrong", "21", "1"),
       ("Rudolph.Armstrong", "22", "2"),
       ("Rudolph.Armstrong", "23", "2"),
       ("Rudolph.Armstrong", "24", "1"),
       ("Rudolph.Armstrong", "25", "1"),
       ("Rudolph.Armstrong", "28", "2"),
       ("Rudolph.Armstrong", "33", "1"),
       ("Rudolph.Armstrong", "34", "2"),
       ("Rudolph.Armstrong", "35", "2"),
       ("Rudolph.Armstrong", "38", "1"),
       ("Rudolph.Armstrong", "39", "2"),
       ("Rudolph.Armstrong", "43", "2"),
       ("Rudolph.Armstrong", "44", "1"),
       ("Rudolph.Armstrong", "45", "2"),
       ("Rudolph.Armstrong", "47", "1"),
       ("Rudolph.Armstrong", "52", "2"),
       ("Rudolph.Armstrong", "53", "2"),
       ("Rudolph.Armstrong", "54", "1"),
       ("Rudolph.Armstrong", "55", "1"),
       ("Rudolph.Armstrong", "59", "2"),
       ("Rudolph.Armstrong", "60", "1"),
       ("Rudolph.Armstrong", "61", "2"),
       ("Rudolph.Armstrong", "62", "2"),
       ("Rudolph.Armstrong", "63", "1"),
       ("Rudolph.Armstrong", "66", "2"),
       ("Rudolph.Armstrong", "69", "1"),
       ("Rudolph.Armstrong", "72", "2"),
       ("Rudolph.Armstrong", "73", "2"),
       ("Rudolph.Armstrong", "75", "1"),
       ("Rudolph.Armstrong", "76", "2"),
       ("Rudolph.Armstrong", "77", "2"),
       ("Rudolph.Armstrong", "78", "1"),
       ("Rudolph.Armstrong", "79", "2"),
       ("Rudolph.Armstrong", "80", "1"),
       ("Rudolph.Armstrong", "84", "1"),
       ("Rudolph.Armstrong", "86", "2"),
       ("Rudolph.Armstrong", "89", "1"),
       ("Rudolph.Armstrong", "91", "1"),
       ("Rudolph.Armstrong", "100", "1"),
       ("Clifford.Hermann", "2", "2"),
       ("Clifford.Hermann", "8", "2"),
       ("Clifford.Hermann", "9", "2"),
       ("Clifford.Hermann", "10", "1"),
       ("Clifford.Hermann", "11", "2"),
       ("Clifford.Hermann", "13", "1"),
       ("Clifford.Hermann", "15", "1"),
       ("Clifford.Hermann", "16", "2"),
       ("Clifford.Hermann", "24", "1"),
       ("Clifford.Hermann", "26", "2"),
       ("Clifford.Hermann", "33", "2"),
       ("Clifford.Hermann", "35", "2"),
       ("Clifford.Hermann", "38", "1"),
       ("Clifford.Hermann", "43", "1"),
       ("Clifford.Hermann", "47", "1"),
       ("Clifford.Hermann", "48", "1"),
       ("Clifford.Hermann", "51", "2"),
       ("Clifford.Hermann", "55", "2"),
       ("Clifford.Hermann", "57", "2"),
       ("Clifford.Hermann", "59", "2"),
       ("Clifford.Hermann", "60", "1"),
       ("Clifford.Hermann", "64", "2"),
       ("Clifford.Hermann", "70", "2"),
       ("Clifford.Hermann", "75", "1"),
       ("Clifford.Hermann", "79", "2"),
       ("Clifford.Hermann", "80", "1"),
       ("Clifford.Hermann", "86", "2"),
       ("Clifford.Hermann", "87", "1"),
       ("Clifford.Hermann", "89", "2"),
       ("Clifford.Hermann", "91", "2"),
       ("Clifford.Hermann", "95", "2"),
       ("Clifford.Hermann", "98", "1"),
       ("Clifford.Hermann", "99", "2"),
       ("Cristal_Dickinson", "1", "2"),
       ("Cristal_Dickinson", "6", "1"),
       ("Cristal_Dickinson", "12", "2"),
       ("Cristal_Dickinson", "17", "2"),
       ("Cristal_Dickinson", "18", "1"),
       ("Cristal_Dickinson", "20", "1"),
       ("Cristal_Dickinson", "21", "1"),
       ("Cristal_Dickinson", "22", "1"),
       ("Cristal_Dickinson", "27", "2"),
       ("Cristal_Dickinson", "29", "1"),
       ("Cristal_Dickinson", "33", "1"),
       ("Cristal_Dickinson", "35", "2"),
       ("Cristal_Dickinson", "39", "1"),
       ("Cristal_Dickinson", "43", "1"),
       ("Cristal_Dickinson", "44", "2"),
       ("Cristal_Dickinson", "46", "2"),
       ("Cristal_Dickinson", "47", "2"),
       ("Cristal_Dickinson", "50", "2"),
       ("Cristal_Dickinson", "53", "1"),
       ("Cristal_Dickinson", "54", "1"),
       ("Cristal_Dickinson", "55", "1"),
       ("Cristal_Dickinson", "57", "2"),
       ("Cristal_Dickinson", "59", "1"),
       ("Cristal_Dickinson", "61", "2"),
       ("Cristal_Dickinson", "62", "1"),
       ("Cristal_Dickinson", "63", "2"),
       ("Cristal_Dickinson", "65", "2"),
       ("Cristal_Dickinson", "68", "2"),
       ("Cristal_Dickinson", "70", "1"),
       ("Cristal_Dickinson", "75", "1"),
       ("Cristal_Dickinson", "76", "2"),
       ("Cristal_Dickinson", "81", "1"),
       ("Cristal_Dickinson", "82", "1"),
       ("Cristal_Dickinson", "83", "2"),
       ("Cristal_Dickinson", "85", "1"),
       ("Cristal_Dickinson", "86", "1"),
       ("Cristal_Dickinson", "87", "1"),
       ("Cristal_Dickinson", "89", "1"),
       ("Cristal_Dickinson", "90", "2"),
       ("Cristal_Dickinson", "91", "2"),
       ("Cristal_Dickinson", "94", "2"),
       ("Cristal_Dickinson", "99", "2"),
       ("Asha61", "1", "1"),
       ("Asha61", "5", "2"),
       ("Asha61", "13", "2"),
       ("Asha61", "17", "1"),
       ("Asha61", "21", "1"),
       ("Asha61", "22", "2"),
       ("Asha61", "27", "1"),
       ("Asha61", "32", "2"),
       ("Asha61", "34", "1"),
       ("Asha61", "39", "2"),
       ("Asha61", "43", "1"),
       ("Asha61", "45", "1"),
       ("Asha61", "48", "1"),
       ("Asha61", "51", "1"),
       ("Asha61", "52", "1"),
       ("Asha61", "53", "1"),
       ("Asha61", "58", "1"),
       ("Asha61", "61", "1"),
       ("Asha61", "63", "2"),
       ("Asha61", "64", "2"),
       ("Asha61", "68", "2"),
       ("Asha61", "69", "2"),
       ("Asha61", "71", "2"),
       ("Asha61", "72", "2"),
       ("Asha61", "73", "2"),
       ("Asha61", "79", "2"),
       ("Asha61", "80", "2"),
       ("Asha61", "82", "1"),
       ("Asha61", "85", "1"),
       ("Asha61", "88", "1"),
       ("Asha61", "90", "1"),
       ("Asha61", "92", "1"),
       ("Asha61", "93", "2"),
       ("Asha61", "98", "1"),
       ("Ashly_Kassulke45", "2", "1"),
       ("Ashly_Kassulke45", "6", "1"),
       ("Ashly_Kassulke45", "9", "2"),
       ("Ashly_Kassulke45", "10", "1"),
       ("Ashly_Kassulke45", "12", "1"),
       ("Ashly_Kassulke45", "15", "1"),
       ("Ashly_Kassulke45", "17", "1"),
       ("Ashly_Kassulke45", "19", "1"),
       ("Ashly_Kassulke45", "21", "2"),
       ("Ashly_Kassulke45", "23", "1"),
       ("Ashly_Kassulke45", "24", "1"),
       ("Ashly_Kassulke45", "25", "2"),
       ("Ashly_Kassulke45", "26", "2"),
       ("Ashly_Kassulke45", "32", "1"),
       ("Ashly_Kassulke45", "37", "2"),
       ("Ashly_Kassulke45", "39", "1"),
       ("Ashly_Kassulke45", "40", "1"),
       ("Ashly_Kassulke45", "46", "1"),
       ("Ashly_Kassulke45", "47", "2"),
       ("Ashly_Kassulke45", "48", "1"),
       ("Ashly_Kassulke45", "49", "1"),
       ("Ashly_Kassulke45", "53", "2"),
       ("Ashly_Kassulke45", "56", "2"),
       ("Ashly_Kassulke45", "58", "1"),
       ("Ashly_Kassulke45", "60", "1"),
       ("Ashly_Kassulke45", "62", "2"),
       ("Ashly_Kassulke45", "63", "2"),
       ("Ashly_Kassulke45", "66", "1"),
       ("Ashly_Kassulke45", "73", "2"),
       ("Ashly_Kassulke45", "75", "1"),
       ("Ashly_Kassulke45", "76", "2"),
       ("Ashly_Kassulke45", "78", "1"),
       ("Ashly_Kassulke45", "79", "2"),
       ("Ashly_Kassulke45", "86", "2"),
       ("Ashly_Kassulke45", "87", "1"),
       ("Ashly_Kassulke45", "89", "1"),
       ("Ashly_Kassulke45", "92", "2"),
       ("Ashly_Kassulke45", "94", "1"),
       ("Ashly_Kassulke45", "96", "2"),
       ("Ashly_Kassulke45", "98", "2"),
       ("Ashly_Kassulke45", "99", "2"),
       ("Nicola.Berge", "2", "1"),
       ("Nicola.Berge", "6", "1"),
       ("Nicola.Berge", "7", "2"),
       ("Nicola.Berge", "9", "1"),
       ("Nicola.Berge", "11", "1"),
       ("Nicola.Berge", "14", "2"),
       ("Nicola.Berge", "18", "2"),
       ("Nicola.Berge", "22", "1"),
       ("Nicola.Berge", "23", "2"),
       ("Nicola.Berge", "27", "1"),
       ("Nicola.Berge", "28", "1"),
       ("Nicola.Berge", "34", "2"),
       ("Nicola.Berge", "36", "1"),
       ("Nicola.Berge", "37", "2"),
       ("Nicola.Berge", "39", "2"),
       ("Nicola.Berge", "40", "1"),
       ("Nicola.Berge", "41", "2"),
       ("Nicola.Berge", "42", "2"),
       ("Nicola.Berge", "43", "2"),
       ("Nicola.Berge", "45", "2"),
       ("Nicola.Berge", "46", "2"),
       ("Nicola.Berge", "47", "1"),
       ("Nicola.Berge", "49", "1"),
       ("Nicola.Berge", "57", "1"),
       ("Nicola.Berge", "58", "1"),
       ("Nicola.Berge", "60", "1"),
       ("Nicola.Berge", "61", "2"),
       ("Nicola.Berge", "63", "2"),
       ("Nicola.Berge", "67", "1"),
       ("Nicola.Berge", "74", "1"),
       ("Nicola.Berge", "76", "1"),
       ("Nicola.Berge", "78", "2"),
       ("Nicola.Berge", "80", "1"),
       ("Nicola.Berge", "81", "2"),
       ("Nicola.Berge", "92", "1"),
       ("Nicola.Berge", "96", "1"),
       ("Nicola.Berge", "97", "1"),
       ("Nicola.Berge", "99", "1"),
       ("Nicola.Berge", "100", "1"),
       ("Jessica90", "1", "2"),
       ("Jessica90", "2", "2"),
       ("Jessica90", "3", "1"),
       ("Jessica90", "5", "1"),
       ("Jessica90", "6", "2"),
       ("Jessica90", "10", "1"),
       ("Jessica90", "11", "2"),
       ("Jessica90", "18", "1"),
       ("Jessica90", "19", "1"),
       ("Jessica90", "22", "2"),
       ("Jessica90", "26", "2"),
       ("Jessica90", "31", "1"),
       ("Jessica90", "34", "2"),
       ("Jessica90", "38", "1"),
       ("Jessica90", "41", "1"),
       ("Jessica90", "42", "1"),
       ("Jessica90", "44", "2"),
       ("Jessica90", "47", "1"),
       ("Jessica90", "49", "2"),
       ("Jessica90", "53", "1"),
       ("Jessica90", "56", "1"),
       ("Jessica90", "60", "1"),
       ("Jessica90", "62", "2"),
       ("Jessica90", "63", "1"),
       ("Jessica90", "68", "2"),
       ("Jessica90", "69", "2"),
       ("Jessica90", "80", "2"),
       ("Jessica90", "83", "2"),
       ("Jessica90", "84", "1"),
       ("Jessica90", "88", "2"),
       ("Jessica90", "90", "1"),
       ("Jessica90", "96", "2"),
       ("Jeanie54", "1", "1"),
       ("Jeanie54", "4", "2"),
       ("Jeanie54", "6", "1"),
       ("Jeanie54", "7", "2"),
       ("Jeanie54", "9", "1"),
       ("Jeanie54", "10", "2"),
       ("Jeanie54", "14", "2"),
       ("Jeanie54", "15", "2"),
       ("Jeanie54", "23", "1"),
       ("Jeanie54", "24", "1"),
       ("Jeanie54", "27", "2"),
       ("Jeanie54", "30", "1"),
       ("Jeanie54", "31", "1"),
       ("Jeanie54", "37", "1"),
       ("Jeanie54", "43", "1"),
       ("Jeanie54", "44", "1"),
       ("Jeanie54", "45", "2"),
       ("Jeanie54", "46", "1"),
       ("Jeanie54", "47", "1"),
       ("Jeanie54", "50", "1"),
       ("Jeanie54", "51", "1"),
       ("Jeanie54", "62", "1"),
       ("Jeanie54", "63", "1"),
       ("Jeanie54", "71", "2"),
       ("Jeanie54", "72", "1"),
       ("Jeanie54", "73", "2"),
       ("Jeanie54", "74", "2"),
       ("Jeanie54", "75", "1"),
       ("Jeanie54", "77", "1"),
       ("Jeanie54", "78", "2"),
       ("Jeanie54", "79", "1"),
       ("Jeanie54", "80", "2"),
       ("Jeanie54", "81", "2"),
       ("Jeanie54", "83", "2"),
       ("Jeanie54", "84", "2"),
       ("Jeanie54", "86", "1"),
       ("Jeanie54", "87", "1"),
       ("Jeanie54", "91", "1"),
       ("Jeanie54", "93", "1"),
       ("Jeanie54", "96", "1"),
       ("Jeanie54", "97", "1"),
       ("Jeanie54", "100", "1"),
       ("Loraine11", "2", "2"),
       ("Loraine11", "7", "1"),
       ("Loraine11", "11", "2"),
       ("Loraine11", "13", "2"),
       ("Loraine11", "17", "1"),
       ("Loraine11", "26", "2"),
       ("Loraine11", "28", "1"),
       ("Loraine11", "29", "1"),
       ("Loraine11", "30", "2"),
       ("Loraine11", "31", "1"),
       ("Loraine11", "32", "2"),
       ("Loraine11", "34", "2"),
       ("Loraine11", "36", "1"),
       ("Loraine11", "37", "2"),
       ("Loraine11", "38", "1"),
       ("Loraine11", "44", "1"),
       ("Loraine11", "45", "1"),
       ("Loraine11", "47", "1"),
       ("Loraine11", "48", "1"),
       ("Loraine11", "50", "1"),
       ("Loraine11", "54", "2"),
       ("Loraine11", "58", "2"),
       ("Loraine11", "63", "2"),
       ("Loraine11", "64", "1"),
       ("Loraine11", "68", "1"),
       ("Loraine11", "75", "1"),
       ("Loraine11", "77", "2"),
       ("Loraine11", "79", "1"),
       ("Loraine11", "80", "2"),
       ("Loraine11", "81", "2"),
       ("Loraine11", "86", "1"),
       ("Loraine11", "88", "1"),
       ("Loraine11", "89", "2"),
       ("Loraine11", "94", "1"),
       ("Loraine11", "96", "1"),
       ("Loraine11", "97", "1"),
       ("Loraine11", "99", "1"),
       ("Loraine11", "100", "2"),
       ("Hortense.Cummerata96", "3", "2"),
       ("Hortense.Cummerata96", "5", "2"),
       ("Hortense.Cummerata96", "7", "1"),
       ("Hortense.Cummerata96", "12", "2"),
       ("Hortense.Cummerata96", "13", "1"),
       ("Hortense.Cummerata96", "14", "2"),
       ("Hortense.Cummerata96", "15", "2"),
       ("Hortense.Cummerata96", "16", "2"),
       ("Hortense.Cummerata96", "23", "2"),
       ("Hortense.Cummerata96", "26", "1"),
       ("Hortense.Cummerata96", "27", "2"),
       ("Hortense.Cummerata96", "36", "2"),
       ("Hortense.Cummerata96", "37", "2"),
       ("Hortense.Cummerata96", "44", "2"),
       ("Hortense.Cummerata96", "46", "1"),
       ("Hortense.Cummerata96", "47", "2"),
       ("Hortense.Cummerata96", "49", "2"),
       ("Hortense.Cummerata96", "55", "1"),
       ("Hortense.Cummerata96", "56", "2"),
       ("Hortense.Cummerata96", "58", "2"),
       ("Hortense.Cummerata96", "66", "2"),
       ("Hortense.Cummerata96", "68", "1"),
       ("Hortense.Cummerata96", "69", "1"),
       ("Hortense.Cummerata96", "71", "1"),
       ("Hortense.Cummerata96", "72", "2"),
       ("Hortense.Cummerata96", "73", "2"),
       ("Hortense.Cummerata96", "74", "2"),
       ("Hortense.Cummerata96", "75", "1"),
       ("Hortense.Cummerata96", "76", "1"),
       ("Hortense.Cummerata96", "78", "2"),
       ("Hortense.Cummerata96", "79", "2"),
       ("Hortense.Cummerata96", "82", "1"),
       ("Hortense.Cummerata96", "83", "2"),
       ("Hortense.Cummerata96", "86", "1"),
       ("Hortense.Cummerata96", "87", "2"),
       ("Hortense.Cummerata96", "89", "2"),
       ("Hortense.Cummerata96", "91", "1"),
       ("Hortense.Cummerata96", "93", "1"),
       ("Mireille.Fay", "3", "2"),
       ("Mireille.Fay", "8", "2"),
       ("Mireille.Fay", "11", "2"),
       ("Mireille.Fay", "14", "2"),
       ("Mireille.Fay", "16", "2"),
       ("Mireille.Fay", "18", "1"),
       ("Mireille.Fay", "21", "2"),
       ("Mireille.Fay", "22", "1"),
       ("Mireille.Fay", "23", "2"),
       ("Mireille.Fay", "24", "1"),
       ("Mireille.Fay", "26", "2"),
       ("Mireille.Fay", "33", "1"),
       ("Mireille.Fay", "36", "2"),
       ("Mireille.Fay", "46", "1"),
       ("Mireille.Fay", "47", "1"),
       ("Mireille.Fay", "52", "1"),
       ("Mireille.Fay", "53", "2"),
       ("Mireille.Fay", "54", "1"),
       ("Mireille.Fay", "55", "2"),
       ("Mireille.Fay", "57", "1"),
       ("Mireille.Fay", "58", "1"),
       ("Mireille.Fay", "61", "1"),
       ("Mireille.Fay", "65", "1"),
       ("Mireille.Fay", "67", "2"),
       ("Mireille.Fay", "71", "1"),
       ("Mireille.Fay", "72", "2"),
       ("Mireille.Fay", "74", "2"),
       ("Mireille.Fay", "76", "2"),
       ("Mireille.Fay", "78", "2"),
       ("Mireille.Fay", "80", "2"),
       ("Mireille.Fay", "82", "1"),
       ("Mireille.Fay", "84", "2"),
       ("Mireille.Fay", "85", "2"),
       ("Mireille.Fay", "88", "2"),
       ("Mireille.Fay", "89", "1"),
       ("Mireille.Fay", "95", "1"),
       ("Mireille.Fay", "99", "2"),
       ("Mireille.Fay", "100", "2"),
       ("Karli_Stehr", "1", "1"),
       ("Karli_Stehr", "3", "2"),
       ("Karli_Stehr", "5", "2"),
       ("Karli_Stehr", "7", "1"),
       ("Karli_Stehr", "10", "1"),
       ("Karli_Stehr", "11", "2"),
       ("Karli_Stehr", "12", "1"),
       ("Karli_Stehr", "16", "1"),
       ("Karli_Stehr", "17", "2"),
       ("Karli_Stehr", "19", "1"),
       ("Karli_Stehr", "22", "2"),
       ("Karli_Stehr", "24", "2"),
       ("Karli_Stehr", "28", "2"),
       ("Karli_Stehr", "29", "2"),
       ("Karli_Stehr", "30", "1"),
       ("Karli_Stehr", "31", "1"),
       ("Karli_Stehr", "32", "1"),
       ("Karli_Stehr", "34", "2"),
       ("Karli_Stehr", "35", "2"),
       ("Karli_Stehr", "36", "1"),
       ("Karli_Stehr", "42", "1"),
       ("Karli_Stehr", "43", "2"),
       ("Karli_Stehr", "54", "1"),
       ("Karli_Stehr", "56", "1"),
       ("Karli_Stehr", "57", "2"),
       ("Karli_Stehr", "61", "2"),
       ("Karli_Stehr", "63", "1"),
       ("Karli_Stehr", "74", "2"),
       ("Karli_Stehr", "75", "2"),
       ("Karli_Stehr", "81", "1"),
       ("Karli_Stehr", "82", "2"),
       ("Karli_Stehr", "89", "2"),
       ("Karli_Stehr", "90", "1"),
       ("Karli_Stehr", "92", "2"),
       ("Karli_Stehr", "93", "1"),
       ("Karli_Stehr", "97", "2"),
       ("Karli_Stehr", "99", "2"),
       ("Chesley.Kautzer39", "1", "2"),
       ("Chesley.Kautzer39", "4", "2"),
       ("Chesley.Kautzer39", "5", "2"),
       ("Chesley.Kautzer39", "10", "1"),
       ("Chesley.Kautzer39", "12", "1"),
       ("Chesley.Kautzer39", "21", "1"),
       ("Chesley.Kautzer39", "27", "2"),
       ("Chesley.Kautzer39", "28", "1"),
       ("Chesley.Kautzer39", "31", "1"),
       ("Chesley.Kautzer39", "33", "2"),
       ("Chesley.Kautzer39", "34", "1"),
       ("Chesley.Kautzer39", "37", "2"),
       ("Chesley.Kautzer39", "41", "2"),
       ("Chesley.Kautzer39", "42", "1"),
       ("Chesley.Kautzer39", "45", "1"),
       ("Chesley.Kautzer39", "46", "1"),
       ("Chesley.Kautzer39", "48", "2"),
       ("Chesley.Kautzer39", "50", "1"),
       ("Chesley.Kautzer39", "52", "2"),
       ("Chesley.Kautzer39", "53", "2"),
       ("Chesley.Kautzer39", "54", "1"),
       ("Chesley.Kautzer39", "55", "1"),
       ("Chesley.Kautzer39", "58", "1"),
       ("Chesley.Kautzer39", "59", "2"),
       ("Chesley.Kautzer39", "62", "2"),
       ("Chesley.Kautzer39", "63", "1"),
       ("Chesley.Kautzer39", "72", "1"),
       ("Chesley.Kautzer39", "77", "1"),
       ("Chesley.Kautzer39", "79", "2"),
       ("Chesley.Kautzer39", "81", "1"),
       ("Chesley.Kautzer39", "82", "2"),
       ("Chesley.Kautzer39", "83", "2"),
       ("Chesley.Kautzer39", "84", "1"),
       ("Chesley.Kautzer39", "87", "1"),
       ("Chesley.Kautzer39", "91", "1"),
       ("Chesley.Kautzer39", "95", "2"),
       ("Chesley.Kautzer39", "97", "1"),
       ("Gladys76", "4", "1"),
       ("Gladys76", "6", "2"),
       ("Gladys76", "7", "2"),
       ("Gladys76", "8", "1"),
       ("Gladys76", "13", "1"),
       ("Gladys76", "14", "1"),
       ("Gladys76", "15", "2"),
       ("Gladys76", "16", "2"),
       ("Gladys76", "17", "2"),
       ("Gladys76", "20", "2"),
       ("Gladys76", "21", "1"),
       ("Gladys76", "23", "1"),
       ("Gladys76", "25", "2"),
       ("Gladys76", "26", "2"),
       ("Gladys76", "28", "2"),
       ("Gladys76", "31", "1"),
       ("Gladys76", "33", "2"),
       ("Gladys76", "35", "1"),
       ("Gladys76", "36", "1"),
       ("Gladys76", "38", "1"),
       ("Gladys76", "40", "1"),
       ("Gladys76", "45", "1"),
       ("Gladys76", "47", "1"),
       ("Gladys76", "49", "2"),
       ("Gladys76", "52", "2"),
       ("Gladys76", "55", "2"),
       ("Gladys76", "66", "2"),
       ("Gladys76", "67", "2"),
       ("Gladys76", "68", "2"),
       ("Gladys76", "70", "1"),
       ("Gladys76", "73", "2"),
       ("Gladys76", "74", "2"),
       ("Gladys76", "75", "1"),
       ("Gladys76", "80", "1"),
       ("Gladys76", "83", "2"),
       ("Gladys76", "85", "2"),
       ("Gladys76", "88", "1"),
       ("Gladys76", "90", "2"),
       ("Gladys76", "91", "1"),
       ("Gladys76", "92", "1"),
       ("Gladys76", "94", "1"),
       ("Gladys76", "100", "1"),
       ("Grace.Bogan50", "2", "1"),
       ("Grace.Bogan50", "3", "2"),
       ("Grace.Bogan50", "4", "1"),
       ("Grace.Bogan50", "5", "2"),
       ("Grace.Bogan50", "8", "2"),
       ("Grace.Bogan50", "11", "2"),
       ("Grace.Bogan50", "13", "1"),
       ("Grace.Bogan50", "16", "2"),
       ("Grace.Bogan50", "21", "2"),
       ("Grace.Bogan50", "22", "2"),
       ("Grace.Bogan50", "23", "2"),
       ("Grace.Bogan50", "24", "1"),
       ("Grace.Bogan50", "27", "1"),
       ("Grace.Bogan50", "28", "2"),
       ("Grace.Bogan50", "34", "1"),
       ("Grace.Bogan50", "36", "1"),
       ("Grace.Bogan50", "39", "1"),
       ("Grace.Bogan50", "46", "2"),
       ("Grace.Bogan50", "48", "2"),
       ("Grace.Bogan50", "49", "2"),
       ("Grace.Bogan50", "52", "1"),
       ("Grace.Bogan50", "53", "1"),
       ("Grace.Bogan50", "54", "1"),
       ("Grace.Bogan50", "56", "1"),
       ("Grace.Bogan50", "60", "1"),
       ("Grace.Bogan50", "62", "1"),
       ("Grace.Bogan50", "67", "1"),
       ("Grace.Bogan50", "68", "1"),
       ("Grace.Bogan50", "69", "1"),
       ("Grace.Bogan50", "71", "2"),
       ("Grace.Bogan50", "72", "1"),
       ("Grace.Bogan50", "75", "1"),
       ("Grace.Bogan50", "78", "2"),
       ("Grace.Bogan50", "79", "1"),
       ("Grace.Bogan50", "81", "1"),
       ("Grace.Bogan50", "83", "2"),
       ("Grace.Bogan50", "84", "1"),
       ("Grace.Bogan50", "85", "2"),
       ("Grace.Bogan50", "86", "1"),
       ("Grace.Bogan50", "92", "2"),
       ("Grace.Bogan50", "95", "2"),
       ("Grace.Bogan50", "97", "1"),
       ("Grace.Bogan50", "99", "1"),
       ("Grace.Bogan50", "100", "2"),
       ("Jeremie.Dietrich", "2", "2"),
       ("Jeremie.Dietrich", "7", "2"),
       ("Jeremie.Dietrich", "8", "1"),
       ("Jeremie.Dietrich", "10", "2"),
       ("Jeremie.Dietrich", "14", "2"),
       ("Jeremie.Dietrich", "22", "1"),
       ("Jeremie.Dietrich", "28", "2"),
       ("Jeremie.Dietrich", "31", "1"),
       ("Jeremie.Dietrich", "34", "2"),
       ("Jeremie.Dietrich", "36", "2"),
       ("Jeremie.Dietrich", "42", "2"),
       ("Jeremie.Dietrich", "43", "1"),
       ("Jeremie.Dietrich", "46", "2"),
       ("Jeremie.Dietrich", "50", "1"),
       ("Jeremie.Dietrich", "52", "1"),
       ("Jeremie.Dietrich", "56", "1"),
       ("Jeremie.Dietrich", "58", "1"),
       ("Jeremie.Dietrich", "62", "2"),
       ("Jeremie.Dietrich", "63", "2"),
       ("Jeremie.Dietrich", "64", "1"),
       ("Jeremie.Dietrich", "65", "1"),
       ("Jeremie.Dietrich", "66", "1"),
       ("Jeremie.Dietrich", "68", "1"),
       ("Jeremie.Dietrich", "69", "1"),
       ("Jeremie.Dietrich", "71", "2"),
       ("Jeremie.Dietrich", "75", "1"),
       ("Jeremie.Dietrich", "78", "1"),
       ("Jeremie.Dietrich", "79", "1"),
       ("Jeremie.Dietrich", "82", "2"),
       ("Jeremie.Dietrich", "87", "2"),
       ("Jeremie.Dietrich", "89", "1"),
       ("Jeremie.Dietrich", "91", "1"),
       ("Jeremie.Dietrich", "92", "1"),
       ("Jeremie.Dietrich", "94", "2"),
       ("Jeremie.Dietrich", "95", "1"),
       ("Jeremie.Dietrich", "97", "2"),
       ("Jeremie.Dietrich", "98", "2"),
       ("Beaulah48", "4", "1"),
       ("Beaulah48", "9", "2"),
       ("Beaulah48", "11", "2"),
       ("Beaulah48", "16", "2"),
       ("Beaulah48", "17", "1"),
       ("Beaulah48", "19", "1"),
       ("Beaulah48", "20", "1"),
       ("Beaulah48", "24", "2"),
       ("Beaulah48", "26", "1"),
       ("Beaulah48", "28", "2"),
       ("Beaulah48", "36", "2"),
       ("Beaulah48", "45", "2"),
       ("Beaulah48", "49", "1"),
       ("Beaulah48", "57", "2"),
       ("Beaulah48", "58", "1"),
       ("Beaulah48", "59", "2"),
       ("Beaulah48", "63", "1"),
       ("Beaulah48", "66", "2"),
       ("Beaulah48", "67", "2"),
       ("Beaulah48", "68", "1"),
       ("Beaulah48", "70", "1"),
       ("Beaulah48", "76", "2"),
       ("Beaulah48", "79", "1"),
       ("Beaulah48", "80", "2"),
       ("Beaulah48", "83", "2"),
       ("Beaulah48", "89", "1"),
       ("Beaulah48", "90", "2"),
       ("Beaulah48", "94", "2"),
       ("Beaulah48", "95", "1"),
       ("Beaulah48", "100", "2");
