

-- Insert Statements for USER
insert into USER (Username, CreatedTime, Birthday, Description, Location, Hash, Salt)
VALUES("Brenda.Sipes89", "2022-11-11T13:36:31.983Z", "2003-12-22", "Doloribus maiores ratione tenetur.", "Madelineborough", "24627059bb5b7dd7c13c50f547f01b7516463bdabbbc22449d9e087d7cab3a45566df952801cdded8a0e48cef144af9f28fb1baeb1aa7160904ae20065b91573", "83193a5ce8ef64ea606ff337d45dbcb9"),
       ("Piper_Lindgren", "2022-12-30T07:25:26.379Z", "2003-09-22", "Quos culpa consequuntur velit delectus debitis numquam.", "Wehnerberg", "ee69db1a0cb36a26a6b9eda32f39a13fa8cf88eb01f428d8ade1fa8a5d1f00bac502df0290bf4251880a0e39375415abe21954a426b8ee90517cc1fbc7f096a0", "1f12981069c05ff7fc6f6ec6ca6f499e"),
       ("Marjory.Balistreri", "2023-01-02T22:21:33.933Z", "2007-12-15", "At occaecati laudantium inventore illum quibusdam occaecati aliquam voluptate sed.", "New Ardith", "dbf55c981118b757ec62c23bda606dda308f0e61f14d7f92096f4e5b21f6b64f7351109c465595c54231c8396e784b86ea427ef4fba1e118df134c71b7308f17", "14a688b908bd925501c614e9939aca7c"),
       ("Alvis94", "2022-08-09T15:15:28.403Z", "1990-06-27", "Incidunt animi dicta molestiae vel quaerat mollitia corporis ad repellat.", "Candelarioside", "898a48f2f5b8b06bccc8765963b50c51564df2b61460aa86cae5a2cb9d5df4760fdda348aac0bd57e96482109dcfdde8e5d8d3a62a161e207cf5984bcba7fd6b", "3bf8ea5f2bfac36f25e45f1477775136"),
       ("Mozelle61", "2022-06-04T14:24:22.868Z", "1992-04-13", "Commodi voluptatum eaque vitae deleniti.", "Deerfield Beach", "f2ceaa5c692c52273494dbffc4a9eb0607065ff44e34845688f079bc28d5f6005dfaef1ab2abdda6e4000e9f064e1bb49afa834052bf88cfa2594b1c757f095a", "bf8e1d2916dab7d31e2cc54041a0654b"),
       ("Gerda15", "2023-03-11T23:56:18.483Z", "1996-04-01", "Accusantium minima doloribus ab dolorem consequuntur.", "Millsberg", "27b0626cd02d6b793651c35f021496c4fc173de4ca402c0a184074a4a14dc57ca023e8b8bb7f6826982a41dc3cc7e03ab85101b8b69461ed579fac3bd855f96b", "4408f6288d57842ff06c0cc49c3c2131"),
       ("Estelle.Tremblay20", "2022-05-02T18:46:55.349Z", "2012-10-19", "Velit voluptatibus eius molestias.", "Renehaven", "a974b79288a85d65a4faaaccc6bd485c04594a71da112e94fbcd40a118dde9265f4afa9000e4d383dde31e5eb08ef3a02d8dae5e5197abb15c62dcdebaa5d109", "2b7932797e5268831713153a1e718b2c"),
       ("Abner16", "2022-09-11T04:10:27.449Z", "1980-11-22", "Nihil optio sed quos voluptatum debitis eum.", "New Zelma", "67afb5461cc7eb4a941403133a21b2af19ba0b97b45b0bf1cc7edfce28f02d262dbcefedf0a2ae1d79bdf5fdaeea0f6a09ec37295c3f99fc4c83d0f2a8d5dd0d", "e62443d6af69664ba911d62b28d86fe1"),
       ("Lynn.Larkin33", "2022-08-06T09:52:07.909Z", "2008-02-05", "Maiores nemo odio beatae amet possimus nesciunt itaque nostrum sit.", "South Easterhaven", "088c9f05ee9323897ace358366b33b36aa4ac6ad02c203e6659095b65ca310db4751d5b4eda151619d0f49dbe5203411272641935ef2ec8722e35f062edde286", "09ea0224de59260e8eaeccae72384bd7"),
       ("Coby_Bradtke95", "2022-09-26T15:58:37.391Z", "2015-03-12", "Et ducimus itaque quas.", "New Jackeline", "b89ee230ad5e51f20fd38d89179cfd650e6a08bf868a0033b556e51bd2c05d44aac202581a46d019fb1925a2270614804b0117a56c68b49bb1990767e10f225c", "8fbf0b7bd949f7bf3f2154e206c16518"),
       ("Kyle89", "2022-06-22T21:18:13.838Z", "1994-09-25", "Architecto reiciendis quam quia in maiores.", "South Andrewport", "d69612c3ac3956e9556b2600d27cfe6e4cd9cde1da252a309d2e4c7d127d2c2b680aad9f82f67ebf22318f88bd7c18d2e1f1b456a3ec0b07dbed041f0cb23984", "78347cc815eb4d128d6594f2d0ed5bad"),
       ("Rodrigo_Johnston64", "2023-04-11T11:23:32.940Z", "2022-11-22", "Exercitationem adipisci iste.", "Henderson", "a6e801d0c03ab39fc1037a56b30a0228740f06bdd356530cf46ec254ff11b52c44501ac39eafb6313c7313d3893bb9401b4a8abf2c774dce06a57fcb9cacbde8", "5eb7fa6b340edc4155079ae566f38715"),
       ("Russell_Schultz", "2023-01-05T09:15:07.634Z", "2015-04-30", "Commodi repudiandae dignissimos.", "San Jose", "dc6ee606935d3b27b397fb4ee094c80a57811453d19b695613fe34c55c930975f526c999502f9245efce736e4027141c0414ab96d5ef62724d0a9a774d76a2e7", "a52bfb7994c07ca0a46f8239e11bae84"),
       ("Coy_Franecki8", "2022-10-13T06:53:43.615Z", "2018-11-26", "Iste optio cumque.", "Turcotteshire", "44764812db8eb05c288ade4938b0ff3515cf5f891763dd98ffe90787a01464bf15a9f54271996f79b5dc32b3646b919d9031a2665acb2c7feaf0f95cfadd044e", "abb7c3c329cc782a20d68944aea5c08e"),
       ("Junius_Cole55", "2023-03-29T18:43:43.561Z", "1996-10-21", "Explicabo optio quis molestiae sed veritatis aspernatur cupiditate.", "North Little Rock", "538e7eea86bebf5b48dab05fd280d0960955ce2aa7b6b0de961e279d65efbb9bd4d37a70e343b5e3b244313d7540ec83f77ff99f6a266ba9e53f635323022167", "102b54321ff332c9e1d4ebb2042a87a4"),
       ("Wilber.King62", "2022-10-15T06:01:07.863Z", "2003-01-30", "Eos quaerat natus nobis consequuntur sapiente ipsum.", "Naperville", "0583d6bb93dc26e3a409624b00e4ea9e1c6823dc844ad913cacf491005bb1b9d9424d05f37b46d938b9f3950778a9adbc35457f69f769caf2c5d184ae84dba4b", "42ed71cf9e828f3a68d8a5d28a4fbe9a"),
       ("Russ48", "2022-05-24T08:48:02.243Z", "1977-02-12", "Porro sint dicta laudantium mollitia ratione aliquid.", "North Bennie", "c9a5cf178869cf43f0124d8a7274df5f1351e1a9510ff3b2c6ce195224aa1ce9ae248042ff6794b48712261da7c7fd5d11f668411c3ab6d051716cb291f2d91b", "5f59d9954a2e4060451599594632ee9f"),
       ("Althea_Corkery3", "2022-05-03T08:07:32.142Z", "1994-12-30", "Enim itaque veniam dignissimos alias eaque quae ipsam.", "Fort Golda", "8a3ffed5995eb2ea06163207e6693fba303b94c0db5b96fe51bb623bb4dd244035e1483302c64145eb46547c3c86b90533002f4b9008adf1e9b2652fb17799c9", "9a4226be0293c2c0a92db7e11235eda8"),
       ("Kaylee_Treutel", "2022-11-25T06:17:30.544Z", "2005-11-26", "Maiores dolore molestiae et.", "Oranfield", "3faad71175c1e650eff39b79bbbac31e981fbee2bfd71ad54d20055072b670f6d1be3f552ebc1d5041e09be1a9b85380085574ee5bcdd1fca804c993742a8ee6", "869469a4f4572b53c9cfebb53d7fa51a"),
       ("Ralph.Kub", "2023-01-26T13:44:28.413Z", "2002-08-25", "Enim nihil id aliquid nam voluptatem nihil.", "West Bryanastad", "e839fe2568844d3cac9f13427f6c0d3e3003017e4d22a7df8b7270c2b3aff747dd4af0110aecfd97e6ece9d587ea5187d2fa7b29c3f5b709a1ec53d285d638d9", "41395ae6dbd4659d87c8a0ea9775ae91");


-- Insert Statements for ExternalLinks
insert into ExternalLinks (Username, Link)
VALUES("Brenda.Sipes89", "http://cluttered-bootie.net"),
       ("Piper_Lindgren", "http://educated-log.biz"),
       ("Marjory.Balistreri", "https://orderly-perfection.net"),
       ("Alvis94", "https://interesting-veteran.com"),
       ("Mozelle61", "https://enlightened-delay.info"),
       ("Gerda15", "https://trim-illiteracy.name"),
       ("Estelle.Tremblay20", "https://whole-forelimb.info"),
       ("Abner16", "http://past-delay.net"),
       ("Lynn.Larkin33", "http://bewitched-mineshaft.info"),
       ("Coby_Bradtke95", "https://pristine-macaw.org"),
       ("Kyle89", "http://worldly-kiosk.biz"),
       ("Rodrigo_Johnston64", "http://sore-perfection.biz"),
       ("Russell_Schultz", "http://fabulous-software.net"),
       ("Coy_Franecki8", "https://major-manipulation.name"),
       ("Junius_Cole55", "http://polished-breast.com"),
       ("Wilber.King62", "http://edible-brother.com"),
       ("Russ48", "http://quick-witted-tile.biz"),
       ("Althea_Corkery3", "http://unknown-knife-edge.com"),
       ("Kaylee_Treutel", "https://short-airfare.name"),
       ("Ralph.Kub", "https://baggy-handsaw.org");


-- Insert Statements for URLSHORTENER
insert into URLSHORTENER (OriginalURL)
VALUES("https://second-interject.net"),
       ("https://far-off-revolution.info"),
       ("http://upright-aunt.com"),
       ("http://creative-dissonance.net"),
       ("http://solid-expose.info"),
       ("http://superb-heartwood.biz"),
       ("https://friendly-niche.info"),
       ("https://immense-dead.org"),
       ("http://even-vibraphone.org"),
       ("http://impure-afterthought.org"),
       ("http://full-flan.biz"),
       ("http://bogus-pancake.name"),
       ("http://distinct-feedback.info"),
       ("http://reflecting-clipper.biz"),
       ("http://fluid-stumbling.biz"),
       ("https://awful-cream.org"),
       ("http://luxurious-coupon.net"),
       ("http://lawful-fascia.org"),
       ("https://ornery-document.com"),
       ("http://authorized-decision-making.name"),
       ("http://shameless-trillion.name"),
       ("https://aromatic-strand.com"),
       ("https://demanding-traditionalism.com"),
       ("https://salty-favorite.net"),
       ("http://excited-departure.org"),
       ("http://blind-trace.name"),
       ("http://rural-mailbox.info"),
       ("http://bogus-walk.net"),
       ("https://exalted-show.com"),
       ("http://absolute-retrospective.name"),
       ("https://bulky-dome.org"),
       ("https://playful-inhibition.info"),
       ("http://flamboyant-probability.name"),
       ("http://kindhearted-cafe.biz"),
       ("http://quiet-diploma.com"),
       ("https://peppery-picturesque.name"),
       ("https://lovely-guava.biz"),
       ("https://vital-pan.biz"),
       ("https://attentive-reasoning.name"),
       ("http://prudent-killer.net"),
       ("https://ready-gravel.net"),
       ("https://yellowish-mop.biz"),
       ("http://colossal-cesspool.biz"),
       ("http://turbulent-hurricane.net"),
       ("https://bossy-voting.info"),
       ("http://euphoric-behalf.name"),
       ("https://outgoing-limb.org"),
       ("http://droopy-longboat.org"),
       ("http://splendid-pacemaker.org"),
       ("http://phony-dungeon.org"),
       ("http://cool-essay.info"),
       ("https://infantile-rice.org"),
       ("http://hard-sin.com"),
       ("http://these-contest.name"),
       ("http://peppery-generator.info"),
       ("http://gregarious-ectoderm.org"),
       ("https://nocturnal-programme.biz"),
       ("https://milky-ground.name"),
       ("https://agonizing-relaxation.biz"),
       ("https://stiff-leaker.name"),
       ("http://adventurous-double.name"),
       ("https://ill-humidity.biz"),
       ("http://unfolded-voter.name"),
       ("https://klutzy-oats.org"),
       ("https://lavish-element.biz"),
       ("https://woeful-separation.org"),
       ("http://rich-stadium.biz"),
       ("https://easy-going-rise.org"),
       ("http://false-chatter.com"),
       ("http://elderly-back.biz"),
       ("https://well-off-antigen.biz"),
       ("https://valid-middle.biz"),
       ("http://wry-corps.name"),
       ("http://cool-engineering.org"),
       ("http://unrealistic-barge.com"),
       ("http://pleasing-precedence.biz"),
       ("https://spotless-bayou.info"),
       ("http://some-barbiturate.name"),
       ("http://scholarly-someone.name"),
       ("https://criminal-verification.org"),
       ("http://untrue-ketch.biz"),
       ("http://roasted-belief.biz"),
       ("http://putrid-supply.info"),
       ("https://welcome-address.com"),
       ("http://enormous-lip.info"),
       ("http://crazy-apprehension.info"),
       ("https://impure-account.com"),
       ("https://striking-ballpark.org"),
       ("http://superb-verification.org"),
       ("https://wee-standpoint.net"),
       ("http://enchanting-book.net"),
       ("http://sneaky-agriculture.name"),
       ("https://lumpy-artifact.com"),
       ("https://short-term-shackle.com"),
       ("https://silly-heating.name"),
       ("https://real-aquifer.net"),
       ("https://adorable-lumber.name"),
       ("http://smoggy-traditionalism.org"),
       ("http://acceptable-meteor.org"),
       ("http://considerate-maintainer.com");


-- Insert Statements for HASHTAG
insert into HASHTAG (Tag)
VALUES("#debitis"),
       ("#possimus"),
       ("#error"),
       ("#labore"),
       ("#vero"),
       ("#vitae"),
       ("#quasi."),
       ("#autem"),
       ("#dolorem"),
       ("#sit"),
       ("#harum"),
       ("#accusamus"),
       ("#ducimus"),
       ("#officia"),
       ("#nulla"),
       ("#numquam."),
       ("#perspiciatis"),
       ("#in"),
       ("#dolores"),
       ("#provident."),
       ("#rem"),
       ("#soluta."),
       ("#magni"),
       ("#pariatur."),
       ("#corporis"),
       ("#voluptas"),
       ("#ea"),
       ("#sapiente"),
       ("#pariatur"),
       ("#ab"),
       ("#architecto"),
       ("#impedit."),
       ("#culpa"),
       ("#totam"),
       ("#incidunt"),
       ("#minima"),
       ("#ullam"),
       ("#maxime"),
       ("#at"),
       ("#earum"),
       ("#quasi"),
       ("#rerum"),
       ("#ipsam"),
       ("#veniam"),
       ("#quo"),
       ("#perferendis"),
       ("#similique"),
       ("#sequi"),
       ("#assumenda"),
       ("#quis"),
       ("#a."),
       ("#aliquid"),
       ("#enim"),
       ("#tempora"),
       ("#explicabo"),
       ("#aliquid."),
       ("#culpa."),
       ("#quos"),
       ("#ipsum"),
       ("#natus"),
       ("#modi"),
       ("#cumque."),
       ("#odio"),
       ("#quidem"),
       ("#reprehenderit"),
       ("#amet"),
       ("#saepe."),
       ("#expedita."),
       ("#illo"),
       ("#maiores."),
       ("#optio"),
       ("#corrupti."),
       ("#provident"),
       ("#earum."),
       ("#quia"),
       ("#animi"),
       ("#cum"),
       ("#adipisci");


-- Insert Statements for POST
insert into POST (Contents, CreatedTime, PosterUsername, ShortLinkID)
VALUES("Excepturi libero minus aliquid sint soluta #debitis libero eius quam.", "2023-03-07T13:30:00.060Z", "Mozelle61", "55"),
       ("Porro odio quibusdam minima fuga.", "2022-10-21T22:37:57.587Z", "Russ48", "19"),
       ("#Labore #error tempora occaecati ex #possimus est fugiat.", "2023-04-22T18:52:03.994Z", "Russ48", "73"),
       ("Asperiores perferendis minus dicta itaque inventore asperiores reprehenderit.", "2022-12-05T09:28:17.125Z", "Mozelle61", "38"),
       ("Atque non excepturi impedit #vero quae nobis.", "2022-07-24T02:05:35.844Z", "Kyle89", "94"),
       ("#Vitae molestias quos recusandae #quasi.", "2022-12-07T11:22:13.174Z", "Coy_Franecki8", "36"),
       ("Laudantium #autem eaque accusamus #dolorem deleniti harum.", "2023-04-06T12:45:17.242Z", "Althea_Corkery3", "58"),
       ("Expedita necessitatibus accusantium ducimus ducimus praesentium incidunt ullam laborum.", "2022-10-13T12:18:53.158Z", "Althea_Corkery3", "50"),
       ("#Accusamus #sit quae praesentium quos sequi #harum sit.", "2022-12-27T00:28:10.094Z", "Kaylee_Treutel", "92"),
       ("#Ducimus molestiae reiciendis.", "2022-06-08T07:33:16.429Z", "Wilber.King62", "91"),
       ("#Officia occaecati itaque soluta ipsa maxime reiciendis ea exercitationem nobis.", "2023-01-20T14:41:29.560Z", "Gerda15", "9"),
       ("Optio #nulla dicta qui.", "2022-10-30T23:18:40.617Z", "Wilber.King62", "63"),
       ("Quis deserunt molestias ex.", "2022-09-09T09:16:23.504Z", "Piper_Lindgren", "18"),
       ("Officiis nostrum iusto aliquam repellat quas.", "2022-07-03T04:18:18.559Z", "Russell_Schultz", "99"),
       ("Totam eum ratione cumque perspiciatis quod nesciunt veniam cupiditate cumque.", "2022-10-02T19:19:57.501Z", "Marjory.Balistreri", "74"),
       ("Et ad autem #perspiciatis molestias #in sed debitis molestias #numquam.", "2023-01-14T09:17:46.022Z", "Lynn.Larkin33", "14"),
       ("Omnis cum atque voluptatibus.", "2022-10-27T12:46:50.762Z", "Lynn.Larkin33", "62"),
       ("Itaque vero #dolores reiciendis soluta #provident.", "2023-03-10T18:16:42.281Z", "Kaylee_Treutel", "37"),
       ("Atque et minus veritatis #rem quisquam #soluta.", "2022-08-01T12:55:29.067Z", "Kaylee_Treutel", "77"),
       ("Ipsam cupiditate nobis excepturi nulla.", "2022-06-17T10:46:34.903Z", "Mozelle61", "42"),
       ("Laborum recusandae temporibus adipisci quod aspernatur quis aspernatur omnis.", "2022-11-09T15:03:33.446Z", "Russell_Schultz", "61"),
       ("Quisquam eaque quas sapiente illo fuga repudiandae consequuntur tempore dicta.", "2022-10-01T10:22:52.832Z", "Alvis94", "77"),
       ("#Magni excepturi illum a consequuntur praesentium est nihil beatae.", "2022-10-02T20:38:47.034Z", "Wilber.King62", "84"),
       ("Perspiciatis cum aliquid ducimus perferendis a necessitatibus aspernatur #pariatur.", "2022-07-15T23:15:36.917Z", "Junius_Cole55", "84"),
       ("#Voluptas #corporis minus.", "2022-05-12T13:53:03.367Z", "Coby_Bradtke95", "48"),
       ("#Ea eum assumenda.", "2022-09-18T02:22:05.829Z", "Alvis94", "9"),
       ("Voluptate iusto #sapiente veniam itaque perspiciatis.", "2022-05-21T14:51:00.140Z", "Russell_Schultz", "34"),
       ("#Pariatur quis ullam aliquid doloremque totam aut labore delectus.", "2022-11-27T12:52:00.986Z", "Alvis94", "72"),
       ("Perferendis earum dolore beatae.", "2022-11-07T15:06:50.763Z", "Kaylee_Treutel", "76"),
       ("Non est eveniet sapiente at repellendus.", "2022-05-11T22:31:55.392Z", "Wilber.King62", "79"),
       ("#Ab aperiam laborum.", "2022-07-09T17:54:21.897Z", "Brenda.Sipes89", "67"),
       ("Voluptate facilis unde veritatis soluta quam totam.", "2022-10-14T22:04:08.213Z", "Lynn.Larkin33", "18"),
       ("Tenetur non velit maxime exercitationem facere ullam fugiat eos.", "2023-02-09T06:14:55.093Z", "Mozelle61", "84"),
       ("Cumque nam accusantium consectetur #architecto perferendis temporibus in doloribus.", "2022-09-24T11:08:28.235Z", "Estelle.Tremblay20", "92"),
       ("Minus #perspiciatis #impedit.", "2022-05-09T19:08:34.224Z", "Lynn.Larkin33", "70"),
       ("Quidem nam #culpa ea cupiditate quibusdam.", "2022-11-30T10:26:09.491Z", "Russell_Schultz", "33"),
       ("Laborum dolores dolorem ut error blanditiis.", "2022-07-24T18:53:33.003Z", "Piper_Lindgren", "89"),
       ("Consequatur aut molestias sapiente nostrum voluptas tempore.", "2023-03-07T15:12:06.498Z", "Gerda15", "18"),
       ("#Totam #incidunt sit alias porro quam minima.", "2022-08-26T14:09:22.119Z", "Piper_Lindgren", "24"),
       ("#Ullam #maxime #minima autem illum eius dolores facere dolores.", "2023-04-12T09:57:56.491Z", "Lynn.Larkin33", "54"),
       ("Consectetur aspernatur veritatis aliquid occaecati sed aliquid at excepturi.", "2022-10-28T04:56:40.154Z", "Ralph.Kub", "49"),
       ("Vel totam quos #at quibusdam #earum repellendus voluptas.", "2023-02-26T16:32:59.148Z", "Junius_Cole55", "79"),
       ("Distinctio asperiores veritatis #quasi #rerum perferendis eum quisquam.", "2022-05-12T08:31:28.947Z", "Coy_Franecki8", "63"),
       ("Consectetur explicabo molestiae dolorem minus.", "2023-04-12T05:36:47.980Z", "Brenda.Sipes89", "36"),
       ("Expedita veritatis est nemo.", "2022-12-19T20:36:13.739Z", "Kyle89", "9"),
       ("Distinctio #ipsam tempore cumque iusto non soluta.", "2023-01-12T01:21:23.053Z", "Junius_Cole55", "40"),
       ("Exercitationem #maxime quibusdam.", "2022-04-25T02:26:57.247Z", "Estelle.Tremblay20", "63"),
       ("Alias enim ducimus amet quasi.", "2022-12-19T21:57:06.928Z", "Alvis94", "4"),
       ("Ipsam #quo ullam #veniam a.", "2022-08-31T03:11:08.400Z", "Althea_Corkery3", "23"),
       ("#Sequi explicabo #similique #perferendis nostrum occaecati nostrum totam.", "2022-09-11T20:41:24.534Z", "Wilber.King62", "4"),
       ("Temporibus amet aliquam quod laboriosam ipsam veniam molestias.", "2023-02-26T03:12:18.450Z", "Coy_Franecki8", "16"),
       ("Pariatur #quis #assumenda laborum minima #ea nisi doloremque autem natus.", "2022-09-20T09:24:11.162Z", "Kaylee_Treutel", "100"),
       ("Saepe blanditiis reiciendis tempore alias praesentium error atque labore maxime.", "2022-12-23T01:54:18.890Z", "Junius_Cole55", "90"),
       ("Nam nam rerum commodi fugiat.", "2022-07-09T10:46:17.397Z", "Ralph.Kub", "98"),
       ("At #aliquid #a.", "2022-07-30T00:14:44.515Z", "Kaylee_Treutel", "30"),
       ("Natus repellendus asperiores #enim provident dolore modi repellat nam sint.", "2023-01-21T18:40:35.311Z", "Coby_Bradtke95", "6"),
       ("Optio minus voluptatum voluptas.", "2022-06-05T17:47:30.400Z", "Mozelle61", "89"),
       ("Id inventore ducimus recusandae maiores #tempora tempore #labore impedit.", "2022-11-21T14:15:32.278Z", "Ralph.Kub", "68"),
       ("Odit asperiores deserunt #ducimus sequi suscipit totam porro non ipsa.", "2022-08-23T07:18:50.571Z", "Lynn.Larkin33", "18"),
       ("Vitae voluptatum quidem pariatur aut.", "2023-02-13T14:06:04.852Z", "Kaylee_Treutel", "88"),
       ("Voluptatibus aliquid quo illo quas praesentium quasi ipsum molestias.", "2023-04-21T01:18:36.487Z", "Kyle89", "46"),
       ("Sapiente #rerum nesciunt non.", "2023-01-13T11:20:05.927Z", "Gerda15", "70"),
       ("At dolorem #explicabo tenetur ullam possimus quod voluptates mollitia.", "2022-05-06T21:19:36.310Z", "Kyle89", "10"),
       ("#Enim illo #aliquid.", "2023-02-05T14:10:14.312Z", "Ralph.Kub", "8"),
       ("Eligendi #culpa consequatur #quis mollitia sed #culpa.", "2023-03-27T17:14:51.630Z", "Brenda.Sipes89", "79"),
       ("Quidem exercitationem ea fugiat dicta sequi nisi.", "2022-08-21T14:14:17.307Z", "Russ48", "91"),
       ("Iste officiis non quis.", "2022-11-09T00:01:51.953Z", "Kaylee_Treutel", "16"),
       ("Incidunt at animi #quos tenetur aspernatur.", "2022-12-04T05:09:33.645Z", "Coby_Bradtke95", "3"),
       ("Nesciunt dolore natus sint voluptate iusto recusandae.", "2022-06-09T07:41:01.756Z", "Ralph.Kub", "23"),
       ("Quas iste #tempora et #ipsum vitae.", "2022-05-20T13:04:22.404Z", "Marjory.Balistreri", "58"),
       ("Vero fugit ratione culpa sed in voluptatem facere.", "2023-04-22T00:10:48.988Z", "Gerda15", "7"),
       ("Modi architecto atque itaque commodi sequi.", "2022-06-11T03:36:00.824Z", "Marjory.Balistreri", "43"),
       ("Occaecati repellat tenetur #natus ipsam dolore unde quasi dolor aperiam.", "2022-08-02T11:49:58.022Z", "Mozelle61", "30"),
       ("Ea dolorem explicabo eveniet quidem nam #architecto delectus quo.", "2022-06-16T05:12:33.174Z", "Piper_Lindgren", "82"),
       ("Mollitia occaecati illo tempora quibusdam quisquam quasi ex quam.", "2022-12-09T01:28:05.499Z", "Junius_Cole55", "82"),
       ("Sapiente delectus a eligendi nam fuga neque.", "2023-02-04T15:33:35.013Z", "Piper_Lindgren", "60"),
       ("#Modi est illum #cumque.", "2023-04-06T07:23:09.237Z", "Alvis94", "69"),
       ("#Odio ut recusandae id.", "2023-02-08T20:55:43.958Z", "Estelle.Tremblay20", "3"),
       ("#Quidem #amet architecto maiores beatae #reprehenderit asperiores.", "2022-09-08T20:45:15.276Z", "Piper_Lindgren", "61"),
       ("Mollitia assumenda animi provident culpa odit ipsum fugiat.", "2022-05-14T00:26:51.741Z", "Russ48", "83"),
       ("Occaecati quo maxime fugiat molestiae animi quidem maxime eum.", "2022-07-11T08:05:38.146Z", "Kyle89", "59"),
       ("#Error #vero eius mollitia dolor blanditiis illo #saepe.", "2022-06-10T20:06:56.188Z", "Estelle.Tremblay20", "36"),
       ("Suscipit vitae voluptate illo sed.", "2022-05-29T00:16:49.073Z", "Rodrigo_Johnston64", "82"),
       ("Non molestias #illo asperiores #expedita.", "2022-05-03T22:19:08.792Z", "Gerda15", "18"),
       ("Dicta quasi odio quae earum laboriosam.", "2022-04-30T23:29:55.142Z", "Ralph.Kub", "78"),
       ("Perspiciatis ratione a et vel possimus maiores odio.", "2022-07-14T12:28:01.299Z", "Althea_Corkery3", "72"),
       ("Cumque doloribus ducimus ad illum iure reprehenderit nisi nobis.", "2023-02-03T00:21:45.748Z", "Gerda15", "72"),
       ("Consequuntur cupiditate impedit #optio illo repellendus #maiores.", "2023-01-11T01:08:31.742Z", "Estelle.Tremblay20", "42"),
       ("Sapiente fuga nesciunt impedit quo.", "2022-09-25T14:55:42.098Z", "Wilber.King62", "61"),
       ("Adipisci aspernatur sunt officiis libero excepturi.", "2023-01-13T08:05:41.470Z", "Kaylee_Treutel", "61"),
       ("Sint #provident at rerum ratione temporibus nobis #corrupti.", "2022-05-10T07:15:47.495Z", "Abner16", "87"),
       ("#Accusamus consequatur error #earum.", "2023-04-07T17:01:26.538Z", "Coby_Bradtke95", "32"),
       ("Doloremque #ipsum labore.", "2023-03-01T10:08:45.841Z", "Brenda.Sipes89", "59"),
       ("Occaecati reprehenderit quasi eveniet recusandae.", "2023-03-12T07:39:56.154Z", "Gerda15", "65"),
       ("Facere laboriosam accusamus sed #quia inventore nemo voluptatibus expedita.", "2022-06-18T11:02:35.097Z", "Russell_Schultz", "81"),
       ("Ad dolorum nemo praesentium tenetur.", "2022-09-14T15:13:32.309Z", "Wilber.King62", "16"),
       ("Odio delectus voluptate officiis hic ipsam ducimus adipisci nobis quo.", "2022-09-17T06:33:30.844Z", "Estelle.Tremblay20", "78"),
       ("Eaque #accusamus quo perferendis #animi saepe doloribus.", "2022-11-24T17:13:34.405Z", "Kaylee_Treutel", "72"),
       ("Tenetur #adipisci eveniet #cum ipsa eius molestiae quam.", "2022-12-26T19:28:30.247Z", "Abner16", "57"),
       ("Alias nesciunt sit placeat eum commodi ab voluptatibus consectetur.", "2022-09-11T16:28:36.419Z", "Estelle.Tremblay20", "35");


-- Insert Statements for IncludesTag
insert into IncludesTag (PostID, Tag)
VALUES("1", "#debitis"),
       ("3", "#possimus"),
       ("3", "#error"),
       ("3", "#labore"),
       ("5", "#vero"),
       ("6", "#vitae"),
       ("6", "#quasi."),
       ("7", "#autem"),
       ("7", "#dolorem"),
       ("9", "#sit"),
       ("9", "#harum"),
       ("9", "#accusamus"),
       ("10", "#ducimus"),
       ("11", "#officia"),
       ("12", "#nulla"),
       ("16", "#numquam."),
       ("16", "#perspiciatis"),
       ("16", "#in"),
       ("18", "#dolores"),
       ("18", "#provident."),
       ("19", "#rem"),
       ("19", "#soluta."),
       ("23", "#magni"),
       ("24", "#pariatur."),
       ("25", "#corporis"),
       ("25", "#voluptas"),
       ("26", "#ea"),
       ("27", "#sapiente"),
       ("28", "#pariatur"),
       ("31", "#ab"),
       ("34", "#architecto"),
       ("35", "#impedit."),
       ("35", "#perspiciatis"),
       ("36", "#culpa"),
       ("39", "#totam"),
       ("39", "#incidunt"),
       ("40", "#minima"),
       ("40", "#ullam"),
       ("40", "#maxime"),
       ("42", "#at"),
       ("42", "#earum"),
       ("43", "#quasi"),
       ("43", "#rerum"),
       ("46", "#ipsam"),
       ("47", "#maxime"),
       ("49", "#veniam"),
       ("49", "#quo"),
       ("50", "#perferendis"),
       ("50", "#similique"),
       ("50", "#sequi"),
       ("52", "#ea"),
       ("52", "#assumenda"),
       ("52", "#quis"),
       ("55", "#a."),
       ("55", "#aliquid"),
       ("56", "#enim"),
       ("58", "#labore"),
       ("58", "#tempora"),
       ("59", "#ducimus"),
       ("62", "#rerum"),
       ("63", "#explicabo"),
       ("64", "#aliquid."),
       ("64", "#enim"),
       ("65", "#culpa."),
       ("65", "#culpa"),
       ("65", "#quis"),
       ("68", "#quos"),
       ("70", "#tempora"),
       ("70", "#ipsum"),
       ("73", "#natus"),
       ("74", "#architecto"),
       ("77", "#modi"),
       ("77", "#cumque."),
       ("78", "#odio"),
       ("79", "#quidem"),
       ("79", "#reprehenderit"),
       ("79", "#amet"),
       ("82", "#saepe."),
       ("82", "#error"),
       ("82", "#vero"),
       ("84", "#expedita."),
       ("84", "#illo"),
       ("88", "#maiores."),
       ("88", "#optio"),
       ("91", "#corrupti."),
       ("91", "#provident"),
       ("92", "#accusamus"),
       ("92", "#earum."),
       ("93", "#ipsum"),
       ("95", "#quia"),
       ("98", "#accusamus"),
       ("98", "#animi"),
       ("99", "#cum"),
       ("99", "#adipisci");


-- Insert Statements for POLL
insert into POLL (PostID, Title, Option1Text, Option2Text)
VALUES("3", "Quibusdam delectus laudantium nisi sint.", "voluptates", "incidunt"),
       ("4", "Tempore esse consequuntur omnis dolores ", "assumenda", "nulla"),
       ("16", "Magni enim dolore.", "placeat", "incidunt"),
       ("18", "Magnam eius enim cupiditate odio.", "ut", "laborum"),
       ("20", "Ab reprehenderit sint voluptas praesenti", "nisi", "vel"),
       ("24", "Voluptas commodi sit vero nam.", "voluptates", "consectetur"),
       ("26", "Sunt ea earum rerum dolore eos magni eni", "sequi", "est"),
       ("30", "Culpa impedit magnam tenetur magnam sapi", "molestias", "ipsa"),
       ("32", "Saepe atque amet non expedita.", "necessitatibus", "nam"),
       ("39", "Aperiam laboriosam atque similique disti", "fuga", "inventore"),
       ("41", "Iusto hic repudiandae rerum ut quia.", "enim", "esse"),
       ("67", "Ea fugit occaecati rem dolorem quos eos ", "non", "laborum"),
       ("69", "Aliquid eligendi quisquam autem.", "esse", "aliquid"),
       ("75", "Minima ea quae culpa.", "vitae", "consectetur"),
       ("78", "Aperiam ut reprehenderit.", "repellat", "repudiandae"),
       ("80", "Libero tempora dolorem a nam iure nam vo", "optio", "sit"),
       ("81", "Deserunt facilis corporis nam.", "facere", "nobis"),
       ("83", "Voluptatem quod dicta nihil.", "odit", "repellendus"),
       ("84", "Veritatis sed atque illo sapiente eaque ", "vitae", "maiores"),
       ("91", "Illum adipisci cumque mollitia alias ips", "labore", "eum"),
       ("92", "Sapiente fugit eveniet ipsam commodi imp", "optio", "veniam"),
       ("94", "Quas voluptatibus distinctio error excep", "earum", "voluptatum"),
       ("98", "Dolorem minus debitis.", "sint", "vitae"),
       ("100", "Error labore cupiditate in saepe repella", "laudantium", "natus");


-- Insert Statements for Likes
insert into Likes (Username, PostID)
VALUES("Brenda.Sipes89", "3"),
       ("Brenda.Sipes89", "4"),
       ("Brenda.Sipes89", "5"),
       ("Brenda.Sipes89", "6"),
       ("Brenda.Sipes89", "7"),
       ("Brenda.Sipes89", "8"),
       ("Brenda.Sipes89", "14"),
       ("Brenda.Sipes89", "15"),
       ("Brenda.Sipes89", "18"),
       ("Brenda.Sipes89", "19"),
       ("Brenda.Sipes89", "24"),
       ("Brenda.Sipes89", "25"),
       ("Brenda.Sipes89", "27"),
       ("Brenda.Sipes89", "28"),
       ("Brenda.Sipes89", "36"),
       ("Brenda.Sipes89", "38"),
       ("Brenda.Sipes89", "40"),
       ("Brenda.Sipes89", "43"),
       ("Brenda.Sipes89", "44"),
       ("Brenda.Sipes89", "50"),
       ("Brenda.Sipes89", "52"),
       ("Brenda.Sipes89", "54"),
       ("Brenda.Sipes89", "57"),
       ("Brenda.Sipes89", "60"),
       ("Brenda.Sipes89", "62"),
       ("Brenda.Sipes89", "63"),
       ("Brenda.Sipes89", "66"),
       ("Brenda.Sipes89", "67"),
       ("Brenda.Sipes89", "75"),
       ("Brenda.Sipes89", "77"),
       ("Brenda.Sipes89", "81"),
       ("Brenda.Sipes89", "82"),
       ("Brenda.Sipes89", "83"),
       ("Brenda.Sipes89", "84"),
       ("Brenda.Sipes89", "86"),
       ("Brenda.Sipes89", "88"),
       ("Brenda.Sipes89", "91"),
       ("Brenda.Sipes89", "93"),
       ("Brenda.Sipes89", "94"),
       ("Brenda.Sipes89", "98"),
       ("Piper_Lindgren", "1"),
       ("Piper_Lindgren", "2"),
       ("Piper_Lindgren", "5"),
       ("Piper_Lindgren", "6"),
       ("Piper_Lindgren", "7"),
       ("Piper_Lindgren", "12"),
       ("Piper_Lindgren", "14"),
       ("Piper_Lindgren", "15"),
       ("Piper_Lindgren", "17"),
       ("Piper_Lindgren", "19"),
       ("Piper_Lindgren", "24"),
       ("Piper_Lindgren", "28"),
       ("Piper_Lindgren", "34"),
       ("Piper_Lindgren", "35"),
       ("Piper_Lindgren", "37"),
       ("Piper_Lindgren", "39"),
       ("Piper_Lindgren", "41"),
       ("Piper_Lindgren", "47"),
       ("Piper_Lindgren", "50"),
       ("Piper_Lindgren", "52"),
       ("Piper_Lindgren", "53"),
       ("Piper_Lindgren", "55"),
       ("Piper_Lindgren", "56"),
       ("Piper_Lindgren", "57"),
       ("Piper_Lindgren", "59"),
       ("Piper_Lindgren", "63"),
       ("Piper_Lindgren", "66"),
       ("Piper_Lindgren", "68"),
       ("Piper_Lindgren", "69"),
       ("Piper_Lindgren", "73"),
       ("Piper_Lindgren", "74"),
       ("Piper_Lindgren", "78"),
       ("Piper_Lindgren", "79"),
       ("Piper_Lindgren", "80"),
       ("Piper_Lindgren", "83"),
       ("Piper_Lindgren", "86"),
       ("Piper_Lindgren", "89"),
       ("Piper_Lindgren", "91"),
       ("Piper_Lindgren", "92"),
       ("Piper_Lindgren", "93"),
       ("Piper_Lindgren", "95"),
       ("Piper_Lindgren", "96"),
       ("Piper_Lindgren", "98"),
       ("Marjory.Balistreri", "1"),
       ("Marjory.Balistreri", "2"),
       ("Marjory.Balistreri", "4"),
       ("Marjory.Balistreri", "5"),
       ("Marjory.Balistreri", "8"),
       ("Marjory.Balistreri", "10"),
       ("Marjory.Balistreri", "11"),
       ("Marjory.Balistreri", "12"),
       ("Marjory.Balistreri", "13"),
       ("Marjory.Balistreri", "15"),
       ("Marjory.Balistreri", "16"),
       ("Marjory.Balistreri", "18"),
       ("Marjory.Balistreri", "19"),
       ("Marjory.Balistreri", "23"),
       ("Marjory.Balistreri", "26"),
       ("Marjory.Balistreri", "28"),
       ("Marjory.Balistreri", "31"),
       ("Marjory.Balistreri", "34"),
       ("Marjory.Balistreri", "35"),
       ("Marjory.Balistreri", "36"),
       ("Marjory.Balistreri", "37"),
       ("Marjory.Balistreri", "38"),
       ("Marjory.Balistreri", "40"),
       ("Marjory.Balistreri", "47"),
       ("Marjory.Balistreri", "48"),
       ("Marjory.Balistreri", "49"),
       ("Marjory.Balistreri", "52"),
       ("Marjory.Balistreri", "53"),
       ("Marjory.Balistreri", "56"),
       ("Marjory.Balistreri", "62"),
       ("Marjory.Balistreri", "63"),
       ("Marjory.Balistreri", "67"),
       ("Marjory.Balistreri", "68"),
       ("Marjory.Balistreri", "69"),
       ("Marjory.Balistreri", "71"),
       ("Marjory.Balistreri", "72"),
       ("Marjory.Balistreri", "74"),
       ("Marjory.Balistreri", "76"),
       ("Marjory.Balistreri", "77"),
       ("Marjory.Balistreri", "80"),
       ("Marjory.Balistreri", "81"),
       ("Marjory.Balistreri", "91"),
       ("Marjory.Balistreri", "96"),
       ("Marjory.Balistreri", "97"),
       ("Marjory.Balistreri", "98"),
       ("Marjory.Balistreri", "99"),
       ("Marjory.Balistreri", "100"),
       ("Alvis94", "5"),
       ("Alvis94", "12"),
       ("Alvis94", "13"),
       ("Alvis94", "14"),
       ("Alvis94", "16"),
       ("Alvis94", "17"),
       ("Alvis94", "20"),
       ("Alvis94", "21"),
       ("Alvis94", "28"),
       ("Alvis94", "30"),
       ("Alvis94", "31"),
       ("Alvis94", "32"),
       ("Alvis94", "33"),
       ("Alvis94", "35"),
       ("Alvis94", "43"),
       ("Alvis94", "47"),
       ("Alvis94", "48"),
       ("Alvis94", "51"),
       ("Alvis94", "52"),
       ("Alvis94", "53"),
       ("Alvis94", "54"),
       ("Alvis94", "58"),
       ("Alvis94", "60"),
       ("Alvis94", "61"),
       ("Alvis94", "62"),
       ("Alvis94", "66"),
       ("Alvis94", "67"),
       ("Alvis94", "71"),
       ("Alvis94", "74"),
       ("Alvis94", "77"),
       ("Alvis94", "79"),
       ("Alvis94", "80"),
       ("Alvis94", "81"),
       ("Alvis94", "83"),
       ("Alvis94", "85"),
       ("Alvis94", "91"),
       ("Alvis94", "92"),
       ("Alvis94", "98"),
       ("Alvis94", "99"),
       ("Mozelle61", "1"),
       ("Mozelle61", "7"),
       ("Mozelle61", "8"),
       ("Mozelle61", "13"),
       ("Mozelle61", "14"),
       ("Mozelle61", "16"),
       ("Mozelle61", "19"),
       ("Mozelle61", "20"),
       ("Mozelle61", "26"),
       ("Mozelle61", "27"),
       ("Mozelle61", "30"),
       ("Mozelle61", "31"),
       ("Mozelle61", "33"),
       ("Mozelle61", "36"),
       ("Mozelle61", "46"),
       ("Mozelle61", "48"),
       ("Mozelle61", "52"),
       ("Mozelle61", "53"),
       ("Mozelle61", "54"),
       ("Mozelle61", "55"),
       ("Mozelle61", "59"),
       ("Mozelle61", "62"),
       ("Mozelle61", "64"),
       ("Mozelle61", "65"),
       ("Mozelle61", "66"),
       ("Mozelle61", "71"),
       ("Mozelle61", "76"),
       ("Mozelle61", "77"),
       ("Mozelle61", "80"),
       ("Mozelle61", "81"),
       ("Mozelle61", "87"),
       ("Mozelle61", "88"),
       ("Mozelle61", "89"),
       ("Mozelle61", "91"),
       ("Mozelle61", "94"),
       ("Mozelle61", "96"),
       ("Mozelle61", "97"),
       ("Gerda15", "1"),
       ("Gerda15", "5"),
       ("Gerda15", "8"),
       ("Gerda15", "10"),
       ("Gerda15", "22"),
       ("Gerda15", "24"),
       ("Gerda15", "26"),
       ("Gerda15", "29"),
       ("Gerda15", "31"),
       ("Gerda15", "33"),
       ("Gerda15", "35"),
       ("Gerda15", "37"),
       ("Gerda15", "39"),
       ("Gerda15", "49"),
       ("Gerda15", "53"),
       ("Gerda15", "59"),
       ("Gerda15", "63"),
       ("Gerda15", "64"),
       ("Gerda15", "66"),
       ("Gerda15", "68"),
       ("Gerda15", "73"),
       ("Gerda15", "75"),
       ("Gerda15", "76"),
       ("Gerda15", "77"),
       ("Gerda15", "78"),
       ("Gerda15", "81"),
       ("Gerda15", "82"),
       ("Gerda15", "83"),
       ("Gerda15", "84"),
       ("Gerda15", "85"),
       ("Gerda15", "94"),
       ("Estelle.Tremblay20", "1"),
       ("Estelle.Tremblay20", "2"),
       ("Estelle.Tremblay20", "3"),
       ("Estelle.Tremblay20", "4"),
       ("Estelle.Tremblay20", "7"),
       ("Estelle.Tremblay20", "8"),
       ("Estelle.Tremblay20", "10"),
       ("Estelle.Tremblay20", "14"),
       ("Estelle.Tremblay20", "18"),
       ("Estelle.Tremblay20", "20"),
       ("Estelle.Tremblay20", "21"),
       ("Estelle.Tremblay20", "23"),
       ("Estelle.Tremblay20", "24"),
       ("Estelle.Tremblay20", "29"),
       ("Estelle.Tremblay20", "31"),
       ("Estelle.Tremblay20", "32"),
       ("Estelle.Tremblay20", "37"),
       ("Estelle.Tremblay20", "38"),
       ("Estelle.Tremblay20", "41"),
       ("Estelle.Tremblay20", "43"),
       ("Estelle.Tremblay20", "44"),
       ("Estelle.Tremblay20", "46"),
       ("Estelle.Tremblay20", "48"),
       ("Estelle.Tremblay20", "56"),
       ("Estelle.Tremblay20", "57"),
       ("Estelle.Tremblay20", "61"),
       ("Estelle.Tremblay20", "66"),
       ("Estelle.Tremblay20", "74"),
       ("Estelle.Tremblay20", "79"),
       ("Estelle.Tremblay20", "80"),
       ("Estelle.Tremblay20", "82"),
       ("Estelle.Tremblay20", "83"),
       ("Estelle.Tremblay20", "84"),
       ("Estelle.Tremblay20", "85"),
       ("Estelle.Tremblay20", "86"),
       ("Estelle.Tremblay20", "87"),
       ("Estelle.Tremblay20", "89"),
       ("Estelle.Tremblay20", "92"),
       ("Estelle.Tremblay20", "93"),
       ("Estelle.Tremblay20", "94"),
       ("Estelle.Tremblay20", "95"),
       ("Estelle.Tremblay20", "99"),
       ("Estelle.Tremblay20", "100"),
       ("Abner16", "3"),
       ("Abner16", "4"),
       ("Abner16", "5"),
       ("Abner16", "6"),
       ("Abner16", "8"),
       ("Abner16", "9"),
       ("Abner16", "11"),
       ("Abner16", "12"),
       ("Abner16", "14"),
       ("Abner16", "16"),
       ("Abner16", "18"),
       ("Abner16", "25"),
       ("Abner16", "26"),
       ("Abner16", "28"),
       ("Abner16", "31"),
       ("Abner16", "35"),
       ("Abner16", "36"),
       ("Abner16", "37"),
       ("Abner16", "38"),
       ("Abner16", "41"),
       ("Abner16", "43"),
       ("Abner16", "45"),
       ("Abner16", "48"),
       ("Abner16", "49"),
       ("Abner16", "56"),
       ("Abner16", "58"),
       ("Abner16", "62"),
       ("Abner16", "63"),
       ("Abner16", "65"),
       ("Abner16", "68"),
       ("Abner16", "71"),
       ("Abner16", "72"),
       ("Abner16", "74"),
       ("Abner16", "76"),
       ("Abner16", "77"),
       ("Abner16", "78"),
       ("Abner16", "81"),
       ("Abner16", "82"),
       ("Abner16", "83"),
       ("Abner16", "87"),
       ("Abner16", "89"),
       ("Abner16", "92"),
       ("Abner16", "95"),
       ("Abner16", "96"),
       ("Abner16", "99"),
       ("Lynn.Larkin33", "1"),
       ("Lynn.Larkin33", "2"),
       ("Lynn.Larkin33", "3"),
       ("Lynn.Larkin33", "6"),
       ("Lynn.Larkin33", "11"),
       ("Lynn.Larkin33", "17"),
       ("Lynn.Larkin33", "18"),
       ("Lynn.Larkin33", "19"),
       ("Lynn.Larkin33", "20"),
       ("Lynn.Larkin33", "23"),
       ("Lynn.Larkin33", "24"),
       ("Lynn.Larkin33", "25"),
       ("Lynn.Larkin33", "26"),
       ("Lynn.Larkin33", "29"),
       ("Lynn.Larkin33", "32"),
       ("Lynn.Larkin33", "43"),
       ("Lynn.Larkin33", "44"),
       ("Lynn.Larkin33", "45"),
       ("Lynn.Larkin33", "46"),
       ("Lynn.Larkin33", "53"),
       ("Lynn.Larkin33", "58"),
       ("Lynn.Larkin33", "59"),
       ("Lynn.Larkin33", "61"),
       ("Lynn.Larkin33", "65"),
       ("Lynn.Larkin33", "66"),
       ("Lynn.Larkin33", "67"),
       ("Lynn.Larkin33", "69"),
       ("Lynn.Larkin33", "72"),
       ("Lynn.Larkin33", "77"),
       ("Lynn.Larkin33", "78"),
       ("Lynn.Larkin33", "79"),
       ("Lynn.Larkin33", "82"),
       ("Lynn.Larkin33", "84"),
       ("Lynn.Larkin33", "87"),
       ("Lynn.Larkin33", "91"),
       ("Lynn.Larkin33", "93"),
       ("Lynn.Larkin33", "96"),
       ("Lynn.Larkin33", "98"),
       ("Lynn.Larkin33", "99"),
       ("Lynn.Larkin33", "100"),
       ("Coby_Bradtke95", "2"),
       ("Coby_Bradtke95", "3"),
       ("Coby_Bradtke95", "6"),
       ("Coby_Bradtke95", "9"),
       ("Coby_Bradtke95", "10"),
       ("Coby_Bradtke95", "11"),
       ("Coby_Bradtke95", "12"),
       ("Coby_Bradtke95", "14"),
       ("Coby_Bradtke95", "17"),
       ("Coby_Bradtke95", "19"),
       ("Coby_Bradtke95", "20"),
       ("Coby_Bradtke95", "21"),
       ("Coby_Bradtke95", "22"),
       ("Coby_Bradtke95", "27"),
       ("Coby_Bradtke95", "30"),
       ("Coby_Bradtke95", "32"),
       ("Coby_Bradtke95", "37"),
       ("Coby_Bradtke95", "38"),
       ("Coby_Bradtke95", "41"),
       ("Coby_Bradtke95", "42"),
       ("Coby_Bradtke95", "43"),
       ("Coby_Bradtke95", "44"),
       ("Coby_Bradtke95", "45"),
       ("Coby_Bradtke95", "49"),
       ("Coby_Bradtke95", "55"),
       ("Coby_Bradtke95", "57"),
       ("Coby_Bradtke95", "60"),
       ("Coby_Bradtke95", "62"),
       ("Coby_Bradtke95", "67"),
       ("Coby_Bradtke95", "75"),
       ("Coby_Bradtke95", "76"),
       ("Coby_Bradtke95", "77"),
       ("Coby_Bradtke95", "80"),
       ("Coby_Bradtke95", "81"),
       ("Coby_Bradtke95", "83"),
       ("Coby_Bradtke95", "86"),
       ("Coby_Bradtke95", "92"),
       ("Coby_Bradtke95", "95"),
       ("Kyle89", "1"),
       ("Kyle89", "2"),
       ("Kyle89", "4"),
       ("Kyle89", "6"),
       ("Kyle89", "9"),
       ("Kyle89", "11"),
       ("Kyle89", "12"),
       ("Kyle89", "13"),
       ("Kyle89", "15"),
       ("Kyle89", "16"),
       ("Kyle89", "17"),
       ("Kyle89", "18"),
       ("Kyle89", "19"),
       ("Kyle89", "20"),
       ("Kyle89", "24"),
       ("Kyle89", "26"),
       ("Kyle89", "29"),
       ("Kyle89", "30"),
       ("Kyle89", "31"),
       ("Kyle89", "36"),
       ("Kyle89", "37"),
       ("Kyle89", "40"),
       ("Kyle89", "41"),
       ("Kyle89", "43"),
       ("Kyle89", "46"),
       ("Kyle89", "47"),
       ("Kyle89", "48"),
       ("Kyle89", "54"),
       ("Kyle89", "56"),
       ("Kyle89", "68"),
       ("Kyle89", "70"),
       ("Kyle89", "71"),
       ("Kyle89", "72"),
       ("Kyle89", "73"),
       ("Kyle89", "74"),
       ("Kyle89", "78"),
       ("Kyle89", "80"),
       ("Kyle89", "81"),
       ("Kyle89", "82"),
       ("Kyle89", "84"),
       ("Kyle89", "86"),
       ("Kyle89", "87"),
       ("Kyle89", "95"),
       ("Kyle89", "97"),
       ("Kyle89", "98"),
       ("Kyle89", "100"),
       ("Rodrigo_Johnston64", "2"),
       ("Rodrigo_Johnston64", "5"),
       ("Rodrigo_Johnston64", "6"),
       ("Rodrigo_Johnston64", "8"),
       ("Rodrigo_Johnston64", "11"),
       ("Rodrigo_Johnston64", "12"),
       ("Rodrigo_Johnston64", "13"),
       ("Rodrigo_Johnston64", "15"),
       ("Rodrigo_Johnston64", "17"),
       ("Rodrigo_Johnston64", "19"),
       ("Rodrigo_Johnston64", "20"),
       ("Rodrigo_Johnston64", "21"),
       ("Rodrigo_Johnston64", "24"),
       ("Rodrigo_Johnston64", "28"),
       ("Rodrigo_Johnston64", "32"),
       ("Rodrigo_Johnston64", "33"),
       ("Rodrigo_Johnston64", "34"),
       ("Rodrigo_Johnston64", "35"),
       ("Rodrigo_Johnston64", "39"),
       ("Rodrigo_Johnston64", "42"),
       ("Rodrigo_Johnston64", "43"),
       ("Rodrigo_Johnston64", "44"),
       ("Rodrigo_Johnston64", "45"),
       ("Rodrigo_Johnston64", "47"),
       ("Rodrigo_Johnston64", "49"),
       ("Rodrigo_Johnston64", "51"),
       ("Rodrigo_Johnston64", "55"),
       ("Rodrigo_Johnston64", "58"),
       ("Rodrigo_Johnston64", "59"),
       ("Rodrigo_Johnston64", "62"),
       ("Rodrigo_Johnston64", "68"),
       ("Rodrigo_Johnston64", "73"),
       ("Rodrigo_Johnston64", "77"),
       ("Rodrigo_Johnston64", "80"),
       ("Rodrigo_Johnston64", "87"),
       ("Rodrigo_Johnston64", "91"),
       ("Rodrigo_Johnston64", "92"),
       ("Rodrigo_Johnston64", "95"),
       ("Rodrigo_Johnston64", "97"),
       ("Rodrigo_Johnston64", "98"),
       ("Rodrigo_Johnston64", "99"),
       ("Rodrigo_Johnston64", "100"),
       ("Russell_Schultz", "1"),
       ("Russell_Schultz", "2"),
       ("Russell_Schultz", "3"),
       ("Russell_Schultz", "8"),
       ("Russell_Schultz", "9"),
       ("Russell_Schultz", "14"),
       ("Russell_Schultz", "15"),
       ("Russell_Schultz", "17"),
       ("Russell_Schultz", "19"),
       ("Russell_Schultz", "20"),
       ("Russell_Schultz", "21"),
       ("Russell_Schultz", "22"),
       ("Russell_Schultz", "31"),
       ("Russell_Schultz", "33"),
       ("Russell_Schultz", "34"),
       ("Russell_Schultz", "37"),
       ("Russell_Schultz", "40"),
       ("Russell_Schultz", "44"),
       ("Russell_Schultz", "47"),
       ("Russell_Schultz", "48"),
       ("Russell_Schultz", "52"),
       ("Russell_Schultz", "55"),
       ("Russell_Schultz", "56"),
       ("Russell_Schultz", "59"),
       ("Russell_Schultz", "61"),
       ("Russell_Schultz", "63"),
       ("Russell_Schultz", "65"),
       ("Russell_Schultz", "66"),
       ("Russell_Schultz", "67"),
       ("Russell_Schultz", "70"),
       ("Russell_Schultz", "72"),
       ("Russell_Schultz", "80"),
       ("Russell_Schultz", "83"),
       ("Russell_Schultz", "84"),
       ("Russell_Schultz", "86"),
       ("Russell_Schultz", "87"),
       ("Russell_Schultz", "89"),
       ("Russell_Schultz", "90"),
       ("Russell_Schultz", "100"),
       ("Coy_Franecki8", "2"),
       ("Coy_Franecki8", "4"),
       ("Coy_Franecki8", "5"),
       ("Coy_Franecki8", "6"),
       ("Coy_Franecki8", "7"),
       ("Coy_Franecki8", "8"),
       ("Coy_Franecki8", "9"),
       ("Coy_Franecki8", "11"),
       ("Coy_Franecki8", "12"),
       ("Coy_Franecki8", "13"),
       ("Coy_Franecki8", "14"),
       ("Coy_Franecki8", "17"),
       ("Coy_Franecki8", "21"),
       ("Coy_Franecki8", "22"),
       ("Coy_Franecki8", "23"),
       ("Coy_Franecki8", "24"),
       ("Coy_Franecki8", "25"),
       ("Coy_Franecki8", "27"),
       ("Coy_Franecki8", "30"),
       ("Coy_Franecki8", "32"),
       ("Coy_Franecki8", "33"),
       ("Coy_Franecki8", "36"),
       ("Coy_Franecki8", "39"),
       ("Coy_Franecki8", "41"),
       ("Coy_Franecki8", "43"),
       ("Coy_Franecki8", "45"),
       ("Coy_Franecki8", "50"),
       ("Coy_Franecki8", "55"),
       ("Coy_Franecki8", "56"),
       ("Coy_Franecki8", "60"),
       ("Coy_Franecki8", "64"),
       ("Coy_Franecki8", "69"),
       ("Coy_Franecki8", "73"),
       ("Coy_Franecki8", "74"),
       ("Coy_Franecki8", "76"),
       ("Coy_Franecki8", "80"),
       ("Coy_Franecki8", "83"),
       ("Coy_Franecki8", "86"),
       ("Coy_Franecki8", "87"),
       ("Coy_Franecki8", "90"),
       ("Coy_Franecki8", "92"),
       ("Coy_Franecki8", "94"),
       ("Coy_Franecki8", "98"),
       ("Junius_Cole55", "1"),
       ("Junius_Cole55", "4"),
       ("Junius_Cole55", "7"),
       ("Junius_Cole55", "11"),
       ("Junius_Cole55", "12"),
       ("Junius_Cole55", "13"),
       ("Junius_Cole55", "14"),
       ("Junius_Cole55", "16"),
       ("Junius_Cole55", "19"),
       ("Junius_Cole55", "22"),
       ("Junius_Cole55", "23"),
       ("Junius_Cole55", "28"),
       ("Junius_Cole55", "30"),
       ("Junius_Cole55", "31"),
       ("Junius_Cole55", "32"),
       ("Junius_Cole55", "35"),
       ("Junius_Cole55", "38"),
       ("Junius_Cole55", "39"),
       ("Junius_Cole55", "46"),
       ("Junius_Cole55", "48"),
       ("Junius_Cole55", "49"),
       ("Junius_Cole55", "55"),
       ("Junius_Cole55", "57"),
       ("Junius_Cole55", "59"),
       ("Junius_Cole55", "61"),
       ("Junius_Cole55", "65"),
       ("Junius_Cole55", "69"),
       ("Junius_Cole55", "70"),
       ("Junius_Cole55", "71"),
       ("Junius_Cole55", "72"),
       ("Junius_Cole55", "73"),
       ("Junius_Cole55", "75"),
       ("Junius_Cole55", "79"),
       ("Junius_Cole55", "84"),
       ("Junius_Cole55", "88"),
       ("Junius_Cole55", "90"),
       ("Junius_Cole55", "91"),
       ("Junius_Cole55", "92"),
       ("Junius_Cole55", "94"),
       ("Junius_Cole55", "97"),
       ("Junius_Cole55", "99"),
       ("Junius_Cole55", "100"),
       ("Wilber.King62", "1"),
       ("Wilber.King62", "2"),
       ("Wilber.King62", "5"),
       ("Wilber.King62", "7"),
       ("Wilber.King62", "8"),
       ("Wilber.King62", "10"),
       ("Wilber.King62", "11"),
       ("Wilber.King62", "12"),
       ("Wilber.King62", "15"),
       ("Wilber.King62", "17"),
       ("Wilber.King62", "19"),
       ("Wilber.King62", "21"),
       ("Wilber.King62", "22"),
       ("Wilber.King62", "25"),
       ("Wilber.King62", "26"),
       ("Wilber.King62", "30"),
       ("Wilber.King62", "32"),
       ("Wilber.King62", "38"),
       ("Wilber.King62", "42"),
       ("Wilber.King62", "46"),
       ("Wilber.King62", "47"),
       ("Wilber.King62", "49"),
       ("Wilber.King62", "50"),
       ("Wilber.King62", "52"),
       ("Wilber.King62", "53"),
       ("Wilber.King62", "54"),
       ("Wilber.King62", "55"),
       ("Wilber.King62", "62"),
       ("Wilber.King62", "64"),
       ("Wilber.King62", "71"),
       ("Wilber.King62", "72"),
       ("Wilber.King62", "75"),
       ("Wilber.King62", "76"),
       ("Wilber.King62", "77"),
       ("Wilber.King62", "82"),
       ("Wilber.King62", "86"),
       ("Wilber.King62", "87"),
       ("Wilber.King62", "93"),
       ("Wilber.King62", "94"),
       ("Wilber.King62", "98"),
       ("Wilber.King62", "99"),
       ("Wilber.King62", "100"),
       ("Russ48", "1"),
       ("Russ48", "2"),
       ("Russ48", "14"),
       ("Russ48", "16"),
       ("Russ48", "18"),
       ("Russ48", "19"),
       ("Russ48", "22"),
       ("Russ48", "24"),
       ("Russ48", "25"),
       ("Russ48", "26"),
       ("Russ48", "28"),
       ("Russ48", "30"),
       ("Russ48", "32"),
       ("Russ48", "35"),
       ("Russ48", "37"),
       ("Russ48", "40"),
       ("Russ48", "42"),
       ("Russ48", "43"),
       ("Russ48", "45"),
       ("Russ48", "47"),
       ("Russ48", "51"),
       ("Russ48", "52"),
       ("Russ48", "55"),
       ("Russ48", "56"),
       ("Russ48", "58"),
       ("Russ48", "59"),
       ("Russ48", "60"),
       ("Russ48", "61"),
       ("Russ48", "62"),
       ("Russ48", "71"),
       ("Russ48", "73"),
       ("Russ48", "74"),
       ("Russ48", "77"),
       ("Russ48", "78"),
       ("Russ48", "81"),
       ("Russ48", "82"),
       ("Russ48", "85"),
       ("Russ48", "86"),
       ("Russ48", "89"),
       ("Russ48", "90"),
       ("Russ48", "91"),
       ("Russ48", "92"),
       ("Russ48", "93"),
       ("Russ48", "97"),
       ("Russ48", "98"),
       ("Russ48", "99"),
       ("Althea_Corkery3", "3"),
       ("Althea_Corkery3", "5"),
       ("Althea_Corkery3", "6"),
       ("Althea_Corkery3", "12"),
       ("Althea_Corkery3", "13"),
       ("Althea_Corkery3", "14"),
       ("Althea_Corkery3", "19"),
       ("Althea_Corkery3", "20"),
       ("Althea_Corkery3", "22"),
       ("Althea_Corkery3", "24"),
       ("Althea_Corkery3", "29"),
       ("Althea_Corkery3", "31"),
       ("Althea_Corkery3", "33"),
       ("Althea_Corkery3", "39"),
       ("Althea_Corkery3", "42"),
       ("Althea_Corkery3", "43"),
       ("Althea_Corkery3", "44"),
       ("Althea_Corkery3", "48"),
       ("Althea_Corkery3", "51"),
       ("Althea_Corkery3", "55"),
       ("Althea_Corkery3", "57"),
       ("Althea_Corkery3", "60"),
       ("Althea_Corkery3", "61"),
       ("Althea_Corkery3", "64"),
       ("Althea_Corkery3", "65"),
       ("Althea_Corkery3", "68"),
       ("Althea_Corkery3", "76"),
       ("Althea_Corkery3", "78"),
       ("Althea_Corkery3", "81"),
       ("Althea_Corkery3", "83"),
       ("Althea_Corkery3", "86"),
       ("Althea_Corkery3", "87"),
       ("Althea_Corkery3", "88"),
       ("Althea_Corkery3", "92"),
       ("Althea_Corkery3", "93"),
       ("Althea_Corkery3", "99"),
       ("Althea_Corkery3", "100"),
       ("Kaylee_Treutel", "3"),
       ("Kaylee_Treutel", "7"),
       ("Kaylee_Treutel", "8"),
       ("Kaylee_Treutel", "9"),
       ("Kaylee_Treutel", "12"),
       ("Kaylee_Treutel", "15"),
       ("Kaylee_Treutel", "22"),
       ("Kaylee_Treutel", "24"),
       ("Kaylee_Treutel", "25"),
       ("Kaylee_Treutel", "26"),
       ("Kaylee_Treutel", "30"),
       ("Kaylee_Treutel", "31"),
       ("Kaylee_Treutel", "33"),
       ("Kaylee_Treutel", "36"),
       ("Kaylee_Treutel", "41"),
       ("Kaylee_Treutel", "43"),
       ("Kaylee_Treutel", "48"),
       ("Kaylee_Treutel", "50"),
       ("Kaylee_Treutel", "51"),
       ("Kaylee_Treutel", "52"),
       ("Kaylee_Treutel", "53"),
       ("Kaylee_Treutel", "54"),
       ("Kaylee_Treutel", "55"),
       ("Kaylee_Treutel", "57"),
       ("Kaylee_Treutel", "58"),
       ("Kaylee_Treutel", "59"),
       ("Kaylee_Treutel", "62"),
       ("Kaylee_Treutel", "64"),
       ("Kaylee_Treutel", "65"),
       ("Kaylee_Treutel", "71"),
       ("Kaylee_Treutel", "73"),
       ("Kaylee_Treutel", "76"),
       ("Kaylee_Treutel", "78"),
       ("Kaylee_Treutel", "86"),
       ("Kaylee_Treutel", "87"),
       ("Kaylee_Treutel", "88"),
       ("Kaylee_Treutel", "91"),
       ("Kaylee_Treutel", "92"),
       ("Kaylee_Treutel", "93"),
       ("Kaylee_Treutel", "94"),
       ("Kaylee_Treutel", "96"),
       ("Kaylee_Treutel", "98"),
       ("Ralph.Kub", "1"),
       ("Ralph.Kub", "3"),
       ("Ralph.Kub", "4"),
       ("Ralph.Kub", "7"),
       ("Ralph.Kub", "8"),
       ("Ralph.Kub", "9"),
       ("Ralph.Kub", "11"),
       ("Ralph.Kub", "12"),
       ("Ralph.Kub", "13"),
       ("Ralph.Kub", "16"),
       ("Ralph.Kub", "19"),
       ("Ralph.Kub", "20"),
       ("Ralph.Kub", "21"),
       ("Ralph.Kub", "26"),
       ("Ralph.Kub", "27"),
       ("Ralph.Kub", "32"),
       ("Ralph.Kub", "33"),
       ("Ralph.Kub", "35"),
       ("Ralph.Kub", "36"),
       ("Ralph.Kub", "38"),
       ("Ralph.Kub", "41"),
       ("Ralph.Kub", "45"),
       ("Ralph.Kub", "47"),
       ("Ralph.Kub", "49"),
       ("Ralph.Kub", "55"),
       ("Ralph.Kub", "56"),
       ("Ralph.Kub", "59"),
       ("Ralph.Kub", "60"),
       ("Ralph.Kub", "62"),
       ("Ralph.Kub", "66"),
       ("Ralph.Kub", "68"),
       ("Ralph.Kub", "72"),
       ("Ralph.Kub", "74"),
       ("Ralph.Kub", "75"),
       ("Ralph.Kub", "77"),
       ("Ralph.Kub", "78"),
       ("Ralph.Kub", "79"),
       ("Ralph.Kub", "81"),
       ("Ralph.Kub", "83"),
       ("Ralph.Kub", "84"),
       ("Ralph.Kub", "85"),
       ("Ralph.Kub", "87"),
       ("Ralph.Kub", "92"),
       ("Ralph.Kub", "93"),
       ("Ralph.Kub", "94"),
       ("Ralph.Kub", "96"),
       ("Ralph.Kub", "100");


-- Insert Statements for Replies
insert into Replies (ReplyPostID, OriginalPostID)
VALUES("1", "1"),
       ("2", "49"),
       ("3", "19"),
       ("4", "22"),
       ("5", "32"),
       ("6", "34"),
       ("7", "38"),
       ("8", "46"),
       ("9", "43"),
       ("10", "28"),
       ("11", "33"),
       ("12", "3"),
       ("13", "9"),
       ("14", "44"),
       ("15", "23"),
       ("16", "23"),
       ("17", "44"),
       ("18", "14"),
       ("19", "12"),
       ("20", "21"),
       ("21", "4"),
       ("22", "16"),
       ("23", "45"),
       ("24", "40"),
       ("25", "1"),
       ("26", "4"),
       ("27", "24"),
       ("28", "32"),
       ("29", "31"),
       ("30", "5"),
       ("31", "2"),
       ("32", "33"),
       ("33", "35"),
       ("34", "27"),
       ("35", "19"),
       ("36", "40"),
       ("37", "12"),
       ("38", "4"),
       ("39", "33"),
       ("40", "4"),
       ("41", "9"),
       ("42", "32"),
       ("43", "31"),
       ("44", "37"),
       ("45", "29"),
       ("46", "24"),
       ("47", "32"),
       ("48", "5"),
       ("49", "39"),
       ("50", "31"),
       ("51", "33"),
       ("52", "14"),
       ("53", "38"),
       ("54", "4"),
       ("55", "48"),
       ("56", "48"),
       ("57", "37"),
       ("58", "40"),
       ("59", "21"),
       ("60", "29"),
       ("61", "20"),
       ("62", "45"),
       ("63", "22"),
       ("64", "45"),
       ("65", "11"),
       ("66", "4"),
       ("67", "6"),
       ("68", "46"),
       ("69", "20"),
       ("70", "36"),
       ("71", "18"),
       ("72", "29"),
       ("73", "6"),
       ("74", "34"),
       ("75", "28"),
       ("76", "15"),
       ("77", "1"),
       ("78", "13"),
       ("79", "6"),
       ("80", "43"),
       ("81", "21"),
       ("82", "9"),
       ("83", "36"),
       ("84", "36"),
       ("85", "10"),
       ("86", "1"),
       ("87", "15"),
       ("88", "29"),
       ("89", "49"),
       ("90", "37"),
       ("91", "28"),
       ("92", "32"),
       ("93", "5"),
       ("94", "25"),
       ("95", "18"),
       ("96", "11"),
       ("97", "5"),
       ("98", "24"),
       ("99", "37"),
       ("100", "33");


-- Insert Statements for Vote
insert into Vote (Username, PostID, Choice)
VALUES("Brenda.Sipes89", "2", "1"),
       ("Brenda.Sipes89", "6", "1"),
       ("Brenda.Sipes89", "8", "1"),
       ("Brenda.Sipes89", "11", "1"),
       ("Brenda.Sipes89", "14", "1"),
       ("Brenda.Sipes89", "20", "2"),
       ("Brenda.Sipes89", "22", "1"),
       ("Brenda.Sipes89", "23", "2"),
       ("Brenda.Sipes89", "24", "2"),
       ("Brenda.Sipes89", "26", "1"),
       ("Brenda.Sipes89", "29", "1"),
       ("Brenda.Sipes89", "37", "1"),
       ("Brenda.Sipes89", "38", "2"),
       ("Brenda.Sipes89", "41", "2"),
       ("Brenda.Sipes89", "42", "1"),
       ("Brenda.Sipes89", "54", "1"),
       ("Brenda.Sipes89", "55", "2"),
       ("Brenda.Sipes89", "56", "1"),
       ("Brenda.Sipes89", "58", "1"),
       ("Brenda.Sipes89", "59", "2"),
       ("Brenda.Sipes89", "60", "2"),
       ("Brenda.Sipes89", "62", "1"),
       ("Brenda.Sipes89", "63", "1"),
       ("Brenda.Sipes89", "64", "1"),
       ("Brenda.Sipes89", "65", "2"),
       ("Brenda.Sipes89", "66", "2"),
       ("Brenda.Sipes89", "67", "2"),
       ("Brenda.Sipes89", "72", "1"),
       ("Brenda.Sipes89", "76", "1"),
       ("Brenda.Sipes89", "79", "2"),
       ("Brenda.Sipes89", "82", "2"),
       ("Brenda.Sipes89", "86", "2"),
       ("Brenda.Sipes89", "87", "1"),
       ("Brenda.Sipes89", "89", "2"),
       ("Brenda.Sipes89", "92", "1"),
       ("Brenda.Sipes89", "95", "1"),
       ("Brenda.Sipes89", "99", "1"),
       ("Piper_Lindgren", "4", "2"),
       ("Piper_Lindgren", "5", "2"),
       ("Piper_Lindgren", "6", "2"),
       ("Piper_Lindgren", "8", "2"),
       ("Piper_Lindgren", "10", "2"),
       ("Piper_Lindgren", "16", "1"),
       ("Piper_Lindgren", "20", "1"),
       ("Piper_Lindgren", "22", "2"),
       ("Piper_Lindgren", "27", "1"),
       ("Piper_Lindgren", "29", "1"),
       ("Piper_Lindgren", "31", "2"),
       ("Piper_Lindgren", "34", "1"),
       ("Piper_Lindgren", "36", "2"),
       ("Piper_Lindgren", "37", "1"),
       ("Piper_Lindgren", "40", "1"),
       ("Piper_Lindgren", "45", "2"),
       ("Piper_Lindgren", "47", "2"),
       ("Piper_Lindgren", "48", "2"),
       ("Piper_Lindgren", "52", "2"),
       ("Piper_Lindgren", "53", "2"),
       ("Piper_Lindgren", "54", "1"),
       ("Piper_Lindgren", "55", "2"),
       ("Piper_Lindgren", "58", "2"),
       ("Piper_Lindgren", "60", "2"),
       ("Piper_Lindgren", "62", "1"),
       ("Piper_Lindgren", "64", "1"),
       ("Piper_Lindgren", "65", "1"),
       ("Piper_Lindgren", "67", "2"),
       ("Piper_Lindgren", "70", "2"),
       ("Piper_Lindgren", "72", "1"),
       ("Piper_Lindgren", "75", "1"),
       ("Piper_Lindgren", "78", "2"),
       ("Piper_Lindgren", "79", "1"),
       ("Piper_Lindgren", "82", "1"),
       ("Piper_Lindgren", "84", "2"),
       ("Piper_Lindgren", "86", "1"),
       ("Piper_Lindgren", "87", "2"),
       ("Piper_Lindgren", "92", "1"),
       ("Piper_Lindgren", "94", "2"),
       ("Piper_Lindgren", "95", "2"),
       ("Piper_Lindgren", "97", "1"),
       ("Piper_Lindgren", "98", "2"),
       ("Marjory.Balistreri", "3", "2"),
       ("Marjory.Balistreri", "4", "2"),
       ("Marjory.Balistreri", "6", "1"),
       ("Marjory.Balistreri", "8", "2"),
       ("Marjory.Balistreri", "9", "2"),
       ("Marjory.Balistreri", "13", "1"),
       ("Marjory.Balistreri", "16", "2"),
       ("Marjory.Balistreri", "17", "1"),
       ("Marjory.Balistreri", "21", "1"),
       ("Marjory.Balistreri", "23", "2"),
       ("Marjory.Balistreri", "29", "1"),
       ("Marjory.Balistreri", "33", "2"),
       ("Marjory.Balistreri", "35", "2"),
       ("Marjory.Balistreri", "36", "1"),
       ("Marjory.Balistreri", "37", "1"),
       ("Marjory.Balistreri", "38", "1"),
       ("Marjory.Balistreri", "48", "2"),
       ("Marjory.Balistreri", "51", "2"),
       ("Marjory.Balistreri", "58", "1"),
       ("Marjory.Balistreri", "59", "2"),
       ("Marjory.Balistreri", "60", "2"),
       ("Marjory.Balistreri", "61", "1"),
       ("Marjory.Balistreri", "63", "1"),
       ("Marjory.Balistreri", "65", "1"),
       ("Marjory.Balistreri", "66", "2"),
       ("Marjory.Balistreri", "68", "2"),
       ("Marjory.Balistreri", "71", "2"),
       ("Marjory.Balistreri", "72", "2"),
       ("Marjory.Balistreri", "75", "2"),
       ("Marjory.Balistreri", "80", "1"),
       ("Marjory.Balistreri", "81", "2"),
       ("Marjory.Balistreri", "83", "1"),
       ("Marjory.Balistreri", "86", "2"),
       ("Marjory.Balistreri", "87", "2"),
       ("Marjory.Balistreri", "88", "1"),
       ("Marjory.Balistreri", "89", "1"),
       ("Marjory.Balistreri", "91", "2"),
       ("Marjory.Balistreri", "92", "2"),
       ("Marjory.Balistreri", "93", "2"),
       ("Marjory.Balistreri", "94", "2"),
       ("Marjory.Balistreri", "97", "2"),
       ("Alvis94", "2", "2"),
       ("Alvis94", "5", "2"),
       ("Alvis94", "14", "1"),
       ("Alvis94", "17", "2"),
       ("Alvis94", "19", "1"),
       ("Alvis94", "20", "1"),
       ("Alvis94", "22", "1"),
       ("Alvis94", "23", "2"),
       ("Alvis94", "25", "1"),
       ("Alvis94", "29", "1"),
       ("Alvis94", "30", "2"),
       ("Alvis94", "31", "1"),
       ("Alvis94", "32", "1"),
       ("Alvis94", "34", "1"),
       ("Alvis94", "36", "2"),
       ("Alvis94", "37", "1"),
       ("Alvis94", "45", "2"),
       ("Alvis94", "46", "2"),
       ("Alvis94", "47", "1"),
       ("Alvis94", "48", "2"),
       ("Alvis94", "54", "2"),
       ("Alvis94", "56", "1"),
       ("Alvis94", "58", "1"),
       ("Alvis94", "59", "2"),
       ("Alvis94", "67", "1"),
       ("Alvis94", "69", "2"),
       ("Alvis94", "72", "1"),
       ("Alvis94", "76", "2"),
       ("Alvis94", "77", "2"),
       ("Alvis94", "79", "1"),
       ("Alvis94", "81", "1"),
       ("Alvis94", "82", "1"),
       ("Alvis94", "84", "1"),
       ("Alvis94", "85", "1"),
       ("Alvis94", "86", "1"),
       ("Alvis94", "88", "2"),
       ("Alvis94", "89", "1"),
       ("Alvis94", "90", "2"),
       ("Alvis94", "92", "2"),
       ("Alvis94", "94", "1"),
       ("Alvis94", "97", "1"),
       ("Alvis94", "98", "1"),
       ("Mozelle61", "1", "1"),
       ("Mozelle61", "2", "2"),
       ("Mozelle61", "3", "2"),
       ("Mozelle61", "7", "2"),
       ("Mozelle61", "11", "1"),
       ("Mozelle61", "12", "2"),
       ("Mozelle61", "14", "1"),
       ("Mozelle61", "15", "2"),
       ("Mozelle61", "16", "1"),
       ("Mozelle61", "18", "1"),
       ("Mozelle61", "24", "2"),
       ("Mozelle61", "27", "2"),
       ("Mozelle61", "28", "1"),
       ("Mozelle61", "30", "2"),
       ("Mozelle61", "32", "1"),
       ("Mozelle61", "33", "1"),
       ("Mozelle61", "34", "1"),
       ("Mozelle61", "37", "1"),
       ("Mozelle61", "40", "1"),
       ("Mozelle61", "41", "1"),
       ("Mozelle61", "42", "1"),
       ("Mozelle61", "47", "2"),
       ("Mozelle61", "52", "2"),
       ("Mozelle61", "55", "2"),
       ("Mozelle61", "58", "1"),
       ("Mozelle61", "62", "1"),
       ("Mozelle61", "64", "1"),
       ("Mozelle61", "65", "1"),
       ("Mozelle61", "66", "1"),
       ("Mozelle61", "69", "1"),
       ("Mozelle61", "70", "2"),
       ("Mozelle61", "71", "2"),
       ("Mozelle61", "75", "2"),
       ("Mozelle61", "76", "2"),
       ("Mozelle61", "77", "1"),
       ("Mozelle61", "78", "2"),
       ("Mozelle61", "82", "2"),
       ("Mozelle61", "85", "1"),
       ("Mozelle61", "86", "2"),
       ("Mozelle61", "90", "1"),
       ("Mozelle61", "94", "2"),
       ("Mozelle61", "97", "1"),
       ("Gerda15", "1", "2"),
       ("Gerda15", "2", "2"),
       ("Gerda15", "3", "2"),
       ("Gerda15", "4", "2"),
       ("Gerda15", "10", "2"),
       ("Gerda15", "11", "2"),
       ("Gerda15", "15", "1"),
       ("Gerda15", "17", "2"),
       ("Gerda15", "18", "2"),
       ("Gerda15", "19", "2"),
       ("Gerda15", "25", "2"),
       ("Gerda15", "29", "1"),
       ("Gerda15", "30", "1"),
       ("Gerda15", "35", "1"),
       ("Gerda15", "36", "1"),
       ("Gerda15", "38", "1"),
       ("Gerda15", "39", "2"),
       ("Gerda15", "41", "2"),
       ("Gerda15", "47", "2"),
       ("Gerda15", "48", "1"),
       ("Gerda15", "49", "1"),
       ("Gerda15", "53", "1"),
       ("Gerda15", "55", "1"),
       ("Gerda15", "61", "1"),
       ("Gerda15", "62", "1"),
       ("Gerda15", "65", "1"),
       ("Gerda15", "68", "1"),
       ("Gerda15", "69", "1"),
       ("Gerda15", "71", "1"),
       ("Gerda15", "72", "1"),
       ("Gerda15", "74", "1"),
       ("Gerda15", "80", "2"),
       ("Gerda15", "84", "2"),
       ("Gerda15", "85", "1"),
       ("Gerda15", "88", "2"),
       ("Gerda15", "97", "1"),
       ("Gerda15", "100", "1"),
       ("Estelle.Tremblay20", "5", "1"),
       ("Estelle.Tremblay20", "7", "1"),
       ("Estelle.Tremblay20", "11", "2"),
       ("Estelle.Tremblay20", "12", "2"),
       ("Estelle.Tremblay20", "13", "1"),
       ("Estelle.Tremblay20", "15", "2"),
       ("Estelle.Tremblay20", "19", "2"),
       ("Estelle.Tremblay20", "20", "2"),
       ("Estelle.Tremblay20", "21", "1"),
       ("Estelle.Tremblay20", "22", "1"),
       ("Estelle.Tremblay20", "24", "2"),
       ("Estelle.Tremblay20", "26", "2"),
       ("Estelle.Tremblay20", "32", "1"),
       ("Estelle.Tremblay20", "33", "1"),
       ("Estelle.Tremblay20", "34", "2"),
       ("Estelle.Tremblay20", "38", "2"),
       ("Estelle.Tremblay20", "39", "2"),
       ("Estelle.Tremblay20", "41", "2"),
       ("Estelle.Tremblay20", "43", "2"),
       ("Estelle.Tremblay20", "47", "2"),
       ("Estelle.Tremblay20", "48", "2"),
       ("Estelle.Tremblay20", "50", "2"),
       ("Estelle.Tremblay20", "51", "2"),
       ("Estelle.Tremblay20", "55", "2"),
       ("Estelle.Tremblay20", "63", "1"),
       ("Estelle.Tremblay20", "65", "2"),
       ("Estelle.Tremblay20", "67", "2"),
       ("Estelle.Tremblay20", "68", "1"),
       ("Estelle.Tremblay20", "69", "2"),
       ("Estelle.Tremblay20", "71", "1"),
       ("Estelle.Tremblay20", "72", "2"),
       ("Estelle.Tremblay20", "73", "2"),
       ("Estelle.Tremblay20", "74", "1"),
       ("Estelle.Tremblay20", "75", "1"),
       ("Estelle.Tremblay20", "80", "1"),
       ("Estelle.Tremblay20", "83", "2"),
       ("Estelle.Tremblay20", "89", "2"),
       ("Estelle.Tremblay20", "92", "2"),
       ("Estelle.Tremblay20", "96", "2"),
       ("Estelle.Tremblay20", "98", "1"),
       ("Abner16", "1", "2"),
       ("Abner16", "3", "2"),
       ("Abner16", "4", "2"),
       ("Abner16", "12", "2"),
       ("Abner16", "13", "2"),
       ("Abner16", "14", "1"),
       ("Abner16", "15", "1"),
       ("Abner16", "16", "1"),
       ("Abner16", "17", "2"),
       ("Abner16", "18", "1"),
       ("Abner16", "20", "1"),
       ("Abner16", "23", "2"),
       ("Abner16", "26", "2"),
       ("Abner16", "27", "1"),
       ("Abner16", "29", "2"),
       ("Abner16", "32", "2"),
       ("Abner16", "33", "2"),
       ("Abner16", "34", "2"),
       ("Abner16", "35", "1"),
       ("Abner16", "36", "1"),
       ("Abner16", "37", "1"),
       ("Abner16", "38", "2"),
       ("Abner16", "42", "1"),
       ("Abner16", "46", "2"),
       ("Abner16", "47", "2"),
       ("Abner16", "48", "2"),
       ("Abner16", "49", "1"),
       ("Abner16", "50", "2"),
       ("Abner16", "55", "2"),
       ("Abner16", "56", "1"),
       ("Abner16", "60", "2"),
       ("Abner16", "62", "2"),
       ("Abner16", "69", "2"),
       ("Abner16", "71", "1"),
       ("Abner16", "72", "2"),
       ("Abner16", "73", "1"),
       ("Abner16", "74", "1"),
       ("Abner16", "75", "2"),
       ("Abner16", "76", "1"),
       ("Abner16", "79", "2"),
       ("Abner16", "83", "2"),
       ("Abner16", "84", "2"),
       ("Abner16", "89", "2"),
       ("Abner16", "91", "1"),
       ("Abner16", "92", "2"),
       ("Abner16", "97", "2"),
       ("Abner16", "100", "2"),
       ("Lynn.Larkin33", "4", "1"),
       ("Lynn.Larkin33", "6", "1"),
       ("Lynn.Larkin33", "7", "1"),
       ("Lynn.Larkin33", "8", "2"),
       ("Lynn.Larkin33", "9", "2"),
       ("Lynn.Larkin33", "16", "1"),
       ("Lynn.Larkin33", "17", "1"),
       ("Lynn.Larkin33", "19", "2"),
       ("Lynn.Larkin33", "21", "2"),
       ("Lynn.Larkin33", "22", "1"),
       ("Lynn.Larkin33", "23", "1"),
       ("Lynn.Larkin33", "24", "2"),
       ("Lynn.Larkin33", "27", "1"),
       ("Lynn.Larkin33", "28", "2"),
       ("Lynn.Larkin33", "31", "1"),
       ("Lynn.Larkin33", "33", "2"),
       ("Lynn.Larkin33", "34", "2"),
       ("Lynn.Larkin33", "35", "1"),
       ("Lynn.Larkin33", "36", "2"),
       ("Lynn.Larkin33", "37", "1"),
       ("Lynn.Larkin33", "39", "1"),
       ("Lynn.Larkin33", "41", "2"),
       ("Lynn.Larkin33", "46", "1"),
       ("Lynn.Larkin33", "50", "2"),
       ("Lynn.Larkin33", "52", "1"),
       ("Lynn.Larkin33", "55", "2"),
       ("Lynn.Larkin33", "57", "1"),
       ("Lynn.Larkin33", "58", "2"),
       ("Lynn.Larkin33", "59", "1"),
       ("Lynn.Larkin33", "60", "1"),
       ("Lynn.Larkin33", "62", "2"),
       ("Lynn.Larkin33", "64", "2"),
       ("Lynn.Larkin33", "68", "1"),
       ("Lynn.Larkin33", "72", "2"),
       ("Lynn.Larkin33", "73", "2"),
       ("Lynn.Larkin33", "75", "1"),
       ("Lynn.Larkin33", "78", "1"),
       ("Lynn.Larkin33", "79", "1"),
       ("Lynn.Larkin33", "82", "2"),
       ("Lynn.Larkin33", "83", "1"),
       ("Lynn.Larkin33", "89", "2"),
       ("Lynn.Larkin33", "92", "2"),
       ("Lynn.Larkin33", "93", "2"),
       ("Lynn.Larkin33", "94", "2"),
       ("Lynn.Larkin33", "95", "2"),
       ("Lynn.Larkin33", "96", "1"),
       ("Lynn.Larkin33", "98", "1"),
       ("Lynn.Larkin33", "100", "1"),
       ("Coby_Bradtke95", "2", "1"),
       ("Coby_Bradtke95", "5", "1"),
       ("Coby_Bradtke95", "6", "1"),
       ("Coby_Bradtke95", "9", "1"),
       ("Coby_Bradtke95", "11", "1"),
       ("Coby_Bradtke95", "13", "1"),
       ("Coby_Bradtke95", "14", "1"),
       ("Coby_Bradtke95", "15", "1"),
       ("Coby_Bradtke95", "16", "1"),
       ("Coby_Bradtke95", "18", "2"),
       ("Coby_Bradtke95", "20", "1"),
       ("Coby_Bradtke95", "21", "1"),
       ("Coby_Bradtke95", "24", "1"),
       ("Coby_Bradtke95", "25", "2"),
       ("Coby_Bradtke95", "29", "2"),
       ("Coby_Bradtke95", "38", "1"),
       ("Coby_Bradtke95", "39", "1"),
       ("Coby_Bradtke95", "40", "2"),
       ("Coby_Bradtke95", "49", "1"),
       ("Coby_Bradtke95", "50", "1"),
       ("Coby_Bradtke95", "57", "2"),
       ("Coby_Bradtke95", "58", "2"),
       ("Coby_Bradtke95", "62", "2"),
       ("Coby_Bradtke95", "63", "1"),
       ("Coby_Bradtke95", "64", "1"),
       ("Coby_Bradtke95", "65", "2"),
       ("Coby_Bradtke95", "70", "1"),
       ("Coby_Bradtke95", "76", "2"),
       ("Coby_Bradtke95", "83", "2"),
       ("Coby_Bradtke95", "85", "1"),
       ("Coby_Bradtke95", "86", "1"),
       ("Coby_Bradtke95", "89", "2"),
       ("Coby_Bradtke95", "96", "1"),
       ("Coby_Bradtke95", "97", "2"),
       ("Kyle89", "3", "2"),
       ("Kyle89", "9", "2"),
       ("Kyle89", "10", "1"),
       ("Kyle89", "17", "2"),
       ("Kyle89", "18", "2"),
       ("Kyle89", "19", "2"),
       ("Kyle89", "28", "1"),
       ("Kyle89", "29", "2"),
       ("Kyle89", "33", "1"),
       ("Kyle89", "35", "1"),
       ("Kyle89", "36", "1"),
       ("Kyle89", "40", "1"),
       ("Kyle89", "41", "2"),
       ("Kyle89", "43", "2"),
       ("Kyle89", "44", "2"),
       ("Kyle89", "50", "1"),
       ("Kyle89", "56", "1"),
       ("Kyle89", "63", "2"),
       ("Kyle89", "64", "2"),
       ("Kyle89", "66", "1"),
       ("Kyle89", "67", "1"),
       ("Kyle89", "72", "1"),
       ("Kyle89", "79", "2"),
       ("Kyle89", "81", "2"),
       ("Kyle89", "83", "1"),
       ("Kyle89", "86", "2"),
       ("Kyle89", "87", "2"),
       ("Kyle89", "88", "1"),
       ("Kyle89", "89", "1"),
       ("Kyle89", "91", "2"),
       ("Kyle89", "92", "1"),
       ("Kyle89", "95", "2"),
       ("Kyle89", "96", "2"),
       ("Kyle89", "97", "1"),
       ("Rodrigo_Johnston64", "1", "1"),
       ("Rodrigo_Johnston64", "2", "2"),
       ("Rodrigo_Johnston64", "4", "1"),
       ("Rodrigo_Johnston64", "9", "2"),
       ("Rodrigo_Johnston64", "10", "2"),
       ("Rodrigo_Johnston64", "15", "1"),
       ("Rodrigo_Johnston64", "17", "2"),
       ("Rodrigo_Johnston64", "18", "1"),
       ("Rodrigo_Johnston64", "20", "1"),
       ("Rodrigo_Johnston64", "21", "2"),
       ("Rodrigo_Johnston64", "23", "1"),
       ("Rodrigo_Johnston64", "26", "1"),
       ("Rodrigo_Johnston64", "27", "2"),
       ("Rodrigo_Johnston64", "28", "2"),
       ("Rodrigo_Johnston64", "29", "2"),
       ("Rodrigo_Johnston64", "30", "1"),
       ("Rodrigo_Johnston64", "32", "2"),
       ("Rodrigo_Johnston64", "33", "1"),
       ("Rodrigo_Johnston64", "34", "2"),
       ("Rodrigo_Johnston64", "37", "2"),
       ("Rodrigo_Johnston64", "38", "1"),
       ("Rodrigo_Johnston64", "40", "1"),
       ("Rodrigo_Johnston64", "43", "2"),
       ("Rodrigo_Johnston64", "47", "1"),
       ("Rodrigo_Johnston64", "51", "1"),
       ("Rodrigo_Johnston64", "54", "2"),
       ("Rodrigo_Johnston64", "55", "2"),
       ("Rodrigo_Johnston64", "59", "1"),
       ("Rodrigo_Johnston64", "62", "1"),
       ("Rodrigo_Johnston64", "63", "1"),
       ("Rodrigo_Johnston64", "64", "1"),
       ("Rodrigo_Johnston64", "69", "2"),
       ("Rodrigo_Johnston64", "73", "1"),
       ("Rodrigo_Johnston64", "74", "1"),
       ("Rodrigo_Johnston64", "76", "2"),
       ("Rodrigo_Johnston64", "77", "2"),
       ("Rodrigo_Johnston64", "82", "1"),
       ("Rodrigo_Johnston64", "84", "2"),
       ("Rodrigo_Johnston64", "86", "2"),
       ("Rodrigo_Johnston64", "89", "1"),
       ("Rodrigo_Johnston64", "94", "2"),
       ("Rodrigo_Johnston64", "95", "1"),
       ("Rodrigo_Johnston64", "97", "2"),
       ("Russell_Schultz", "4", "2"),
       ("Russell_Schultz", "5", "1"),
       ("Russell_Schultz", "8", "1"),
       ("Russell_Schultz", "12", "1"),
       ("Russell_Schultz", "13", "2"),
       ("Russell_Schultz", "14", "1"),
       ("Russell_Schultz", "15", "1"),
       ("Russell_Schultz", "18", "1"),
       ("Russell_Schultz", "19", "2"),
       ("Russell_Schultz", "21", "1"),
       ("Russell_Schultz", "24", "2"),
       ("Russell_Schultz", "27", "1"),
       ("Russell_Schultz", "28", "1"),
       ("Russell_Schultz", "31", "1"),
       ("Russell_Schultz", "35", "2"),
       ("Russell_Schultz", "36", "1"),
       ("Russell_Schultz", "39", "1"),
       ("Russell_Schultz", "41", "1"),
       ("Russell_Schultz", "42", "2"),
       ("Russell_Schultz", "43", "2"),
       ("Russell_Schultz", "47", "1"),
       ("Russell_Schultz", "48", "2"),
       ("Russell_Schultz", "50", "1"),
       ("Russell_Schultz", "52", "1"),
       ("Russell_Schultz", "55", "1"),
       ("Russell_Schultz", "62", "1"),
       ("Russell_Schultz", "63", "2"),
       ("Russell_Schultz", "66", "2"),
       ("Russell_Schultz", "69", "2"),
       ("Russell_Schultz", "72", "1"),
       ("Russell_Schultz", "73", "2"),
       ("Russell_Schultz", "74", "2"),
       ("Russell_Schultz", "75", "2"),
       ("Russell_Schultz", "78", "1"),
       ("Russell_Schultz", "79", "1"),
       ("Russell_Schultz", "80", "1"),
       ("Russell_Schultz", "81", "1"),
       ("Russell_Schultz", "82", "1"),
       ("Russell_Schultz", "85", "1"),
       ("Russell_Schultz", "88", "2"),
       ("Russell_Schultz", "91", "1"),
       ("Russell_Schultz", "94", "1"),
       ("Coy_Franecki8", "2", "2"),
       ("Coy_Franecki8", "3", "1"),
       ("Coy_Franecki8", "4", "1"),
       ("Coy_Franecki8", "9", "1"),
       ("Coy_Franecki8", "12", "2"),
       ("Coy_Franecki8", "15", "1"),
       ("Coy_Franecki8", "17", "2"),
       ("Coy_Franecki8", "18", "1"),
       ("Coy_Franecki8", "19", "2"),
       ("Coy_Franecki8", "20", "1"),
       ("Coy_Franecki8", "22", "1"),
       ("Coy_Franecki8", "23", "2"),
       ("Coy_Franecki8", "24", "2"),
       ("Coy_Franecki8", "27", "2"),
       ("Coy_Franecki8", "29", "2"),
       ("Coy_Franecki8", "33", "2"),
       ("Coy_Franecki8", "35", "1"),
       ("Coy_Franecki8", "38", "2"),
       ("Coy_Franecki8", "41", "2"),
       ("Coy_Franecki8", "42", "2"),
       ("Coy_Franecki8", "46", "1"),
       ("Coy_Franecki8", "52", "2"),
       ("Coy_Franecki8", "54", "2"),
       ("Coy_Franecki8", "55", "2"),
       ("Coy_Franecki8", "56", "2"),
       ("Coy_Franecki8", "57", "1"),
       ("Coy_Franecki8", "60", "2"),
       ("Coy_Franecki8", "61", "1"),
       ("Coy_Franecki8", "64", "1"),
       ("Coy_Franecki8", "65", "2"),
       ("Coy_Franecki8", "68", "2"),
       ("Coy_Franecki8", "70", "2"),
       ("Coy_Franecki8", "78", "1"),
       ("Coy_Franecki8", "82", "2"),
       ("Coy_Franecki8", "84", "2"),
       ("Coy_Franecki8", "86", "1"),
       ("Coy_Franecki8", "87", "1"),
       ("Coy_Franecki8", "89", "2"),
       ("Coy_Franecki8", "94", "1"),
       ("Coy_Franecki8", "96", "2"),
       ("Coy_Franecki8", "97", "2"),
       ("Coy_Franecki8", "100", "1"),
       ("Junius_Cole55", "3", "2"),
       ("Junius_Cole55", "4", "1"),
       ("Junius_Cole55", "7", "1"),
       ("Junius_Cole55", "8", "1"),
       ("Junius_Cole55", "12", "1"),
       ("Junius_Cole55", "17", "2"),
       ("Junius_Cole55", "19", "1"),
       ("Junius_Cole55", "20", "1"),
       ("Junius_Cole55", "21", "2"),
       ("Junius_Cole55", "23", "1"),
       ("Junius_Cole55", "24", "1"),
       ("Junius_Cole55", "26", "1"),
       ("Junius_Cole55", "35", "2"),
       ("Junius_Cole55", "40", "2"),
       ("Junius_Cole55", "41", "1"),
       ("Junius_Cole55", "45", "2"),
       ("Junius_Cole55", "46", "2"),
       ("Junius_Cole55", "47", "1"),
       ("Junius_Cole55", "50", "2"),
       ("Junius_Cole55", "53", "2"),
       ("Junius_Cole55", "54", "2"),
       ("Junius_Cole55", "55", "2"),
       ("Junius_Cole55", "56", "2"),
       ("Junius_Cole55", "59", "1"),
       ("Junius_Cole55", "60", "1"),
       ("Junius_Cole55", "65", "2"),
       ("Junius_Cole55", "67", "1"),
       ("Junius_Cole55", "77", "2"),
       ("Junius_Cole55", "78", "2"),
       ("Junius_Cole55", "81", "1"),
       ("Junius_Cole55", "83", "2"),
       ("Junius_Cole55", "84", "1"),
       ("Junius_Cole55", "86", "1"),
       ("Junius_Cole55", "87", "2"),
       ("Junius_Cole55", "90", "2"),
       ("Junius_Cole55", "93", "2"),
       ("Junius_Cole55", "96", "2"),
       ("Junius_Cole55", "98", "1"),
       ("Wilber.King62", "1", "1"),
       ("Wilber.King62", "4", "2"),
       ("Wilber.King62", "5", "2"),
       ("Wilber.King62", "6", "1"),
       ("Wilber.King62", "7", "1"),
       ("Wilber.King62", "12", "1"),
       ("Wilber.King62", "13", "1"),
       ("Wilber.King62", "16", "1"),
       ("Wilber.King62", "18", "1"),
       ("Wilber.King62", "20", "1"),
       ("Wilber.King62", "27", "2"),
       ("Wilber.King62", "28", "1"),
       ("Wilber.King62", "30", "1"),
       ("Wilber.King62", "33", "1"),
       ("Wilber.King62", "34", "1"),
       ("Wilber.King62", "36", "2"),
       ("Wilber.King62", "37", "2"),
       ("Wilber.King62", "39", "2"),
       ("Wilber.King62", "42", "2"),
       ("Wilber.King62", "43", "1"),
       ("Wilber.King62", "44", "1"),
       ("Wilber.King62", "45", "2"),
       ("Wilber.King62", "46", "1"),
       ("Wilber.King62", "52", "1"),
       ("Wilber.King62", "55", "2"),
       ("Wilber.King62", "56", "2"),
       ("Wilber.King62", "59", "1"),
       ("Wilber.King62", "60", "1"),
       ("Wilber.King62", "62", "1"),
       ("Wilber.King62", "65", "1"),
       ("Wilber.King62", "68", "1"),
       ("Wilber.King62", "73", "2"),
       ("Wilber.King62", "74", "2"),
       ("Wilber.King62", "76", "1"),
       ("Wilber.King62", "78", "1"),
       ("Wilber.King62", "80", "2"),
       ("Wilber.King62", "81", "1"),
       ("Wilber.King62", "82", "2"),
       ("Wilber.King62", "84", "2"),
       ("Wilber.King62", "86", "2"),
       ("Wilber.King62", "87", "1"),
       ("Wilber.King62", "93", "1"),
       ("Wilber.King62", "98", "1"),
       ("Russ48", "4", "2"),
       ("Russ48", "7", "1"),
       ("Russ48", "9", "1"),
       ("Russ48", "10", "2"),
       ("Russ48", "11", "2"),
       ("Russ48", "13", "2"),
       ("Russ48", "17", "1"),
       ("Russ48", "20", "2"),
       ("Russ48", "22", "1"),
       ("Russ48", "31", "1"),
       ("Russ48", "32", "1"),
       ("Russ48", "36", "2"),
       ("Russ48", "38", "2"),
       ("Russ48", "40", "2"),
       ("Russ48", "43", "1"),
       ("Russ48", "45", "2"),
       ("Russ48", "47", "2"),
       ("Russ48", "48", "2"),
       ("Russ48", "54", "2"),
       ("Russ48", "58", "2"),
       ("Russ48", "59", "2"),
       ("Russ48", "62", "2"),
       ("Russ48", "70", "2"),
       ("Russ48", "71", "1"),
       ("Russ48", "78", "1"),
       ("Russ48", "79", "1"),
       ("Russ48", "85", "1"),
       ("Russ48", "86", "1"),
       ("Russ48", "92", "2"),
       ("Russ48", "93", "1"),
       ("Russ48", "94", "2"),
       ("Russ48", "100", "1"),
       ("Althea_Corkery3", "2", "2"),
       ("Althea_Corkery3", "4", "1"),
       ("Althea_Corkery3", "5", "2"),
       ("Althea_Corkery3", "11", "1"),
       ("Althea_Corkery3", "12", "2"),
       ("Althea_Corkery3", "13", "2"),
       ("Althea_Corkery3", "15", "2"),
       ("Althea_Corkery3", "16", "2"),
       ("Althea_Corkery3", "17", "1"),
       ("Althea_Corkery3", "18", "2"),
       ("Althea_Corkery3", "26", "1"),
       ("Althea_Corkery3", "33", "2"),
       ("Althea_Corkery3", "35", "1"),
       ("Althea_Corkery3", "36", "2"),
       ("Althea_Corkery3", "37", "1"),
       ("Althea_Corkery3", "39", "1"),
       ("Althea_Corkery3", "42", "1"),
       ("Althea_Corkery3", "49", "2"),
       ("Althea_Corkery3", "50", "2"),
       ("Althea_Corkery3", "52", "1"),
       ("Althea_Corkery3", "55", "2"),
       ("Althea_Corkery3", "56", "2"),
       ("Althea_Corkery3", "57", "2"),
       ("Althea_Corkery3", "58", "2"),
       ("Althea_Corkery3", "63", "1"),
       ("Althea_Corkery3", "64", "2"),
       ("Althea_Corkery3", "65", "2"),
       ("Althea_Corkery3", "66", "1"),
       ("Althea_Corkery3", "67", "1"),
       ("Althea_Corkery3", "70", "2"),
       ("Althea_Corkery3", "72", "1"),
       ("Althea_Corkery3", "73", "1"),
       ("Althea_Corkery3", "74", "1"),
       ("Althea_Corkery3", "76", "2"),
       ("Althea_Corkery3", "78", "1"),
       ("Althea_Corkery3", "79", "2"),
       ("Althea_Corkery3", "81", "1"),
       ("Althea_Corkery3", "85", "1"),
       ("Althea_Corkery3", "86", "2"),
       ("Althea_Corkery3", "88", "1"),
       ("Althea_Corkery3", "89", "1"),
       ("Althea_Corkery3", "91", "1"),
       ("Althea_Corkery3", "94", "1"),
       ("Althea_Corkery3", "96", "1"),
       ("Althea_Corkery3", "97", "2"),
       ("Althea_Corkery3", "98", "2"),
       ("Althea_Corkery3", "99", "2"),
       ("Kaylee_Treutel", "1", "2"),
       ("Kaylee_Treutel", "2", "1"),
       ("Kaylee_Treutel", "5", "1"),
       ("Kaylee_Treutel", "10", "1"),
       ("Kaylee_Treutel", "15", "2"),
       ("Kaylee_Treutel", "17", "2"),
       ("Kaylee_Treutel", "20", "1"),
       ("Kaylee_Treutel", "24", "1"),
       ("Kaylee_Treutel", "27", "1"),
       ("Kaylee_Treutel", "29", "2"),
       ("Kaylee_Treutel", "31", "2"),
       ("Kaylee_Treutel", "36", "2"),
       ("Kaylee_Treutel", "37", "2"),
       ("Kaylee_Treutel", "38", "2"),
       ("Kaylee_Treutel", "40", "2"),
       ("Kaylee_Treutel", "44", "2"),
       ("Kaylee_Treutel", "47", "2"),
       ("Kaylee_Treutel", "49", "1"),
       ("Kaylee_Treutel", "51", "1"),
       ("Kaylee_Treutel", "57", "1"),
       ("Kaylee_Treutel", "59", "1"),
       ("Kaylee_Treutel", "61", "1"),
       ("Kaylee_Treutel", "64", "1"),
       ("Kaylee_Treutel", "66", "1"),
       ("Kaylee_Treutel", "68", "1"),
       ("Kaylee_Treutel", "70", "1"),
       ("Kaylee_Treutel", "74", "2"),
       ("Kaylee_Treutel", "77", "2"),
       ("Kaylee_Treutel", "78", "1"),
       ("Kaylee_Treutel", "79", "1"),
       ("Kaylee_Treutel", "83", "1"),
       ("Kaylee_Treutel", "86", "1"),
       ("Kaylee_Treutel", "89", "2"),
       ("Kaylee_Treutel", "92", "1"),
       ("Kaylee_Treutel", "95", "2"),
       ("Ralph.Kub", "2", "2"),
       ("Ralph.Kub", "4", "2"),
       ("Ralph.Kub", "6", "2"),
       ("Ralph.Kub", "8", "1"),
       ("Ralph.Kub", "9", "2"),
       ("Ralph.Kub", "14", "1"),
       ("Ralph.Kub", "15", "1"),
       ("Ralph.Kub", "19", "1"),
       ("Ralph.Kub", "20", "2"),
       ("Ralph.Kub", "21", "2"),
       ("Ralph.Kub", "22", "2"),
       ("Ralph.Kub", "26", "2"),
       ("Ralph.Kub", "27", "2"),
       ("Ralph.Kub", "31", "1"),
       ("Ralph.Kub", "35", "1"),
       ("Ralph.Kub", "39", "2"),
       ("Ralph.Kub", "42", "1"),
       ("Ralph.Kub", "43", "1"),
       ("Ralph.Kub", "46", "2"),
       ("Ralph.Kub", "47", "1"),
       ("Ralph.Kub", "48", "2"),
       ("Ralph.Kub", "49", "2"),
       ("Ralph.Kub", "51", "1"),
       ("Ralph.Kub", "53", "1"),
       ("Ralph.Kub", "55", "2"),
       ("Ralph.Kub", "57", "1"),
       ("Ralph.Kub", "58", "1"),
       ("Ralph.Kub", "62", "2"),
       ("Ralph.Kub", "67", "1"),
       ("Ralph.Kub", "68", "1"),
       ("Ralph.Kub", "70", "1"),
       ("Ralph.Kub", "72", "2"),
       ("Ralph.Kub", "75", "1"),
       ("Ralph.Kub", "78", "2"),
       ("Ralph.Kub", "82", "1"),
       ("Ralph.Kub", "83", "2"),
       ("Ralph.Kub", "88", "2"),
       ("Ralph.Kub", "89", "2"),
       ("Ralph.Kub", "92", "1"),
       ("Ralph.Kub", "97", "2"),
       ("Ralph.Kub", "98", "2"),
       ("Ralph.Kub", "100", "1");
