

-- Insert Statements for USER
insert into USER (Username, CreatedTime, Hash, Salt)
VALUES("Berenice_Morar11", "2022-11-08T23:46:58.641Z", "0b3d0e1085793465ca420496d68ee7d639b5a8c82d6791a920866aae00b6adf95a7a38e8b12dbbaeb0698a956a02ff88f937bef46016c7ba9bb0ccf1bccbc5db", "2d3e04922a455f0da7d2f70ab4b53b9f"),
       ("Alejandrin7", "2023-02-24T03:16:28.211Z", "40bea41503ec8bec9479de8c4eed1b23ae1effdb7886395372b94d6d08c58f7a7efa035d3f375957377a490eede230780bf3a1857d8de10aed2422f4be4346ea", "a0101067f916c6282c68a339919ec766"),
       ("Susanna17", "2022-07-19T22:23:18.790Z", "dc89061011ce87c52af65865a863644ecfb2f32eaa4513c026dbcdc13127bed45b4288fe0d5d6445353c02f5680c71bcb0e93a00771034fa7c6891af82e67fe6", "80dfdbfebfb8e6b6ae6620d6167f0d72"),
       ("Kaleigh62", "2022-11-25T05:30:34.509Z", "f3200a2333a2d14990666df7cf7e68ade2734822fd7f3f71b7b5f087d3e083cd0ac83dd812bc1f37eb7e22e4121da6a384a0aba85ba44a76df2ed31b94e01aa0", "b7935b12b8569051d67417833eb50e46"),
       ("Geo.Bartoletti71", "2023-04-13T14:16:08.250Z", "43d8102bc0e6cc5e79609f45cef272702834ef2c01f3801adb7758c2f6474fd87e8ac7a58a0faf03f7f48ab13516a8b882161c87f918aeff6497f3a984c332f1", "bb0cd3f2788f6a7164192538dd36645d"),
       ("Alanna.Carter16", "2022-08-26T06:11:49.313Z", "0a2e19aabeccf9065310de1a923c230584a569a4a55aa3d8af1f5d334a661fc5d91429006dc5dfe69bac4970a6823087cc8414f307a5e9915089132efae8453a", "09ab7fcef526bc5d4c40d636b86b14c7"),
       ("Mariah.Adams", "2022-10-02T00:28:14.075Z", "c5fa648ca44143d30479c2cdff57f2b79d9648be8727fe882f4cdca43639dfc0be7d272637f0ee22f07b65cf598b6f52aa4d3e833a77403caa27b9e722010832", "248e174ee5209e74f70f49a66972a23f"),
       ("Adonis_Cremin23", "2023-04-03T00:15:11.897Z", "45d9c0951499cc606808d724a98d5bb3ef5dcc3de0a136a127b6800f24ec8ebe9436fafb680a46992eebf75840d9969045c02c6b2e1a053b6a3898d2fa0e3099", "655e7a28b711251953d0bc31681532ca"),
       ("Declan58", "2023-01-10T23:28:58.888Z", "810dd2fadd0f3ccaf7617b2bd16a279cf2e96e6e91ddfbee19ed60d5342becd5b515ece189a7e874f776332587ba9d8ef9d7eb91414cdf8e9d9ed7ab9dd46334", "e9485fa6a01a00368779ab656b38e864"),
       ("Melissa31", "2023-03-30T07:40:39.027Z", "d72badf2d83063008401578460ef62d6ba25fcdba81b00a4eef63f58a13d4e71516054397eefa2f67780e837c28920479f75de67c03725cd28f566f561aad8f9", "ba680f2eaa0732844a574c6b54480936"),
       ("Minnie91", "2022-07-07T17:21:00.536Z", "5fbec6e0bf5e8d7541e2ecfe18625744303215e1016dc47eab71f1ddb7c0c09d9e187764fe171d1eb761136f8406b67c38354b898062a437d97898ce349eeaa4", "427c434c90c83e30a567e6d8b55cb39f"),
       ("Myron.Nader", "2022-07-26T23:05:38.506Z", "a54a5dd9712f5abf0a9ac7bc382e49862299a434cfeb43b42c9a661eb6a3830688cfec6766d3589274cd15c03d68bb739115bf26e98ab13982f3a13de11390f5", "238fb66ddb6856e49b83db5e64fe0760"),
       ("Rosa.Cummerata95", "2022-11-10T17:13:07.445Z", "d81e6b9ceea34c12b61cdfcf66360f9234f53c36689e99ab578e4debe085ac9d29bdff1685567199e3fff8006272cc2dd5a2ee9f6a976d9bb576717fded9ea1e", "d5b9d787b612e1ae701d7ef584d8ab52"),
       ("Angelita.Parker81", "2022-11-05T01:28:59.911Z", "d3e0ec27ec1b1d54312b3dee42941c1d0022ced1ace6f1055d30b6f571a78c5b0befaf66e78f437b8af34eb49648401b0f1985f3b1d8b51b32d01ee33f88b455", "35c62849edd9d5dafbff5c983114c9c4"),
       ("Tavares.Hirthe", "2022-09-05T04:31:15.451Z", "5e090052f35d156c9b907aaecbec6938115672937af948bc3feae44bb381d2d7c2192c8f880c5fa30d5acbfaad0548a6ba0db35627b5ae41b39492b3ed078406", "e6c5b7bc440098c2c3121c3dd4834acd"),
       ("Eunice67", "2023-04-01T06:46:14.813Z", "72938a1b272935d8b7690087e892e845624d05b0a925abd8c1b096135a0d1b4a66827cd132dea6bb378566fe763ff216ea729dbdd40fec9d67a4ae6d375bf429", "19451d535fcd5cec0fd4e00d76eb0a07"),
       ("Velva_Kuhn", "2022-05-24T16:55:20.129Z", "0c3c2f07d78f7093fe50955033b419e0267b5cc52c043fb1879c4b1318bd4056501c6f66886b520b5b1e65a1c1c76036c2889881c5ba161fd98dae56d9d0d212", "a6450693e226686bdf4a69508a949670"),
       ("Zack_Kutch", "2023-03-05T04:21:51.193Z", "02ea71a12bd8d44ab0d640c36c2fee93b633baa2716db8c097909d04971c43c9ea3f73caf89bb62b80d10e0d119727557fc8fb09bbed2412cca2b9d5c8895c04", "f3390e6e8ffdab8a07cc9a89856a507f"),
       ("Kenya.Kautzer18", "2023-02-18T07:45:15.482Z", "b608b33cb1ef450ccbe403c0cd07543646e633dc57ff36a7473bcd70016b5c773d1d5a42f30130051cca459092e1521c6589458e96480466c5115f0ef735f369", "ebf111bba9312fb9ad9901ee5f926ff1"),
       ("Otis89", "2023-04-07T13:40:22.960Z", "2f9dcfce53e4ae3c938d13129cdf952d8bc5cf136b138f645c6902d63b0eff39e8cc700f2af3d66456d3958026158c7dda75fd762d38bb6325793a3b204d0673", "6a97e5ea424cecd6f66e0b0e89d84c29");


-- Insert Statements for Birthday
insert into Birthday (Username, Birthday)
VALUES("Berenice_Morar11", "1984-06-24"),
       ("Alejandrin7", "2008-03-18"),
       ("Susanna17", "1983-04-30"),
       ("Kaleigh62", "1986-12-03"),
       ("Geo.Bartoletti71", "1998-05-14"),
       ("Alanna.Carter16", "1974-02-06"),
       ("Mariah.Adams", "1994-03-12"),
       ("Adonis_Cremin23", "1999-06-25"),
       ("Declan58", "2012-03-24"),
       ("Melissa31", "2009-10-20"),
       ("Minnie91", "1993-01-03"),
       ("Myron.Nader", "1998-03-02"),
       ("Rosa.Cummerata95", "2008-01-20"),
       ("Angelita.Parker81", "1998-08-31"),
       ("Tavares.Hirthe", "2016-07-05"),
       ("Eunice67", "2009-10-23"),
       ("Velva_Kuhn", "1982-06-05"),
       ("Zack_Kutch", "2009-11-08"),
       ("Kenya.Kautzer18", "2008-02-19"),
       ("Otis89", "1998-04-24");


-- Insert Statements for Description
insert into Description (Username, Description)
VALUES("Berenice_Morar11", "Dolorem quae repellendus voluptatibus incidunt ducimus consectetur totam eaque accusantium."),
       ("Alejandrin7", "Quo fuga commodi distinctio corporis itaque eius atque."),
       ("Susanna17", "Deleniti voluptas quibusdam voluptas labore nobis."),
       ("Kaleigh62", "Unde eligendi accusamus perspiciatis a explicabo ab nihil beatae accusamus."),
       ("Geo.Bartoletti71", "Minima natus aperiam dignissimos quam dolorum quas veniam itaque ullam."),
       ("Alanna.Carter16", "Quae sunt similique sunt dolorum beatae recusandae."),
       ("Mariah.Adams", "Soluta maxime odit illum doloremque."),
       ("Adonis_Cremin23", "Explicabo temporibus minus odit quae aut libero doloremque ab."),
       ("Declan58", "Ipsam non fuga."),
       ("Melissa31", "Impedit natus nemo minus blanditiis laudantium."),
       ("Minnie91", "Et fugit maxime corporis ea tempora corporis."),
       ("Myron.Nader", "Delectus in cupiditate."),
       ("Rosa.Cummerata95", "Tempore explicabo sint dolores quibusdam asperiores repellendus ullam ea velit."),
       ("Angelita.Parker81", "Nobis non voluptas magnam mollitia maiores fugiat."),
       ("Tavares.Hirthe", "Doloremque tenetur earum officiis."),
       ("Eunice67", "In quia accusamus."),
       ("Velva_Kuhn", "Sequi corporis a."),
       ("Zack_Kutch", "Expedita sunt nihil aut placeat explicabo iste minima accusamus."),
       ("Kenya.Kautzer18", "Saepe hic blanditiis beatae."),
       ("Otis89", "Cum praesentium vitae.");


-- Insert Statements for Location
insert into Location (Username, Location)
VALUES("Berenice_Morar11", "Brentwood"),
       ("Alejandrin7", "East Maida"),
       ("Susanna17", "Keller"),
       ("Kaleigh62", "East Garnett"),
       ("Geo.Bartoletti71", "Wisokymouth"),
       ("Alanna.Carter16", "Mayerfort"),
       ("Mariah.Adams", "Catalina Foothills"),
       ("Adonis_Cremin23", "Saginaw"),
       ("Declan58", "Lueilwitzbury"),
       ("Melissa31", "Raynorworth"),
       ("Minnie91", "East Cristalland"),
       ("Myron.Nader", "Abshireshire"),
       ("Rosa.Cummerata95", "Lake Nellaville"),
       ("Angelita.Parker81", "West Sarina"),
       ("Tavares.Hirthe", "North Columbus"),
       ("Eunice67", "Cummeratastad"),
       ("Velva_Kuhn", "Potomac"),
       ("Zack_Kutch", "Armstrongburgh"),
       ("Kenya.Kautzer18", "Belleville"),
       ("Otis89", "Erichhaven");


-- Insert Statements for ExternalLinks
insert into ExternalLinks (Username, Link)
VALUES("Berenice_Morar11", "https://arctic-transmission.org"),
       ("Alejandrin7", "http://stimulating-parking.biz"),
       ("Susanna17", "http://eminent-thief.info"),
       ("Kaleigh62", "http://decent-calcification.name"),
       ("Geo.Bartoletti71", "https://tubby-chime.name"),
       ("Alanna.Carter16", "http://artistic-leopard.biz"),
       ("Mariah.Adams", "http://quarrelsome-scaffold.net"),
       ("Adonis_Cremin23", "https://plaintive-quicksand.net"),
       ("Declan58", "http://oval-leverage.info"),
       ("Melissa31", "https://dependent-eye.biz"),
       ("Minnie91", "http://natural-kingfish.info"),
       ("Myron.Nader", "http://monumental-footprint.net"),
       ("Rosa.Cummerata95", "http://present-nick.info"),
       ("Angelita.Parker81", "https://impressionable-biosphere.com"),
       ("Tavares.Hirthe", "http://faint-lid.info"),
       ("Eunice67", "https://twin-vermicelli.biz"),
       ("Velva_Kuhn", "https://elementary-gran.info"),
       ("Zack_Kutch", "https://brilliant-cholesterol.name"),
       ("Kenya.Kautzer18", "http://messy-tube.info"),
       ("Otis89", "http://regular-arena.com");


-- Insert Statements for URLSHORTENER
insert into URLSHORTENER (OriginalURL)
VALUES("http://cruel-plowman.com"),
       ("http://vast-editing.org"),
       ("https://chubby-driver.biz"),
       ("https://cheerful-provider.net"),
       ("https://personal-meringue.biz"),
       ("https://wretched-debate.com"),
       ("https://monstrous-release.net"),
       ("https://wrathful-village.org"),
       ("http://mad-rank.biz"),
       ("https://unruly-toffee.net"),
       ("https://useless-mask.com"),
       ("http://those-dusk.info"),
       ("https://flickering-species.info"),
       ("http://dim-cliff.net"),
       ("http://optimal-drudgery.info"),
       ("https://unlawful-metro.com"),
       ("http://helpful-textbook.com"),
       ("https://known-turning.com"),
       ("https://defiant-junket.net"),
       ("https://parched-turnover.name"),
       ("http://hoarse-robotics.biz"),
       ("https://odd-pew.info"),
       ("http://skinny-savings.org"),
       ("http://old-supreme.org"),
       ("http://thin-diarist.info"),
       ("http://growing-mosquito.net"),
       ("https://sad-ostrich.com"),
       ("http://low-bike.name"),
       ("https://powerful-malice.biz"),
       ("https://affectionate-appetite.biz"),
       ("http://scaly-necklace.com"),
       ("http://tinted-laundry.com"),
       ("http://gross-mangrove.biz"),
       ("http://detailed-sash.com"),
       ("http://warm-bud.com"),
       ("https://insistent-bather.net"),
       ("http://outstanding-lesson.org"),
       ("https://standard-antique.info"),
       ("https://enraged-reason.name"),
       ("http://clear-industrialization.name"),
       ("http://distinct-sanity.org"),
       ("https://robust-passion.info"),
       ("http://aromatic-rating.org"),
       ("http://pessimistic-dresser.biz"),
       ("http://fortunate-majority.name"),
       ("http://well-off-claim.net"),
       ("http://simplistic-disembodiment.name"),
       ("http://similar-mantua.com"),
       ("http://hefty-outrun.com"),
       ("http://sniveling-laborer.biz"),
       ("https://second-deposition.org"),
       ("https://drab-cribbage.info"),
       ("http://quizzical-division.biz"),
       ("http://warmhearted-bourgeoisie.info"),
       ("https://brown-method.com"),
       ("https://informal-bull.biz"),
       ("https://self-reliant-deformation.org"),
       ("https://lonely-textbook.net"),
       ("http://made-up-myth.com"),
       ("https://sardonic-waterbed.biz"),
       ("https://snappy-neon.org"),
       ("http://dizzy-collard.com"),
       ("https://bad-yoyo.net"),
       ("https://grandiose-stealth.com"),
       ("https://attractive-caribou.name"),
       ("https://ironclad-oncology.org"),
       ("http://tight-great-grandfather.info"),
       ("https://tragic-cd.info"),
       ("https://lovely-coinsurance.com"),
       ("http://white-thrill.biz"),
       ("http://foolish-reindeer.name"),
       ("http://ignorant-bestseller.org"),
       ("http://late-hit.com"),
       ("https://smoggy-immortal.info"),
       ("http://forked-tummy.org"),
       ("https://hollow-goat.name"),
       ("https://specific-music-making.info"),
       ("http://vigorous-kielbasa.com"),
       ("https://difficult-excerpt.net"),
       ("http://virtuous-jiffy.net"),
       ("http://prize-statistics.com"),
       ("http://failing-pheromone.net"),
       ("https://deadly-rocket.info"),
       ("http://aromatic-underneath.name"),
       ("http://yellow-node.net"),
       ("https://fearless-milepost.name"),
       ("https://bouncy-subway.net"),
       ("https://bewitched-wetsuit.com"),
       ("http://black-and-white-anesthesiology.info"),
       ("http://tempting-account.net"),
       ("https://exhausted-cocktail.name"),
       ("https://circular-crotch.info"),
       ("http://cheap-consequence.biz"),
       ("http://left-millennium.org"),
       ("http://jaunty-candidacy.biz"),
       ("https://substantial-balance.biz"),
       ("http://unhealthy-numismatist.info"),
       ("http://famous-mutt.name"),
       ("https://jealous-emergency.name"),
       ("https://ornery-value.net");


-- Insert Statements for HASHTAG
insert into HASHTAG (Tag)
VALUES("#ea"),
       ("#molestias"),
       ("#possimus"),
       ("#doloremque"),
       ("#sit"),
       ("#illo."),
       ("#sed"),
       ("#beatae"),
       ("#error"),
       ("#provident"),
       ("#quaerat."),
       ("#expedita"),
       ("#natus"),
       ("#modi"),
       ("#saepe"),
       ("#accusantium"),
       ("#delectus"),
       ("#accusamus"),
       ("#assumenda"),
       ("#hic."),
       ("#itaque"),
       ("#voluptate"),
       ("#asperiores"),
       ("#enim"),
       ("#aut."),
       ("#rem."),
       ("#fugit"),
       ("#hic"),
       ("#sapiente"),
       ("#culpa"),
       ("#facilis"),
       ("#perferendis"),
       ("#nesciunt"),
       ("#qui"),
       ("#nihil"),
       ("#rerum"),
       ("#voluptatum"),
       ("#optio"),
       ("#vel"),
       ("#tenetur."),
       ("#corporis"),
       ("#officiis"),
       ("#odio"),
       ("#alias"),
       ("#quos"),
       ("#eaque."),
       ("#inventore"),
       ("#quis"),
       ("#labore"),
       ("#temporibus"),
       ("#fuga"),
       ("#cum"),
       ("#nam"),
       ("#tenetur"),
       ("#eius"),
       ("#aliquam"),
       ("#officiis."),
       ("#ad"),
       ("#non."),
       ("#esse"),
       ("#veniam"),
       ("#nisi"),
       ("#velit"),
       ("#ipsam"),
       ("#voluptates"),
       ("#impedit"),
       ("#maiores"),
       ("#commodi"),
       ("#voluptatem"),
       ("#ullam"),
       ("#eligendi"),
       ("#excepturi"),
       ("#modi."),
       ("#quasi"),
       ("#nemo"),
       ("#consequuntur."),
       ("#consequatur"),
       ("#explicabo"),
       ("#aut"),
       ("#non"),
       ("#ex."),
       ("#ex"),
       ("#esse."),
       ("#quisquam"),
       ("#incidunt."),
       ("#rem"),
       ("#quod"),
       ("#iusto");


-- Insert Statements for POST
insert into POST (Contents, CreatedTime, PosterUsername, ShortLinkID)
VALUES("Suscipit impedit voluptate optio nulla cumque numquam #ea voluptatibus.", "2022-07-04T23:15:05.581Z", "Otis89", "56"),
       ("Ullam #possimus #molestias hic iusto.", "2022-09-18T00:23:09.920Z", "Tavares.Hirthe", "49"),
       ("Dolor debitis sed iusto commodi ut soluta accusamus nostrum fuga.", "2022-09-08T12:22:36.472Z", "Alanna.Carter16", "33"),
       ("#Sit odit minima #doloremque sit sapiente rerum quasi deserunt distinctio.", "2022-12-21T05:19:34.952Z", "Mariah.Adams", "17"),
       ("Atque reiciendis corporis sapiente.", "2022-11-28T05:58:25.156Z", "Zack_Kutch", "63"),
       ("Eligendi blanditiis #sed fuga #beatae #illo.", "2022-11-03T19:16:14.755Z", "Rosa.Cummerata95", "63"),
       ("Unde odit alias ex commodi adipisci.", "2023-02-17T08:40:02.796Z", "Angelita.Parker81", "26"),
       ("Tempore perspiciatis corporis ea velit perspiciatis tempora.", "2022-05-05T15:02:50.426Z", "Tavares.Hirthe", "53"),
       ("#Provident magnam #error deleniti tempore eaque amet aliquid incidunt ab.", "2022-05-11T18:17:40.683Z", "Otis89", "73"),
       ("Tenetur quam optio libero.", "2022-09-17T11:25:07.931Z", "Otis89", "82"),
       ("A fugiat asperiores #quaerat.", "2022-12-02T00:02:16.096Z", "Otis89", "7"),
       ("Iure #expedita perspiciatis sequi.", "2023-04-19T16:34:21.710Z", "Susanna17", "93"),
       ("Fugit culpa quaerat assumenda #natus totam corrupti excepturi.", "2022-10-15T11:39:57.732Z", "Adonis_Cremin23", "83"),
       ("Vel ullam velit possimus dolorum ea.", "2022-06-28T16:57:00.227Z", "Angelita.Parker81", "61"),
       ("Voluptas cum aperiam #modi #saepe #accusantium nemo.", "2022-08-01T01:29:20.248Z", "Kenya.Kautzer18", "93"),
       ("#Delectus #accusamus reiciendis.", "2023-04-05T12:28:23.983Z", "Eunice67", "27"),
       ("Beatae recusandae natus omnis adipisci consectetur molestiae.", "2023-02-20T12:50:47.725Z", "Tavares.Hirthe", "46"),
       ("Error minima quaerat sapiente iure pariatur natus quisquam non.", "2022-07-18T23:12:09.567Z", "Melissa31", "79"),
       ("Id illum ipsam natus voluptates maiores dolor minus.", "2023-01-11T11:03:31.295Z", "Geo.Bartoletti71", "88"),
       ("Qui impedit nisi at facere eaque quaerat esse.", "2023-01-05T07:18:14.389Z", "Declan58", "22"),
       ("Unde autem expedita voluptates recusandae dolore ipsam fuga.", "2023-02-15T01:08:54.307Z", "Berenice_Morar11", "51"),
       ("Odit #assumenda error nemo alias facere labore.", "2022-07-28T22:06:11.452Z", "Otis89", "63"),
       ("Nulla consequatur eum #delectus #hic.", "2022-12-06T06:18:31.335Z", "Zack_Kutch", "53"),
       ("Aut velit distinctio modi quisquam numquam magni esse voluptatum quidem.", "2023-01-05T07:50:07.607Z", "Tavares.Hirthe", "52"),
       ("Delectus #asperiores a nostrum repellendus eveniet #itaque #voluptate enim facilis.", "2022-05-15T20:54:21.608Z", "Alanna.Carter16", "27"),
       ("Tenetur aspernatur #enim #aut.", "2022-05-19T00:42:09.450Z", "Adonis_Cremin23", "30"),
       ("Animi voluptate eveniet illum quidem at #fugit officiis omnis #rem.", "2023-01-09T04:56:28.905Z", "Susanna17", "26"),
       ("Quis saepe officia explicabo.", "2023-03-27T07:03:12.835Z", "Otis89", "82"),
       ("Qui at #provident dolorum.", "2023-02-26T09:28:05.689Z", "Kenya.Kautzer18", "39"),
       ("Pariatur porro qui id dolor #hic a amet nostrum fugiat.", "2023-02-05T09:44:51.701Z", "Myron.Nader", "85"),
       ("Minus tempora nostrum labore cumque veniam expedita.", "2022-10-03T23:15:07.149Z", "Berenice_Morar11", "60"),
       ("Illum #sapiente et tempora dolorem error corporis ipsa voluptatum.", "2023-03-19T07:03:33.273Z", "Geo.Bartoletti71", "6"),
       ("Minima minima odit.", "2022-05-08T00:06:13.852Z", "Rosa.Cummerata95", "96"),
       ("Repudiandae #facilis animi accusamus facere assumenda exercitationem quia #culpa fugit.", "2022-06-08T14:09:17.518Z", "Kenya.Kautzer18", "1"),
       ("Ipsum id sint repellendus qui rerum eaque.", "2022-06-21T13:47:54.563Z", "Rosa.Cummerata95", "6"),
       ("#Modi amet debitis cum.", "2023-02-06T01:32:16.414Z", "Rosa.Cummerata95", "30"),
       ("#Perferendis expedita consequuntur pariatur #nesciunt explicabo velit ipsum iste tenetur.", "2022-06-10T21:53:22.114Z", "Mariah.Adams", "70"),
       ("#Qui #nihil mollitia nihil.", "2023-02-15T13:43:39.311Z", "Zack_Kutch", "27"),
       ("Autem dolorum molestias repellat sed corrupti.", "2023-02-18T01:49:12.867Z", "Otis89", "81"),
       ("Doloremque adipisci nulla dolore.", "2023-04-26T20:21:00.647Z", "Mariah.Adams", "57"),
       ("Tempore ex deserunt #rerum nostrum odit similique.", "2022-11-17T15:37:04.600Z", "Tavares.Hirthe", "50"),
       ("Corrupti nulla sed #voluptatum cupiditate reprehenderit vitae ex #optio fugiat.", "2022-10-07T11:29:30.418Z", "Berenice_Morar11", "64"),
       ("#Vel voluptate qui laboriosam voluptate.", "2022-10-18T12:41:53.963Z", "Susanna17", "75"),
       ("Ratione debitis fugiat expedita quasi deleniti saepe sequi #tenetur.", "2023-02-07T06:11:30.417Z", "Declan58", "82"),
       ("Et voluptate libero dicta quod deserunt voluptates culpa id magni.", "2022-07-06T07:28:45.665Z", "Declan58", "52"),
       ("Repellat voluptatem velit ab sint deserunt.", "2022-10-17T13:48:38.963Z", "Geo.Bartoletti71", "14"),
       ("Consectetur exercitationem nihil #facilis voluptatem #corporis nesciunt.", "2022-08-13T10:59:13.896Z", "Kaleigh62", "72"),
       ("Ex optio soluta inventore repellendus ut cumque.", "2022-09-04T00:58:31.548Z", "Alanna.Carter16", "57"),
       ("Labore tempore #beatae #vel eos quibusdam.", "2022-11-08T15:25:22.591Z", "Otis89", "87"),
       ("#Officiis in earum animi.", "2022-06-12T04:46:02.798Z", "Tavares.Hirthe", "31"),
       ("Optio tempora optio nam dicta.", "2022-07-24T16:24:30.080Z", "Adonis_Cremin23", "75"),
       ("Excepturi #alias ratione occaecati facere #odio magni assumenda.", "2022-07-23T17:11:38.745Z", "Zack_Kutch", "48"),
       ("Amet #quos #eaque.", "2023-03-21T18:31:03.716Z", "Eunice67", "82"),
       ("#Inventore expedita sapiente dignissimos.", "2022-07-03T22:39:27.785Z", "Kaleigh62", "2"),
       ("Quam #quis facere totam #voluptate quae.", "2022-12-26T19:14:20.196Z", "Angelita.Parker81", "38"),
       ("Aspernatur eveniet nisi animi autem.", "2022-12-31T06:59:34.448Z", "Berenice_Morar11", "57"),
       ("Eos laboriosam magni corrupti optio.", "2023-03-16T20:45:00.180Z", "Alejandrin7", "100"),
       ("#Ea delectus rerum dolor eaque nulla #saepe quam doloribus.", "2022-12-19T21:17:00.192Z", "Susanna17", "42"),
       ("Earum magni beatae explicabo natus in hic.", "2022-05-02T10:17:19.730Z", "Alanna.Carter16", "30"),
       ("Enim voluptatum #labore ea eum magnam quod dolores quam.", "2022-12-08T02:56:38.350Z", "Otis89", "86"),
       ("Unde architecto reprehenderit perspiciatis dolores modi vel.", "2022-07-14T04:55:37.280Z", "Velva_Kuhn", "62"),
       ("Ducimus quas doloribus aut officiis tenetur eos quidem suscipit.", "2022-05-03T01:22:36.081Z", "Kenya.Kautzer18", "98"),
       ("Nisi quia #temporibus #fuga #cum nobis repudiandae quibusdam cum.", "2022-08-31T08:21:16.812Z", "Minnie91", "60"),
       ("Eos dolorem veritatis #nam laudantium.", "2022-11-09T02:58:09.153Z", "Geo.Bartoletti71", "100"),
       ("Dolor #aliquam #eius magnam #tenetur voluptate illo minus vitae.", "2022-11-28T01:47:13.037Z", "Rosa.Cummerata95", "82"),
       ("#Vel perspiciatis #officiis.", "2023-04-21T12:47:31.976Z", "Eunice67", "47"),
       ("Molestias incidunt #eius deserunt alias quibusdam laudantium qui laudantium.", "2022-06-01T18:26:43.208Z", "Zack_Kutch", "74"),
       ("#Vel eveniet #ad dolor quam hic assumenda.", "2022-10-22T23:50:54.917Z", "Melissa31", "71"),
       ("Quod provident provident perferendis #non.", "2022-10-31T12:11:40.312Z", "Berenice_Morar11", "35"),
       ("Aperiam #esse culpa itaque nam.", "2022-06-07T22:49:30.216Z", "Tavares.Hirthe", "84"),
       ("Sint vero tenetur dicta veritatis beatae commodi hic.", "2022-06-22T09:49:26.709Z", "Otis89", "9"),
       ("Minus #veniam #nisi #velit quae.", "2023-02-07T14:20:40.900Z", "Susanna17", "3"),
       ("#Ipsam molestias fuga vero.", "2022-06-11T22:19:03.874Z", "Adonis_Cremin23", "75"),
       ("Voluptatem id accusamus magni nam eos molestiae illum non.", "2023-03-11T12:39:08.796Z", "Angelita.Parker81", "67"),
       ("#Voluptates explicabo veritatis distinctio.", "2022-07-17T16:56:54.163Z", "Velva_Kuhn", "23"),
       ("#Provident #impedit amet esse.", "2022-10-25T08:28:49.002Z", "Myron.Nader", "62"),
       ("Veniam in adipisci totam sed aliquam.", "2022-10-19T13:23:49.947Z", "Susanna17", "56"),
       ("Veniam #esse #maiores cum iste quidem at.", "2022-08-29T18:06:44.991Z", "Eunice67", "44"),
       ("#Commodi praesentium quis repellendus sint #voluptatem omnis libero.", "2022-12-24T05:25:54.459Z", "Velva_Kuhn", "86"),
       ("Optio voluptates #eligendi #ullam consequatur.", "2022-10-17T21:23:12.451Z", "Adonis_Cremin23", "11"),
       ("Voluptatum cupiditate voluptate #temporibus laudantium.", "2022-06-13T23:56:28.034Z", "Kaleigh62", "17"),
       ("Voluptates quod unde tenetur quo aliquid possimus totam eos alias.", "2023-04-25T07:58:47.647Z", "Angelita.Parker81", "26"),
       ("Neque numquam minus nemo magni.", "2023-02-19T14:14:20.543Z", "Susanna17", "71"),
       ("Excepturi modi provident dignissimos suscipit nemo.", "2023-01-08T20:47:51.145Z", "Tavares.Hirthe", "24"),
       ("Tenetur #excepturi commodi amet veritatis odio quisquam #modi.", "2023-03-16T17:26:24.909Z", "Minnie91", "93"),
       ("Magni adipisci eaque officia #accusantium odio.", "2022-12-05T03:16:29.526Z", "Declan58", "65"),
       ("#Quasi animi voluptates.", "2022-06-14T16:05:25.256Z", "Myron.Nader", "39"),
       ("Illum necessitatibus #nemo rerum non ipsa fuga.", "2023-04-16T21:13:25.937Z", "Kaleigh62", "23"),
       ("Perferendis tenetur placeat rem #consequuntur.", "2022-12-08T09:22:38.712Z", "Adonis_Cremin23", "19"),
       ("#Assumenda distinctio modi.", "2022-06-11T05:41:40.567Z", "Susanna17", "67"),
       ("Excepturi dolores non tempora #consequatur ad voluptatum dolorum repellat deserunt.", "2022-10-25T02:34:09.992Z", "Adonis_Cremin23", "34"),
       ("Harum nobis deserunt vitae at laboriosam.", "2023-04-06T20:58:17.183Z", "Berenice_Morar11", "79"),
       ("Illum incidunt a sequi adipisci #explicabo veniam consectetur.", "2022-07-09T14:14:41.540Z", "Velva_Kuhn", "18"),
       ("Fugit #aut quisquam #non #ex.", "2022-09-24T15:48:27.049Z", "Alejandrin7", "94"),
       ("#Ex sed consectetur #hic ab.", "2022-09-08T17:16:14.937Z", "Kenya.Kautzer18", "17"),
       ("Consequuntur officiis dolore #esse.", "2023-02-13T10:06:52.212Z", "Berenice_Morar11", "55"),
       ("Sed illum repudiandae alias voluptatum eveniet #quisquam #incidunt.", "2022-09-30T13:50:58.157Z", "Zack_Kutch", "59"),
       ("Quia inventore ducimus saepe.", "2022-10-22T05:22:18.939Z", "Berenice_Morar11", "94"),
       ("#Modi placeat eius.", "2022-06-27T02:01:35.753Z", "Berenice_Morar11", "78"),
       ("Laborum #iusto molestias #rem #quod quidem tenetur.", "2022-06-01T05:36:42.420Z", "Myron.Nader", "57");


-- Insert Statements for IncludesTag
insert into IncludesTag (PostID, Tag)
VALUES("1", "#ea"),
       ("2", "#molestias"),
       ("2", "#possimus"),
       ("4", "#doloremque"),
       ("4", "#sit"),
       ("6", "#illo."),
       ("6", "#sed"),
       ("6", "#beatae"),
       ("9", "#error"),
       ("9", "#provident"),
       ("11", "#quaerat."),
       ("12", "#expedita"),
       ("13", "#natus"),
       ("15", "#modi"),
       ("15", "#saepe"),
       ("15", "#accusantium"),
       ("16", "#delectus"),
       ("16", "#accusamus"),
       ("22", "#assumenda"),
       ("23", "#hic."),
       ("23", "#delectus"),
       ("25", "#itaque"),
       ("25", "#voluptate"),
       ("25", "#asperiores"),
       ("26", "#enim"),
       ("26", "#aut."),
       ("27", "#rem."),
       ("27", "#fugit"),
       ("29", "#provident"),
       ("30", "#hic"),
       ("32", "#sapiente"),
       ("34", "#culpa"),
       ("34", "#facilis"),
       ("36", "#modi"),
       ("37", "#perferendis"),
       ("37", "#nesciunt"),
       ("38", "#qui"),
       ("38", "#nihil"),
       ("41", "#rerum"),
       ("42", "#voluptatum"),
       ("42", "#optio"),
       ("43", "#vel"),
       ("44", "#tenetur."),
       ("47", "#corporis"),
       ("47", "#facilis"),
       ("49", "#vel"),
       ("49", "#beatae"),
       ("50", "#officiis"),
       ("52", "#odio"),
       ("52", "#alias"),
       ("53", "#quos"),
       ("53", "#eaque."),
       ("54", "#inventore"),
       ("55", "#voluptate"),
       ("55", "#quis"),
       ("58", "#saepe"),
       ("58", "#ea"),
       ("60", "#labore"),
       ("63", "#temporibus"),
       ("63", "#fuga"),
       ("63", "#cum"),
       ("64", "#nam"),
       ("65", "#tenetur"),
       ("65", "#eius"),
       ("65", "#aliquam"),
       ("66", "#officiis."),
       ("66", "#vel"),
       ("67", "#eius"),
       ("68", "#ad"),
       ("68", "#vel"),
       ("69", "#non."),
       ("70", "#esse"),
       ("72", "#veniam"),
       ("72", "#nisi"),
       ("72", "#velit"),
       ("73", "#ipsam"),
       ("75", "#voluptates"),
       ("76", "#impedit"),
       ("76", "#provident"),
       ("78", "#maiores"),
       ("78", "#esse"),
       ("79", "#commodi"),
       ("79", "#voluptatem"),
       ("80", "#ullam"),
       ("80", "#eligendi"),
       ("81", "#temporibus"),
       ("85", "#excepturi"),
       ("85", "#modi."),
       ("86", "#accusantium"),
       ("87", "#quasi"),
       ("88", "#nemo"),
       ("89", "#consequuntur."),
       ("90", "#assumenda"),
       ("91", "#consequatur"),
       ("93", "#explicabo"),
       ("94", "#aut"),
       ("94", "#non"),
       ("94", "#ex."),
       ("95", "#hic"),
       ("95", "#ex"),
       ("96", "#esse."),
       ("97", "#quisquam"),
       ("97", "#incidunt."),
       ("99", "#modi"),
       ("100", "#rem"),
       ("100", "#quod"),
       ("100", "#iusto");


-- Insert Statements for POLL
insert into POLL (PostID, Title, Option1Text, Option2Text)
VALUES("1", "Delectus nobis aperiam magni cum repelle", "eum", "aperiam"),
       ("5", "Impedit ratione sit odio pariatur suscip", "eum", "tenetur"),
       ("8", "Quia eius tempore ab.", "nostrum", "delectus"),
       ("12", "Voluptatum atque explicabo.", "eius", "ex"),
       ("13", "Hic mollitia dolor accusantium impedit o", "vero", "atque"),
       ("14", "Ex dicta aliquam rerum minima fuga delec", "occaecati", "nobis"),
       ("20", "Rem officia praesentium necessitatibus v", "porro", "iusto"),
       ("21", "Repellendus laborum eum illo sapiente ar", "officia", "vero"),
       ("23", "Iure adipisci et.", "praesentium", "praesentium"),
       ("24", "Nulla accusantium molestias hic aliquam.", "ducimus", "modi"),
       ("27", "Quasi beatae quos.", "iusto", "eos"),
       ("28", "Asperiores blanditiis quia sed.", "placeat", "cumque"),
       ("35", "Quibusdam enim incidunt in expedita quod", "ullam", "enim"),
       ("36", "Unde necessitatibus quis eum error bland", "repellendus", "incidunt"),
       ("42", "Ea voluptatibus sed.", "odit", "praesentium"),
       ("43", "Dolor hic repellendus enim.", "perspiciatis", "possimus"),
       ("44", "Culpa blanditiis ipsum voluptatum a maio", "itaque", "rerum"),
       ("50", "Id nemo unde.", "non", "saepe"),
       ("56", "Mollitia similique laudantium eum unde a", "in", "fugiat"),
       ("63", "Nesciunt autem impedit dolorum.", "in", "similique"),
       ("71", "Atque maiores quis recusandae occaecati ", "unde", "ullam"),
       ("78", "Ullam cumque doloribus eveniet temporibu", "vitae", "libero"),
       ("87", "Eum tempora alias repudiandae voluptate ", "at", "atque"),
       ("90", "Laborum expedita est illum dignissimos s", "iusto", "voluptas"),
       ("92", "Vitae reprehenderit vitae eos ipsam susc", "sunt", "eos"),
       ("93", "Est doloribus quibusdam iusto consequunt", "aspernatur", "sed"),
       ("95", "Blanditiis ea maxime explicabo porro ull", "reiciendis", "molestias"),
       ("97", "Voluptatibus non libero fugit.", "incidunt", "ab");


-- Insert Statements for Likes
insert into Likes (Username, PostID)
VALUES("Berenice_Morar11", "4"),
       ("Berenice_Morar11", "7"),
       ("Berenice_Morar11", "9"),
       ("Berenice_Morar11", "10"),
       ("Berenice_Morar11", "13"),
       ("Berenice_Morar11", "17"),
       ("Berenice_Morar11", "21"),
       ("Berenice_Morar11", "23"),
       ("Berenice_Morar11", "24"),
       ("Berenice_Morar11", "28"),
       ("Berenice_Morar11", "29"),
       ("Berenice_Morar11", "31"),
       ("Berenice_Morar11", "32"),
       ("Berenice_Morar11", "33"),
       ("Berenice_Morar11", "35"),
       ("Berenice_Morar11", "36"),
       ("Berenice_Morar11", "38"),
       ("Berenice_Morar11", "39"),
       ("Berenice_Morar11", "43"),
       ("Berenice_Morar11", "45"),
       ("Berenice_Morar11", "46"),
       ("Berenice_Morar11", "47"),
       ("Berenice_Morar11", "49"),
       ("Berenice_Morar11", "55"),
       ("Berenice_Morar11", "57"),
       ("Berenice_Morar11", "58"),
       ("Berenice_Morar11", "59"),
       ("Berenice_Morar11", "61"),
       ("Berenice_Morar11", "62"),
       ("Berenice_Morar11", "63"),
       ("Berenice_Morar11", "69"),
       ("Berenice_Morar11", "73"),
       ("Berenice_Morar11", "74"),
       ("Berenice_Morar11", "75"),
       ("Berenice_Morar11", "76"),
       ("Berenice_Morar11", "77"),
       ("Berenice_Morar11", "78"),
       ("Berenice_Morar11", "79"),
       ("Berenice_Morar11", "81"),
       ("Berenice_Morar11", "84"),
       ("Berenice_Morar11", "85"),
       ("Berenice_Morar11", "86"),
       ("Berenice_Morar11", "88"),
       ("Berenice_Morar11", "95"),
       ("Berenice_Morar11", "97"),
       ("Berenice_Morar11", "100"),
       ("Alejandrin7", "1"),
       ("Alejandrin7", "2"),
       ("Alejandrin7", "5"),
       ("Alejandrin7", "7"),
       ("Alejandrin7", "9"),
       ("Alejandrin7", "16"),
       ("Alejandrin7", "17"),
       ("Alejandrin7", "18"),
       ("Alejandrin7", "21"),
       ("Alejandrin7", "22"),
       ("Alejandrin7", "27"),
       ("Alejandrin7", "29"),
       ("Alejandrin7", "30"),
       ("Alejandrin7", "34"),
       ("Alejandrin7", "35"),
       ("Alejandrin7", "39"),
       ("Alejandrin7", "44"),
       ("Alejandrin7", "45"),
       ("Alejandrin7", "47"),
       ("Alejandrin7", "48"),
       ("Alejandrin7", "49"),
       ("Alejandrin7", "51"),
       ("Alejandrin7", "55"),
       ("Alejandrin7", "58"),
       ("Alejandrin7", "60"),
       ("Alejandrin7", "62"),
       ("Alejandrin7", "64"),
       ("Alejandrin7", "65"),
       ("Alejandrin7", "66"),
       ("Alejandrin7", "69"),
       ("Alejandrin7", "70"),
       ("Alejandrin7", "71"),
       ("Alejandrin7", "73"),
       ("Alejandrin7", "79"),
       ("Alejandrin7", "80"),
       ("Alejandrin7", "81"),
       ("Alejandrin7", "83"),
       ("Alejandrin7", "86"),
       ("Alejandrin7", "87"),
       ("Alejandrin7", "88"),
       ("Alejandrin7", "89"),
       ("Alejandrin7", "95"),
       ("Alejandrin7", "97"),
       ("Alejandrin7", "98"),
       ("Alejandrin7", "100"),
       ("Susanna17", "4"),
       ("Susanna17", "9"),
       ("Susanna17", "13"),
       ("Susanna17", "19"),
       ("Susanna17", "21"),
       ("Susanna17", "23"),
       ("Susanna17", "26"),
       ("Susanna17", "32"),
       ("Susanna17", "35"),
       ("Susanna17", "40"),
       ("Susanna17", "46"),
       ("Susanna17", "49"),
       ("Susanna17", "53"),
       ("Susanna17", "57"),
       ("Susanna17", "58"),
       ("Susanna17", "65"),
       ("Susanna17", "66"),
       ("Susanna17", "67"),
       ("Susanna17", "72"),
       ("Susanna17", "76"),
       ("Susanna17", "77"),
       ("Susanna17", "78"),
       ("Susanna17", "80"),
       ("Susanna17", "83"),
       ("Susanna17", "85"),
       ("Susanna17", "89"),
       ("Susanna17", "90"),
       ("Susanna17", "91"),
       ("Susanna17", "94"),
       ("Susanna17", "97"),
       ("Susanna17", "99"),
       ("Susanna17", "100"),
       ("Kaleigh62", "3"),
       ("Kaleigh62", "4"),
       ("Kaleigh62", "5"),
       ("Kaleigh62", "11"),
       ("Kaleigh62", "12"),
       ("Kaleigh62", "17"),
       ("Kaleigh62", "19"),
       ("Kaleigh62", "28"),
       ("Kaleigh62", "29"),
       ("Kaleigh62", "32"),
       ("Kaleigh62", "36"),
       ("Kaleigh62", "37"),
       ("Kaleigh62", "40"),
       ("Kaleigh62", "53"),
       ("Kaleigh62", "54"),
       ("Kaleigh62", "63"),
       ("Kaleigh62", "64"),
       ("Kaleigh62", "65"),
       ("Kaleigh62", "68"),
       ("Kaleigh62", "69"),
       ("Kaleigh62", "70"),
       ("Kaleigh62", "71"),
       ("Kaleigh62", "76"),
       ("Kaleigh62", "77"),
       ("Kaleigh62", "80"),
       ("Kaleigh62", "82"),
       ("Kaleigh62", "84"),
       ("Kaleigh62", "85"),
       ("Kaleigh62", "89"),
       ("Kaleigh62", "92"),
       ("Kaleigh62", "93"),
       ("Kaleigh62", "94"),
       ("Kaleigh62", "96"),
       ("Kaleigh62", "100"),
       ("Geo.Bartoletti71", "2"),
       ("Geo.Bartoletti71", "5"),
       ("Geo.Bartoletti71", "6"),
       ("Geo.Bartoletti71", "9"),
       ("Geo.Bartoletti71", "11"),
       ("Geo.Bartoletti71", "13"),
       ("Geo.Bartoletti71", "14"),
       ("Geo.Bartoletti71", "19"),
       ("Geo.Bartoletti71", "24"),
       ("Geo.Bartoletti71", "25"),
       ("Geo.Bartoletti71", "26"),
       ("Geo.Bartoletti71", "28"),
       ("Geo.Bartoletti71", "30"),
       ("Geo.Bartoletti71", "31"),
       ("Geo.Bartoletti71", "37"),
       ("Geo.Bartoletti71", "39"),
       ("Geo.Bartoletti71", "43"),
       ("Geo.Bartoletti71", "45"),
       ("Geo.Bartoletti71", "50"),
       ("Geo.Bartoletti71", "51"),
       ("Geo.Bartoletti71", "52"),
       ("Geo.Bartoletti71", "54"),
       ("Geo.Bartoletti71", "55"),
       ("Geo.Bartoletti71", "61"),
       ("Geo.Bartoletti71", "62"),
       ("Geo.Bartoletti71", "66"),
       ("Geo.Bartoletti71", "67"),
       ("Geo.Bartoletti71", "76"),
       ("Geo.Bartoletti71", "80"),
       ("Geo.Bartoletti71", "81"),
       ("Geo.Bartoletti71", "94"),
       ("Geo.Bartoletti71", "95"),
       ("Geo.Bartoletti71", "96"),
       ("Geo.Bartoletti71", "97"),
       ("Geo.Bartoletti71", "98"),
       ("Geo.Bartoletti71", "100"),
       ("Alanna.Carter16", "3"),
       ("Alanna.Carter16", "4"),
       ("Alanna.Carter16", "7"),
       ("Alanna.Carter16", "9"),
       ("Alanna.Carter16", "10"),
       ("Alanna.Carter16", "11"),
       ("Alanna.Carter16", "13"),
       ("Alanna.Carter16", "18"),
       ("Alanna.Carter16", "19"),
       ("Alanna.Carter16", "20"),
       ("Alanna.Carter16", "21"),
       ("Alanna.Carter16", "32"),
       ("Alanna.Carter16", "33"),
       ("Alanna.Carter16", "34"),
       ("Alanna.Carter16", "35"),
       ("Alanna.Carter16", "36"),
       ("Alanna.Carter16", "38"),
       ("Alanna.Carter16", "43"),
       ("Alanna.Carter16", "45"),
       ("Alanna.Carter16", "46"),
       ("Alanna.Carter16", "47"),
       ("Alanna.Carter16", "48"),
       ("Alanna.Carter16", "51"),
       ("Alanna.Carter16", "53"),
       ("Alanna.Carter16", "54"),
       ("Alanna.Carter16", "55"),
       ("Alanna.Carter16", "63"),
       ("Alanna.Carter16", "66"),
       ("Alanna.Carter16", "68"),
       ("Alanna.Carter16", "71"),
       ("Alanna.Carter16", "72"),
       ("Alanna.Carter16", "74"),
       ("Alanna.Carter16", "76"),
       ("Alanna.Carter16", "78"),
       ("Alanna.Carter16", "79"),
       ("Alanna.Carter16", "84"),
       ("Alanna.Carter16", "86"),
       ("Alanna.Carter16", "91"),
       ("Alanna.Carter16", "95"),
       ("Alanna.Carter16", "96"),
       ("Alanna.Carter16", "97"),
       ("Mariah.Adams", "2"),
       ("Mariah.Adams", "3"),
       ("Mariah.Adams", "5"),
       ("Mariah.Adams", "7"),
       ("Mariah.Adams", "8"),
       ("Mariah.Adams", "13"),
       ("Mariah.Adams", "16"),
       ("Mariah.Adams", "17"),
       ("Mariah.Adams", "20"),
       ("Mariah.Adams", "24"),
       ("Mariah.Adams", "25"),
       ("Mariah.Adams", "26"),
       ("Mariah.Adams", "27"),
       ("Mariah.Adams", "30"),
       ("Mariah.Adams", "32"),
       ("Mariah.Adams", "33"),
       ("Mariah.Adams", "42"),
       ("Mariah.Adams", "45"),
       ("Mariah.Adams", "47"),
       ("Mariah.Adams", "51"),
       ("Mariah.Adams", "54"),
       ("Mariah.Adams", "58"),
       ("Mariah.Adams", "61"),
       ("Mariah.Adams", "64"),
       ("Mariah.Adams", "67"),
       ("Mariah.Adams", "74"),
       ("Mariah.Adams", "75"),
       ("Mariah.Adams", "77"),
       ("Mariah.Adams", "79"),
       ("Mariah.Adams", "83"),
       ("Mariah.Adams", "84"),
       ("Mariah.Adams", "86"),
       ("Mariah.Adams", "87"),
       ("Mariah.Adams", "88"),
       ("Mariah.Adams", "93"),
       ("Mariah.Adams", "94"),
       ("Mariah.Adams", "96"),
       ("Adonis_Cremin23", "1"),
       ("Adonis_Cremin23", "3"),
       ("Adonis_Cremin23", "6"),
       ("Adonis_Cremin23", "8"),
       ("Adonis_Cremin23", "10"),
       ("Adonis_Cremin23", "11"),
       ("Adonis_Cremin23", "12"),
       ("Adonis_Cremin23", "13"),
       ("Adonis_Cremin23", "19"),
       ("Adonis_Cremin23", "21"),
       ("Adonis_Cremin23", "24"),
       ("Adonis_Cremin23", "26"),
       ("Adonis_Cremin23", "27"),
       ("Adonis_Cremin23", "28"),
       ("Adonis_Cremin23", "30"),
       ("Adonis_Cremin23", "33"),
       ("Adonis_Cremin23", "37"),
       ("Adonis_Cremin23", "39"),
       ("Adonis_Cremin23", "40"),
       ("Adonis_Cremin23", "41"),
       ("Adonis_Cremin23", "43"),
       ("Adonis_Cremin23", "44"),
       ("Adonis_Cremin23", "46"),
       ("Adonis_Cremin23", "47"),
       ("Adonis_Cremin23", "52"),
       ("Adonis_Cremin23", "53"),
       ("Adonis_Cremin23", "56"),
       ("Adonis_Cremin23", "61"),
       ("Adonis_Cremin23", "64"),
       ("Adonis_Cremin23", "66"),
       ("Adonis_Cremin23", "67"),
       ("Adonis_Cremin23", "68"),
       ("Adonis_Cremin23", "69"),
       ("Adonis_Cremin23", "70"),
       ("Adonis_Cremin23", "71"),
       ("Adonis_Cremin23", "72"),
       ("Adonis_Cremin23", "73"),
       ("Adonis_Cremin23", "76"),
       ("Adonis_Cremin23", "78"),
       ("Adonis_Cremin23", "79"),
       ("Adonis_Cremin23", "81"),
       ("Adonis_Cremin23", "82"),
       ("Adonis_Cremin23", "89"),
       ("Adonis_Cremin23", "90"),
       ("Adonis_Cremin23", "92"),
       ("Adonis_Cremin23", "94"),
       ("Adonis_Cremin23", "99"),
       ("Adonis_Cremin23", "100"),
       ("Declan58", "1"),
       ("Declan58", "4"),
       ("Declan58", "5"),
       ("Declan58", "6"),
       ("Declan58", "7"),
       ("Declan58", "8"),
       ("Declan58", "10"),
       ("Declan58", "11"),
       ("Declan58", "12"),
       ("Declan58", "20"),
       ("Declan58", "21"),
       ("Declan58", "27"),
       ("Declan58", "28"),
       ("Declan58", "31"),
       ("Declan58", "33"),
       ("Declan58", "35"),
       ("Declan58", "36"),
       ("Declan58", "38"),
       ("Declan58", "39"),
       ("Declan58", "40"),
       ("Declan58", "41"),
       ("Declan58", "42"),
       ("Declan58", "43"),
       ("Declan58", "45"),
       ("Declan58", "46"),
       ("Declan58", "48"),
       ("Declan58", "49"),
       ("Declan58", "51"),
       ("Declan58", "52"),
       ("Declan58", "54"),
       ("Declan58", "57"),
       ("Declan58", "58"),
       ("Declan58", "59"),
       ("Declan58", "61"),
       ("Declan58", "65"),
       ("Declan58", "66"),
       ("Declan58", "71"),
       ("Declan58", "73"),
       ("Declan58", "76"),
       ("Declan58", "77"),
       ("Declan58", "78"),
       ("Declan58", "79"),
       ("Declan58", "81"),
       ("Declan58", "82"),
       ("Declan58", "84"),
       ("Declan58", "88"),
       ("Declan58", "89"),
       ("Declan58", "90"),
       ("Declan58", "93"),
       ("Declan58", "94"),
       ("Declan58", "99"),
       ("Melissa31", "1"),
       ("Melissa31", "3"),
       ("Melissa31", "6"),
       ("Melissa31", "13"),
       ("Melissa31", "24"),
       ("Melissa31", "25"),
       ("Melissa31", "26"),
       ("Melissa31", "33"),
       ("Melissa31", "38"),
       ("Melissa31", "40"),
       ("Melissa31", "41"),
       ("Melissa31", "42"),
       ("Melissa31", "46"),
       ("Melissa31", "48"),
       ("Melissa31", "50"),
       ("Melissa31", "51"),
       ("Melissa31", "52"),
       ("Melissa31", "54"),
       ("Melissa31", "55"),
       ("Melissa31", "58"),
       ("Melissa31", "76"),
       ("Melissa31", "79"),
       ("Melissa31", "80"),
       ("Melissa31", "81"),
       ("Melissa31", "85"),
       ("Melissa31", "89"),
       ("Melissa31", "100"),
       ("Minnie91", "1"),
       ("Minnie91", "6"),
       ("Minnie91", "10"),
       ("Minnie91", "11"),
       ("Minnie91", "20"),
       ("Minnie91", "21"),
       ("Minnie91", "22"),
       ("Minnie91", "23"),
       ("Minnie91", "24"),
       ("Minnie91", "25"),
       ("Minnie91", "26"),
       ("Minnie91", "28"),
       ("Minnie91", "32"),
       ("Minnie91", "38"),
       ("Minnie91", "39"),
       ("Minnie91", "40"),
       ("Minnie91", "45"),
       ("Minnie91", "48"),
       ("Minnie91", "49"),
       ("Minnie91", "50"),
       ("Minnie91", "52"),
       ("Minnie91", "55"),
       ("Minnie91", "56"),
       ("Minnie91", "58"),
       ("Minnie91", "60"),
       ("Minnie91", "69"),
       ("Minnie91", "70"),
       ("Minnie91", "72"),
       ("Minnie91", "73"),
       ("Minnie91", "79"),
       ("Minnie91", "81"),
       ("Minnie91", "86"),
       ("Minnie91", "87"),
       ("Minnie91", "89"),
       ("Minnie91", "90"),
       ("Minnie91", "92"),
       ("Minnie91", "94"),
       ("Minnie91", "95"),
       ("Minnie91", "96"),
       ("Minnie91", "97"),
       ("Minnie91", "99"),
       ("Myron.Nader", "2"),
       ("Myron.Nader", "3"),
       ("Myron.Nader", "11"),
       ("Myron.Nader", "16"),
       ("Myron.Nader", "19"),
       ("Myron.Nader", "20"),
       ("Myron.Nader", "21"),
       ("Myron.Nader", "22"),
       ("Myron.Nader", "25"),
       ("Myron.Nader", "27"),
       ("Myron.Nader", "32"),
       ("Myron.Nader", "38"),
       ("Myron.Nader", "43"),
       ("Myron.Nader", "44"),
       ("Myron.Nader", "46"),
       ("Myron.Nader", "47"),
       ("Myron.Nader", "49"),
       ("Myron.Nader", "51"),
       ("Myron.Nader", "52"),
       ("Myron.Nader", "53"),
       ("Myron.Nader", "57"),
       ("Myron.Nader", "61"),
       ("Myron.Nader", "62"),
       ("Myron.Nader", "63"),
       ("Myron.Nader", "64"),
       ("Myron.Nader", "67"),
       ("Myron.Nader", "70"),
       ("Myron.Nader", "72"),
       ("Myron.Nader", "73"),
       ("Myron.Nader", "76"),
       ("Myron.Nader", "77"),
       ("Myron.Nader", "80"),
       ("Myron.Nader", "82"),
       ("Myron.Nader", "83"),
       ("Myron.Nader", "85"),
       ("Myron.Nader", "86"),
       ("Myron.Nader", "87"),
       ("Myron.Nader", "88"),
       ("Myron.Nader", "97"),
       ("Rosa.Cummerata95", "2"),
       ("Rosa.Cummerata95", "6"),
       ("Rosa.Cummerata95", "7"),
       ("Rosa.Cummerata95", "10"),
       ("Rosa.Cummerata95", "12"),
       ("Rosa.Cummerata95", "13"),
       ("Rosa.Cummerata95", "16"),
       ("Rosa.Cummerata95", "18"),
       ("Rosa.Cummerata95", "21"),
       ("Rosa.Cummerata95", "24"),
       ("Rosa.Cummerata95", "25"),
       ("Rosa.Cummerata95", "29"),
       ("Rosa.Cummerata95", "31"),
       ("Rosa.Cummerata95", "37"),
       ("Rosa.Cummerata95", "38"),
       ("Rosa.Cummerata95", "40"),
       ("Rosa.Cummerata95", "41"),
       ("Rosa.Cummerata95", "42"),
       ("Rosa.Cummerata95", "47"),
       ("Rosa.Cummerata95", "53"),
       ("Rosa.Cummerata95", "54"),
       ("Rosa.Cummerata95", "61"),
       ("Rosa.Cummerata95", "62"),
       ("Rosa.Cummerata95", "63"),
       ("Rosa.Cummerata95", "67"),
       ("Rosa.Cummerata95", "68"),
       ("Rosa.Cummerata95", "72"),
       ("Rosa.Cummerata95", "74"),
       ("Rosa.Cummerata95", "77"),
       ("Rosa.Cummerata95", "81"),
       ("Rosa.Cummerata95", "83"),
       ("Rosa.Cummerata95", "89"),
       ("Rosa.Cummerata95", "90"),
       ("Rosa.Cummerata95", "94"),
       ("Angelita.Parker81", "5"),
       ("Angelita.Parker81", "6"),
       ("Angelita.Parker81", "7"),
       ("Angelita.Parker81", "10"),
       ("Angelita.Parker81", "11"),
       ("Angelita.Parker81", "12"),
       ("Angelita.Parker81", "13"),
       ("Angelita.Parker81", "15"),
       ("Angelita.Parker81", "16"),
       ("Angelita.Parker81", "17"),
       ("Angelita.Parker81", "19"),
       ("Angelita.Parker81", "26"),
       ("Angelita.Parker81", "28"),
       ("Angelita.Parker81", "30"),
       ("Angelita.Parker81", "33"),
       ("Angelita.Parker81", "34"),
       ("Angelita.Parker81", "42"),
       ("Angelita.Parker81", "44"),
       ("Angelita.Parker81", "45"),
       ("Angelita.Parker81", "46"),
       ("Angelita.Parker81", "49"),
       ("Angelita.Parker81", "53"),
       ("Angelita.Parker81", "55"),
       ("Angelita.Parker81", "56"),
       ("Angelita.Parker81", "57"),
       ("Angelita.Parker81", "58"),
       ("Angelita.Parker81", "61"),
       ("Angelita.Parker81", "65"),
       ("Angelita.Parker81", "67"),
       ("Angelita.Parker81", "68"),
       ("Angelita.Parker81", "70"),
       ("Angelita.Parker81", "72"),
       ("Angelita.Parker81", "75"),
       ("Angelita.Parker81", "76"),
       ("Angelita.Parker81", "81"),
       ("Angelita.Parker81", "82"),
       ("Angelita.Parker81", "83"),
       ("Angelita.Parker81", "90"),
       ("Angelita.Parker81", "95"),
       ("Angelita.Parker81", "97"),
       ("Angelita.Parker81", "100"),
       ("Tavares.Hirthe", "1"),
       ("Tavares.Hirthe", "2"),
       ("Tavares.Hirthe", "3"),
       ("Tavares.Hirthe", "8"),
       ("Tavares.Hirthe", "11"),
       ("Tavares.Hirthe", "12"),
       ("Tavares.Hirthe", "14"),
       ("Tavares.Hirthe", "15"),
       ("Tavares.Hirthe", "20"),
       ("Tavares.Hirthe", "21"),
       ("Tavares.Hirthe", "23"),
       ("Tavares.Hirthe", "27"),
       ("Tavares.Hirthe", "28"),
       ("Tavares.Hirthe", "34"),
       ("Tavares.Hirthe", "35"),
       ("Tavares.Hirthe", "38"),
       ("Tavares.Hirthe", "39"),
       ("Tavares.Hirthe", "40"),
       ("Tavares.Hirthe", "43"),
       ("Tavares.Hirthe", "46"),
       ("Tavares.Hirthe", "47"),
       ("Tavares.Hirthe", "48"),
       ("Tavares.Hirthe", "50"),
       ("Tavares.Hirthe", "51"),
       ("Tavares.Hirthe", "53"),
       ("Tavares.Hirthe", "54"),
       ("Tavares.Hirthe", "56"),
       ("Tavares.Hirthe", "58"),
       ("Tavares.Hirthe", "62"),
       ("Tavares.Hirthe", "64"),
       ("Tavares.Hirthe", "66"),
       ("Tavares.Hirthe", "68"),
       ("Tavares.Hirthe", "73"),
       ("Tavares.Hirthe", "77"),
       ("Tavares.Hirthe", "83"),
       ("Tavares.Hirthe", "84"),
       ("Tavares.Hirthe", "85"),
       ("Tavares.Hirthe", "86"),
       ("Tavares.Hirthe", "88"),
       ("Tavares.Hirthe", "91"),
       ("Tavares.Hirthe", "93"),
       ("Tavares.Hirthe", "94"),
       ("Tavares.Hirthe", "96"),
       ("Tavares.Hirthe", "97"),
       ("Tavares.Hirthe", "99"),
       ("Eunice67", "3"),
       ("Eunice67", "4"),
       ("Eunice67", "5"),
       ("Eunice67", "9"),
       ("Eunice67", "10"),
       ("Eunice67", "12"),
       ("Eunice67", "18"),
       ("Eunice67", "20"),
       ("Eunice67", "22"),
       ("Eunice67", "23"),
       ("Eunice67", "24"),
       ("Eunice67", "27"),
       ("Eunice67", "28"),
       ("Eunice67", "30"),
       ("Eunice67", "32"),
       ("Eunice67", "34"),
       ("Eunice67", "37"),
       ("Eunice67", "38"),
       ("Eunice67", "40"),
       ("Eunice67", "42"),
       ("Eunice67", "45"),
       ("Eunice67", "46"),
       ("Eunice67", "50"),
       ("Eunice67", "52"),
       ("Eunice67", "53"),
       ("Eunice67", "55"),
       ("Eunice67", "56"),
       ("Eunice67", "59"),
       ("Eunice67", "62"),
       ("Eunice67", "63"),
       ("Eunice67", "66"),
       ("Eunice67", "68"),
       ("Eunice67", "70"),
       ("Eunice67", "71"),
       ("Eunice67", "74"),
       ("Eunice67", "76"),
       ("Eunice67", "80"),
       ("Eunice67", "86"),
       ("Eunice67", "89"),
       ("Eunice67", "92"),
       ("Eunice67", "97"),
       ("Eunice67", "98"),
       ("Eunice67", "99"),
       ("Eunice67", "100"),
       ("Velva_Kuhn", "2"),
       ("Velva_Kuhn", "9"),
       ("Velva_Kuhn", "12"),
       ("Velva_Kuhn", "14"),
       ("Velva_Kuhn", "20"),
       ("Velva_Kuhn", "21"),
       ("Velva_Kuhn", "24"),
       ("Velva_Kuhn", "25"),
       ("Velva_Kuhn", "26"),
       ("Velva_Kuhn", "27"),
       ("Velva_Kuhn", "30"),
       ("Velva_Kuhn", "32"),
       ("Velva_Kuhn", "34"),
       ("Velva_Kuhn", "40"),
       ("Velva_Kuhn", "42"),
       ("Velva_Kuhn", "46"),
       ("Velva_Kuhn", "47"),
       ("Velva_Kuhn", "49"),
       ("Velva_Kuhn", "50"),
       ("Velva_Kuhn", "51"),
       ("Velva_Kuhn", "52"),
       ("Velva_Kuhn", "55"),
       ("Velva_Kuhn", "61"),
       ("Velva_Kuhn", "66"),
       ("Velva_Kuhn", "72"),
       ("Velva_Kuhn", "73"),
       ("Velva_Kuhn", "75"),
       ("Velva_Kuhn", "79"),
       ("Velva_Kuhn", "85"),
       ("Velva_Kuhn", "86"),
       ("Velva_Kuhn", "87"),
       ("Velva_Kuhn", "90"),
       ("Velva_Kuhn", "93"),
       ("Velva_Kuhn", "97"),
       ("Velva_Kuhn", "98"),
       ("Zack_Kutch", "1"),
       ("Zack_Kutch", "2"),
       ("Zack_Kutch", "4"),
       ("Zack_Kutch", "8"),
       ("Zack_Kutch", "14"),
       ("Zack_Kutch", "15"),
       ("Zack_Kutch", "16"),
       ("Zack_Kutch", "17"),
       ("Zack_Kutch", "22"),
       ("Zack_Kutch", "27"),
       ("Zack_Kutch", "32"),
       ("Zack_Kutch", "34"),
       ("Zack_Kutch", "41"),
       ("Zack_Kutch", "43"),
       ("Zack_Kutch", "48"),
       ("Zack_Kutch", "54"),
       ("Zack_Kutch", "55"),
       ("Zack_Kutch", "56"),
       ("Zack_Kutch", "61"),
       ("Zack_Kutch", "62"),
       ("Zack_Kutch", "63"),
       ("Zack_Kutch", "64"),
       ("Zack_Kutch", "65"),
       ("Zack_Kutch", "69"),
       ("Zack_Kutch", "70"),
       ("Zack_Kutch", "71"),
       ("Zack_Kutch", "72"),
       ("Zack_Kutch", "74"),
       ("Zack_Kutch", "78"),
       ("Zack_Kutch", "80"),
       ("Zack_Kutch", "81"),
       ("Zack_Kutch", "82"),
       ("Zack_Kutch", "83"),
       ("Zack_Kutch", "84"),
       ("Zack_Kutch", "91"),
       ("Zack_Kutch", "94"),
       ("Zack_Kutch", "96"),
       ("Zack_Kutch", "99"),
       ("Kenya.Kautzer18", "9"),
       ("Kenya.Kautzer18", "10"),
       ("Kenya.Kautzer18", "11"),
       ("Kenya.Kautzer18", "14"),
       ("Kenya.Kautzer18", "20"),
       ("Kenya.Kautzer18", "24"),
       ("Kenya.Kautzer18", "40"),
       ("Kenya.Kautzer18", "42"),
       ("Kenya.Kautzer18", "46"),
       ("Kenya.Kautzer18", "48"),
       ("Kenya.Kautzer18", "52"),
       ("Kenya.Kautzer18", "53"),
       ("Kenya.Kautzer18", "54"),
       ("Kenya.Kautzer18", "56"),
       ("Kenya.Kautzer18", "57"),
       ("Kenya.Kautzer18", "58"),
       ("Kenya.Kautzer18", "62"),
       ("Kenya.Kautzer18", "65"),
       ("Kenya.Kautzer18", "66"),
       ("Kenya.Kautzer18", "67"),
       ("Kenya.Kautzer18", "69"),
       ("Kenya.Kautzer18", "72"),
       ("Kenya.Kautzer18", "75"),
       ("Kenya.Kautzer18", "78"),
       ("Kenya.Kautzer18", "80"),
       ("Kenya.Kautzer18", "83"),
       ("Kenya.Kautzer18", "84"),
       ("Kenya.Kautzer18", "92"),
       ("Kenya.Kautzer18", "94"),
       ("Kenya.Kautzer18", "95"),
       ("Kenya.Kautzer18", "96"),
       ("Kenya.Kautzer18", "97"),
       ("Otis89", "2"),
       ("Otis89", "4"),
       ("Otis89", "6"),
       ("Otis89", "8"),
       ("Otis89", "12"),
       ("Otis89", "14"),
       ("Otis89", "16"),
       ("Otis89", "18"),
       ("Otis89", "25"),
       ("Otis89", "27"),
       ("Otis89", "29"),
       ("Otis89", "30"),
       ("Otis89", "34"),
       ("Otis89", "35"),
       ("Otis89", "38"),
       ("Otis89", "39"),
       ("Otis89", "43"),
       ("Otis89", "44"),
       ("Otis89", "45"),
       ("Otis89", "46"),
       ("Otis89", "50"),
       ("Otis89", "52"),
       ("Otis89", "53"),
       ("Otis89", "58"),
       ("Otis89", "59"),
       ("Otis89", "62"),
       ("Otis89", "66"),
       ("Otis89", "71"),
       ("Otis89", "73"),
       ("Otis89", "75"),
       ("Otis89", "76"),
       ("Otis89", "78"),
       ("Otis89", "80"),
       ("Otis89", "81"),
       ("Otis89", "83"),
       ("Otis89", "85"),
       ("Otis89", "86"),
       ("Otis89", "88"),
       ("Otis89", "95"),
       ("Otis89", "96"),
       ("Otis89", "98"),
       ("Otis89", "100");


-- Insert Statements for Replies
insert into Replies (ReplyPostID, OriginalPostID)
VALUES("1", "25"),
       ("2", "44"),
       ("3", "18"),
       ("4", "6"),
       ("5", "48"),
       ("6", "30"),
       ("7", "28"),
       ("8", "41"),
       ("9", "34"),
       ("10", "20"),
       ("11", "24"),
       ("12", "22"),
       ("13", "46"),
       ("14", "25"),
       ("15", "3"),
       ("16", "50"),
       ("17", "31"),
       ("18", "49"),
       ("19", "19"),
       ("20", "9"),
       ("21", "48"),
       ("22", "26"),
       ("23", "21"),
       ("24", "36"),
       ("25", "18"),
       ("26", "27"),
       ("27", "45"),
       ("28", "6"),
       ("29", "27"),
       ("30", "6"),
       ("31", "13"),
       ("32", "13"),
       ("33", "40"),
       ("34", "21"),
       ("35", "20"),
       ("36", "7"),
       ("37", "48"),
       ("38", "21"),
       ("39", "27"),
       ("40", "3"),
       ("41", "41"),
       ("42", "6"),
       ("43", "24"),
       ("44", "30"),
       ("45", "27"),
       ("46", "42"),
       ("47", "23"),
       ("48", "48"),
       ("49", "39"),
       ("50", "19"),
       ("51", "36"),
       ("52", "13"),
       ("53", "12"),
       ("54", "43"),
       ("55", "11"),
       ("56", "30"),
       ("57", "48"),
       ("58", "43"),
       ("59", "48"),
       ("60", "50"),
       ("61", "9"),
       ("62", "5"),
       ("63", "32"),
       ("64", "16"),
       ("65", "50"),
       ("66", "33"),
       ("67", "42"),
       ("68", "45"),
       ("69", "19"),
       ("70", "7"),
       ("71", "23"),
       ("72", "8"),
       ("73", "4"),
       ("74", "28"),
       ("75", "38"),
       ("76", "44"),
       ("77", "23"),
       ("78", "44"),
       ("79", "40"),
       ("80", "36"),
       ("81", "36"),
       ("82", "9"),
       ("83", "10"),
       ("84", "36"),
       ("85", "38"),
       ("86", "14"),
       ("87", "2"),
       ("88", "16"),
       ("89", "23"),
       ("90", "14"),
       ("91", "39"),
       ("92", "22"),
       ("93", "47"),
       ("94", "14"),
       ("95", "4"),
       ("96", "4"),
       ("97", "4"),
       ("98", "12"),
       ("99", "39"),
       ("100", "33");


-- Insert Statements for Vote
insert into Vote (Username, PostID, Choice)
VALUES("Berenice_Morar11", "1", "2"),
       ("Berenice_Morar11", "5", "2"),
       ("Berenice_Morar11", "6", "2"),
       ("Berenice_Morar11", "7", "2"),
       ("Berenice_Morar11", "13", "1"),
       ("Berenice_Morar11", "14", "2"),
       ("Berenice_Morar11", "18", "2"),
       ("Berenice_Morar11", "20", "2"),
       ("Berenice_Morar11", "23", "1"),
       ("Berenice_Morar11", "24", "1"),
       ("Berenice_Morar11", "29", "1"),
       ("Berenice_Morar11", "30", "2"),
       ("Berenice_Morar11", "35", "2"),
       ("Berenice_Morar11", "36", "1"),
       ("Berenice_Morar11", "37", "1"),
       ("Berenice_Morar11", "40", "2"),
       ("Berenice_Morar11", "42", "1"),
       ("Berenice_Morar11", "45", "2"),
       ("Berenice_Morar11", "46", "1"),
       ("Berenice_Morar11", "52", "1"),
       ("Berenice_Morar11", "53", "2"),
       ("Berenice_Morar11", "54", "1"),
       ("Berenice_Morar11", "61", "2"),
       ("Berenice_Morar11", "65", "1"),
       ("Berenice_Morar11", "68", "2"),
       ("Berenice_Morar11", "70", "2"),
       ("Berenice_Morar11", "71", "1"),
       ("Berenice_Morar11", "73", "1"),
       ("Berenice_Morar11", "78", "2"),
       ("Berenice_Morar11", "82", "2"),
       ("Berenice_Morar11", "85", "2"),
       ("Berenice_Morar11", "86", "2"),
       ("Berenice_Morar11", "87", "2"),
       ("Berenice_Morar11", "88", "2"),
       ("Berenice_Morar11", "91", "1"),
       ("Berenice_Morar11", "93", "2"),
       ("Berenice_Morar11", "94", "1"),
       ("Berenice_Morar11", "97", "1"),
       ("Alejandrin7", "1", "1"),
       ("Alejandrin7", "2", "2"),
       ("Alejandrin7", "6", "2"),
       ("Alejandrin7", "11", "1"),
       ("Alejandrin7", "12", "2"),
       ("Alejandrin7", "14", "2"),
       ("Alejandrin7", "15", "1"),
       ("Alejandrin7", "18", "2"),
       ("Alejandrin7", "19", "1"),
       ("Alejandrin7", "21", "1"),
       ("Alejandrin7", "22", "2"),
       ("Alejandrin7", "24", "1"),
       ("Alejandrin7", "26", "2"),
       ("Alejandrin7", "28", "1"),
       ("Alejandrin7", "30", "1"),
       ("Alejandrin7", "31", "2"),
       ("Alejandrin7", "35", "1"),
       ("Alejandrin7", "37", "2"),
       ("Alejandrin7", "40", "1"),
       ("Alejandrin7", "45", "2"),
       ("Alejandrin7", "46", "2"),
       ("Alejandrin7", "48", "2"),
       ("Alejandrin7", "49", "1"),
       ("Alejandrin7", "50", "2"),
       ("Alejandrin7", "57", "2"),
       ("Alejandrin7", "58", "2"),
       ("Alejandrin7", "60", "2"),
       ("Alejandrin7", "62", "2"),
       ("Alejandrin7", "63", "2"),
       ("Alejandrin7", "64", "1"),
       ("Alejandrin7", "66", "2"),
       ("Alejandrin7", "67", "1"),
       ("Alejandrin7", "70", "1"),
       ("Alejandrin7", "71", "1"),
       ("Alejandrin7", "72", "1"),
       ("Alejandrin7", "73", "1"),
       ("Alejandrin7", "74", "1"),
       ("Alejandrin7", "76", "2"),
       ("Alejandrin7", "80", "2"),
       ("Alejandrin7", "81", "1"),
       ("Alejandrin7", "86", "2"),
       ("Alejandrin7", "87", "1"),
       ("Alejandrin7", "94", "2"),
       ("Alejandrin7", "96", "1"),
       ("Alejandrin7", "97", "2"),
       ("Alejandrin7", "100", "2"),
       ("Susanna17", "4", "2"),
       ("Susanna17", "7", "1"),
       ("Susanna17", "8", "2"),
       ("Susanna17", "9", "2"),
       ("Susanna17", "20", "2"),
       ("Susanna17", "22", "1"),
       ("Susanna17", "23", "1"),
       ("Susanna17", "30", "2"),
       ("Susanna17", "31", "2"),
       ("Susanna17", "33", "2"),
       ("Susanna17", "34", "1"),
       ("Susanna17", "37", "2"),
       ("Susanna17", "43", "2"),
       ("Susanna17", "45", "2"),
       ("Susanna17", "49", "1"),
       ("Susanna17", "50", "2"),
       ("Susanna17", "54", "1"),
       ("Susanna17", "56", "1"),
       ("Susanna17", "57", "1"),
       ("Susanna17", "59", "2"),
       ("Susanna17", "61", "2"),
       ("Susanna17", "67", "1"),
       ("Susanna17", "68", "2"),
       ("Susanna17", "74", "2"),
       ("Susanna17", "75", "1"),
       ("Susanna17", "77", "1"),
       ("Susanna17", "83", "1"),
       ("Susanna17", "84", "2"),
       ("Susanna17", "85", "2"),
       ("Susanna17", "90", "1"),
       ("Susanna17", "91", "2"),
       ("Susanna17", "92", "1"),
       ("Susanna17", "93", "1"),
       ("Susanna17", "96", "2"),
       ("Susanna17", "97", "2"),
       ("Susanna17", "98", "1"),
       ("Susanna17", "100", "1"),
       ("Kaleigh62", "1", "2"),
       ("Kaleigh62", "2", "1"),
       ("Kaleigh62", "3", "2"),
       ("Kaleigh62", "5", "1"),
       ("Kaleigh62", "6", "1"),
       ("Kaleigh62", "12", "2"),
       ("Kaleigh62", "13", "1"),
       ("Kaleigh62", "15", "1"),
       ("Kaleigh62", "19", "1"),
       ("Kaleigh62", "20", "2"),
       ("Kaleigh62", "26", "1"),
       ("Kaleigh62", "31", "1"),
       ("Kaleigh62", "33", "2"),
       ("Kaleigh62", "35", "2"),
       ("Kaleigh62", "36", "2"),
       ("Kaleigh62", "44", "2"),
       ("Kaleigh62", "45", "2"),
       ("Kaleigh62", "49", "1"),
       ("Kaleigh62", "51", "1"),
       ("Kaleigh62", "53", "1"),
       ("Kaleigh62", "54", "1"),
       ("Kaleigh62", "55", "1"),
       ("Kaleigh62", "57", "1"),
       ("Kaleigh62", "61", "2"),
       ("Kaleigh62", "65", "2"),
       ("Kaleigh62", "67", "1"),
       ("Kaleigh62", "71", "1"),
       ("Kaleigh62", "72", "2"),
       ("Kaleigh62", "73", "1"),
       ("Kaleigh62", "74", "1"),
       ("Kaleigh62", "75", "2"),
       ("Kaleigh62", "76", "1"),
       ("Kaleigh62", "77", "1"),
       ("Kaleigh62", "79", "2"),
       ("Kaleigh62", "84", "1"),
       ("Kaleigh62", "87", "1"),
       ("Kaleigh62", "88", "1"),
       ("Kaleigh62", "89", "1"),
       ("Kaleigh62", "90", "1"),
       ("Kaleigh62", "92", "2"),
       ("Kaleigh62", "98", "1"),
       ("Kaleigh62", "100", "1"),
       ("Geo.Bartoletti71", "2", "2"),
       ("Geo.Bartoletti71", "3", "2"),
       ("Geo.Bartoletti71", "8", "2"),
       ("Geo.Bartoletti71", "10", "2"),
       ("Geo.Bartoletti71", "11", "2"),
       ("Geo.Bartoletti71", "12", "1"),
       ("Geo.Bartoletti71", "13", "1"),
       ("Geo.Bartoletti71", "15", "2"),
       ("Geo.Bartoletti71", "16", "2"),
       ("Geo.Bartoletti71", "27", "1"),
       ("Geo.Bartoletti71", "28", "1"),
       ("Geo.Bartoletti71", "29", "2"),
       ("Geo.Bartoletti71", "31", "2"),
       ("Geo.Bartoletti71", "32", "1"),
       ("Geo.Bartoletti71", "35", "2"),
       ("Geo.Bartoletti71", "36", "1"),
       ("Geo.Bartoletti71", "38", "1"),
       ("Geo.Bartoletti71", "39", "2"),
       ("Geo.Bartoletti71", "42", "2"),
       ("Geo.Bartoletti71", "45", "2"),
       ("Geo.Bartoletti71", "47", "1"),
       ("Geo.Bartoletti71", "50", "1"),
       ("Geo.Bartoletti71", "51", "1"),
       ("Geo.Bartoletti71", "53", "2"),
       ("Geo.Bartoletti71", "55", "1"),
       ("Geo.Bartoletti71", "56", "2"),
       ("Geo.Bartoletti71", "58", "1"),
       ("Geo.Bartoletti71", "59", "2"),
       ("Geo.Bartoletti71", "60", "1"),
       ("Geo.Bartoletti71", "68", "2"),
       ("Geo.Bartoletti71", "69", "2"),
       ("Geo.Bartoletti71", "73", "1"),
       ("Geo.Bartoletti71", "74", "1"),
       ("Geo.Bartoletti71", "85", "1"),
       ("Geo.Bartoletti71", "89", "2"),
       ("Geo.Bartoletti71", "90", "2"),
       ("Geo.Bartoletti71", "91", "1"),
       ("Geo.Bartoletti71", "92", "2"),
       ("Geo.Bartoletti71", "93", "2"),
       ("Geo.Bartoletti71", "98", "1"),
       ("Alanna.Carter16", "1", "2"),
       ("Alanna.Carter16", "2", "1"),
       ("Alanna.Carter16", "3", "2"),
       ("Alanna.Carter16", "4", "2"),
       ("Alanna.Carter16", "5", "2"),
       ("Alanna.Carter16", "7", "2"),
       ("Alanna.Carter16", "9", "1"),
       ("Alanna.Carter16", "11", "2"),
       ("Alanna.Carter16", "12", "2"),
       ("Alanna.Carter16", "17", "2"),
       ("Alanna.Carter16", "23", "2"),
       ("Alanna.Carter16", "24", "1"),
       ("Alanna.Carter16", "26", "1"),
       ("Alanna.Carter16", "27", "1"),
       ("Alanna.Carter16", "28", "1"),
       ("Alanna.Carter16", "31", "1"),
       ("Alanna.Carter16", "37", "2"),
       ("Alanna.Carter16", "38", "2"),
       ("Alanna.Carter16", "39", "1"),
       ("Alanna.Carter16", "40", "1"),
       ("Alanna.Carter16", "41", "1"),
       ("Alanna.Carter16", "42", "2"),
       ("Alanna.Carter16", "44", "2"),
       ("Alanna.Carter16", "45", "1"),
       ("Alanna.Carter16", "46", "2"),
       ("Alanna.Carter16", "47", "2"),
       ("Alanna.Carter16", "48", "1"),
       ("Alanna.Carter16", "50", "1"),
       ("Alanna.Carter16", "52", "1"),
       ("Alanna.Carter16", "53", "1"),
       ("Alanna.Carter16", "54", "1"),
       ("Alanna.Carter16", "56", "1"),
       ("Alanna.Carter16", "57", "1"),
       ("Alanna.Carter16", "58", "2"),
       ("Alanna.Carter16", "59", "1"),
       ("Alanna.Carter16", "64", "2"),
       ("Alanna.Carter16", "65", "1"),
       ("Alanna.Carter16", "66", "2"),
       ("Alanna.Carter16", "67", "1"),
       ("Alanna.Carter16", "69", "2"),
       ("Alanna.Carter16", "70", "1"),
       ("Alanna.Carter16", "73", "1"),
       ("Alanna.Carter16", "74", "2"),
       ("Alanna.Carter16", "78", "2"),
       ("Alanna.Carter16", "79", "1"),
       ("Alanna.Carter16", "83", "2"),
       ("Alanna.Carter16", "84", "1"),
       ("Alanna.Carter16", "85", "2"),
       ("Alanna.Carter16", "89", "2"),
       ("Alanna.Carter16", "90", "1"),
       ("Alanna.Carter16", "98", "1"),
       ("Mariah.Adams", "1", "1"),
       ("Mariah.Adams", "2", "1"),
       ("Mariah.Adams", "6", "1"),
       ("Mariah.Adams", "9", "1"),
       ("Mariah.Adams", "10", "1"),
       ("Mariah.Adams", "11", "2"),
       ("Mariah.Adams", "16", "2"),
       ("Mariah.Adams", "19", "2"),
       ("Mariah.Adams", "25", "1"),
       ("Mariah.Adams", "29", "1"),
       ("Mariah.Adams", "30", "1"),
       ("Mariah.Adams", "36", "2"),
       ("Mariah.Adams", "38", "2"),
       ("Mariah.Adams", "41", "2"),
       ("Mariah.Adams", "42", "2"),
       ("Mariah.Adams", "45", "2"),
       ("Mariah.Adams", "48", "1"),
       ("Mariah.Adams", "49", "1"),
       ("Mariah.Adams", "50", "1"),
       ("Mariah.Adams", "51", "2"),
       ("Mariah.Adams", "52", "2"),
       ("Mariah.Adams", "55", "2"),
       ("Mariah.Adams", "56", "2"),
       ("Mariah.Adams", "57", "2"),
       ("Mariah.Adams", "59", "2"),
       ("Mariah.Adams", "62", "1"),
       ("Mariah.Adams", "65", "1"),
       ("Mariah.Adams", "67", "1"),
       ("Mariah.Adams", "70", "2"),
       ("Mariah.Adams", "71", "2"),
       ("Mariah.Adams", "77", "2"),
       ("Mariah.Adams", "80", "1"),
       ("Mariah.Adams", "84", "2"),
       ("Mariah.Adams", "87", "1"),
       ("Mariah.Adams", "91", "2"),
       ("Mariah.Adams", "92", "2"),
       ("Mariah.Adams", "96", "2"),
       ("Mariah.Adams", "99", "2"),
       ("Mariah.Adams", "100", "1"),
       ("Adonis_Cremin23", "2", "1"),
       ("Adonis_Cremin23", "3", "2"),
       ("Adonis_Cremin23", "6", "2"),
       ("Adonis_Cremin23", "7", "1"),
       ("Adonis_Cremin23", "8", "1"),
       ("Adonis_Cremin23", "9", "2"),
       ("Adonis_Cremin23", "10", "1"),
       ("Adonis_Cremin23", "11", "2"),
       ("Adonis_Cremin23", "15", "1"),
       ("Adonis_Cremin23", "16", "1"),
       ("Adonis_Cremin23", "18", "2"),
       ("Adonis_Cremin23", "20", "1"),
       ("Adonis_Cremin23", "22", "1"),
       ("Adonis_Cremin23", "23", "2"),
       ("Adonis_Cremin23", "27", "2"),
       ("Adonis_Cremin23", "29", "2"),
       ("Adonis_Cremin23", "33", "2"),
       ("Adonis_Cremin23", "36", "2"),
       ("Adonis_Cremin23", "38", "1"),
       ("Adonis_Cremin23", "40", "2"),
       ("Adonis_Cremin23", "46", "2"),
       ("Adonis_Cremin23", "49", "2"),
       ("Adonis_Cremin23", "50", "2"),
       ("Adonis_Cremin23", "51", "1"),
       ("Adonis_Cremin23", "58", "2"),
       ("Adonis_Cremin23", "62", "2"),
       ("Adonis_Cremin23", "64", "1"),
       ("Adonis_Cremin23", "65", "1"),
       ("Adonis_Cremin23", "67", "1"),
       ("Adonis_Cremin23", "68", "1"),
       ("Adonis_Cremin23", "69", "2"),
       ("Adonis_Cremin23", "72", "2"),
       ("Adonis_Cremin23", "74", "1"),
       ("Adonis_Cremin23", "78", "2"),
       ("Adonis_Cremin23", "84", "1"),
       ("Adonis_Cremin23", "88", "1"),
       ("Adonis_Cremin23", "89", "1"),
       ("Adonis_Cremin23", "94", "1"),
       ("Adonis_Cremin23", "96", "2"),
       ("Adonis_Cremin23", "97", "2"),
       ("Adonis_Cremin23", "98", "1"),
       ("Adonis_Cremin23", "99", "2"),
       ("Adonis_Cremin23", "100", "2"),
       ("Declan58", "2", "1"),
       ("Declan58", "4", "2"),
       ("Declan58", "13", "1"),
       ("Declan58", "14", "1"),
       ("Declan58", "16", "1"),
       ("Declan58", "17", "2"),
       ("Declan58", "18", "2"),
       ("Declan58", "20", "1"),
       ("Declan58", "30", "1"),
       ("Declan58", "32", "1"),
       ("Declan58", "37", "1"),
       ("Declan58", "41", "1"),
       ("Declan58", "43", "2"),
       ("Declan58", "46", "1"),
       ("Declan58", "51", "1"),
       ("Declan58", "54", "1"),
       ("Declan58", "59", "1"),
       ("Declan58", "61", "1"),
       ("Declan58", "63", "2"),
       ("Declan58", "64", "1"),
       ("Declan58", "66", "2"),
       ("Declan58", "69", "1"),
       ("Declan58", "72", "1"),
       ("Declan58", "73", "1"),
       ("Declan58", "75", "1"),
       ("Declan58", "77", "1"),
       ("Declan58", "78", "2"),
       ("Declan58", "80", "1"),
       ("Declan58", "86", "2"),
       ("Declan58", "87", "2"),
       ("Declan58", "90", "2"),
       ("Declan58", "91", "2"),
       ("Declan58", "92", "1"),
       ("Declan58", "95", "1"),
       ("Declan58", "97", "1"),
       ("Melissa31", "6", "1"),
       ("Melissa31", "7", "2"),
       ("Melissa31", "12", "2"),
       ("Melissa31", "13", "2"),
       ("Melissa31", "14", "1"),
       ("Melissa31", "16", "2"),
       ("Melissa31", "22", "1"),
       ("Melissa31", "30", "1"),
       ("Melissa31", "31", "2"),
       ("Melissa31", "34", "1"),
       ("Melissa31", "37", "2"),
       ("Melissa31", "38", "2"),
       ("Melissa31", "40", "1"),
       ("Melissa31", "41", "1"),
       ("Melissa31", "42", "2"),
       ("Melissa31", "44", "2"),
       ("Melissa31", "48", "1"),
       ("Melissa31", "50", "2"),
       ("Melissa31", "55", "2"),
       ("Melissa31", "57", "2"),
       ("Melissa31", "59", "1"),
       ("Melissa31", "63", "2"),
       ("Melissa31", "64", "2"),
       ("Melissa31", "68", "2"),
       ("Melissa31", "72", "2"),
       ("Melissa31", "74", "2"),
       ("Melissa31", "79", "1"),
       ("Melissa31", "82", "1"),
       ("Melissa31", "85", "2"),
       ("Melissa31", "88", "2"),
       ("Melissa31", "94", "1"),
       ("Melissa31", "95", "1"),
       ("Melissa31", "99", "2"),
       ("Minnie91", "1", "1"),
       ("Minnie91", "2", "1"),
       ("Minnie91", "6", "2"),
       ("Minnie91", "7", "2"),
       ("Minnie91", "8", "1"),
       ("Minnie91", "10", "2"),
       ("Minnie91", "11", "2"),
       ("Minnie91", "15", "2"),
       ("Minnie91", "16", "1"),
       ("Minnie91", "19", "2"),
       ("Minnie91", "21", "1"),
       ("Minnie91", "22", "2"),
       ("Minnie91", "29", "2"),
       ("Minnie91", "33", "1"),
       ("Minnie91", "34", "2"),
       ("Minnie91", "36", "2"),
       ("Minnie91", "41", "1"),
       ("Minnie91", "43", "1"),
       ("Minnie91", "50", "2"),
       ("Minnie91", "54", "1"),
       ("Minnie91", "56", "1"),
       ("Minnie91", "60", "2"),
       ("Minnie91", "61", "1"),
       ("Minnie91", "64", "1"),
       ("Minnie91", "65", "1"),
       ("Minnie91", "66", "2"),
       ("Minnie91", "67", "1"),
       ("Minnie91", "68", "1"),
       ("Minnie91", "70", "1"),
       ("Minnie91", "72", "1"),
       ("Minnie91", "73", "1"),
       ("Minnie91", "75", "1"),
       ("Minnie91", "76", "2"),
       ("Minnie91", "79", "1"),
       ("Minnie91", "83", "1"),
       ("Minnie91", "86", "1"),
       ("Minnie91", "87", "1"),
       ("Minnie91", "90", "2"),
       ("Minnie91", "92", "2"),
       ("Minnie91", "94", "1"),
       ("Minnie91", "95", "2"),
       ("Minnie91", "99", "2"),
       ("Myron.Nader", "5", "1"),
       ("Myron.Nader", "8", "1"),
       ("Myron.Nader", "9", "2"),
       ("Myron.Nader", "11", "1"),
       ("Myron.Nader", "14", "1"),
       ("Myron.Nader", "15", "1"),
       ("Myron.Nader", "16", "2"),
       ("Myron.Nader", "20", "1"),
       ("Myron.Nader", "21", "2"),
       ("Myron.Nader", "22", "1"),
       ("Myron.Nader", "23", "1"),
       ("Myron.Nader", "27", "2"),
       ("Myron.Nader", "30", "1"),
       ("Myron.Nader", "35", "2"),
       ("Myron.Nader", "39", "2"),
       ("Myron.Nader", "40", "2"),
       ("Myron.Nader", "45", "2"),
       ("Myron.Nader", "46", "1"),
       ("Myron.Nader", "48", "1"),
       ("Myron.Nader", "50", "2"),
       ("Myron.Nader", "58", "2"),
       ("Myron.Nader", "59", "1"),
       ("Myron.Nader", "61", "2"),
       ("Myron.Nader", "63", "1"),
       ("Myron.Nader", "65", "1"),
       ("Myron.Nader", "70", "1"),
       ("Myron.Nader", "74", "1"),
       ("Myron.Nader", "80", "2"),
       ("Myron.Nader", "88", "2"),
       ("Myron.Nader", "89", "2"),
       ("Myron.Nader", "92", "2"),
       ("Myron.Nader", "95", "2"),
       ("Rosa.Cummerata95", "2", "1"),
       ("Rosa.Cummerata95", "5", "2"),
       ("Rosa.Cummerata95", "6", "2"),
       ("Rosa.Cummerata95", "7", "2"),
       ("Rosa.Cummerata95", "8", "1"),
       ("Rosa.Cummerata95", "20", "2"),
       ("Rosa.Cummerata95", "22", "1"),
       ("Rosa.Cummerata95", "23", "1"),
       ("Rosa.Cummerata95", "27", "1"),
       ("Rosa.Cummerata95", "29", "1"),
       ("Rosa.Cummerata95", "33", "1"),
       ("Rosa.Cummerata95", "35", "1"),
       ("Rosa.Cummerata95", "39", "1"),
       ("Rosa.Cummerata95", "40", "2"),
       ("Rosa.Cummerata95", "41", "2"),
       ("Rosa.Cummerata95", "52", "1"),
       ("Rosa.Cummerata95", "55", "2"),
       ("Rosa.Cummerata95", "57", "2"),
       ("Rosa.Cummerata95", "58", "2"),
       ("Rosa.Cummerata95", "60", "1"),
       ("Rosa.Cummerata95", "61", "2"),
       ("Rosa.Cummerata95", "62", "2"),
       ("Rosa.Cummerata95", "64", "1"),
       ("Rosa.Cummerata95", "66", "2"),
       ("Rosa.Cummerata95", "67", "1"),
       ("Rosa.Cummerata95", "68", "2"),
       ("Rosa.Cummerata95", "70", "1"),
       ("Rosa.Cummerata95", "72", "2"),
       ("Rosa.Cummerata95", "77", "2"),
       ("Rosa.Cummerata95", "81", "1"),
       ("Rosa.Cummerata95", "85", "2"),
       ("Rosa.Cummerata95", "86", "1"),
       ("Rosa.Cummerata95", "91", "2"),
       ("Rosa.Cummerata95", "92", "1"),
       ("Rosa.Cummerata95", "93", "2"),
       ("Rosa.Cummerata95", "95", "2"),
       ("Rosa.Cummerata95", "96", "2"),
       ("Rosa.Cummerata95", "99", "2"),
       ("Angelita.Parker81", "1", "2"),
       ("Angelita.Parker81", "2", "2"),
       ("Angelita.Parker81", "4", "2"),
       ("Angelita.Parker81", "5", "1"),
       ("Angelita.Parker81", "7", "1"),
       ("Angelita.Parker81", "9", "1"),
       ("Angelita.Parker81", "14", "1"),
       ("Angelita.Parker81", "15", "2"),
       ("Angelita.Parker81", "16", "1"),
       ("Angelita.Parker81", "17", "2"),
       ("Angelita.Parker81", "18", "2"),
       ("Angelita.Parker81", "23", "2"),
       ("Angelita.Parker81", "26", "1"),
       ("Angelita.Parker81", "27", "2"),
       ("Angelita.Parker81", "37", "1"),
       ("Angelita.Parker81", "38", "1"),
       ("Angelita.Parker81", "41", "1"),
       ("Angelita.Parker81", "45", "1"),
       ("Angelita.Parker81", "46", "1"),
       ("Angelita.Parker81", "52", "2"),
       ("Angelita.Parker81", "54", "1"),
       ("Angelita.Parker81", "61", "2"),
       ("Angelita.Parker81", "67", "1"),
       ("Angelita.Parker81", "68", "2"),
       ("Angelita.Parker81", "69", "1"),
       ("Angelita.Parker81", "75", "1"),
       ("Angelita.Parker81", "77", "2"),
       ("Angelita.Parker81", "78", "1"),
       ("Angelita.Parker81", "81", "1"),
       ("Angelita.Parker81", "82", "1"),
       ("Angelita.Parker81", "85", "2"),
       ("Angelita.Parker81", "87", "1"),
       ("Angelita.Parker81", "89", "2"),
       ("Angelita.Parker81", "93", "2"),
       ("Angelita.Parker81", "95", "2"),
       ("Tavares.Hirthe", "1", "2"),
       ("Tavares.Hirthe", "4", "1"),
       ("Tavares.Hirthe", "6", "1"),
       ("Tavares.Hirthe", "7", "2"),
       ("Tavares.Hirthe", "8", "2"),
       ("Tavares.Hirthe", "17", "2"),
       ("Tavares.Hirthe", "19", "2"),
       ("Tavares.Hirthe", "21", "1"),
       ("Tavares.Hirthe", "22", "2"),
       ("Tavares.Hirthe", "24", "1"),
       ("Tavares.Hirthe", "33", "2"),
       ("Tavares.Hirthe", "35", "2"),
       ("Tavares.Hirthe", "40", "1"),
       ("Tavares.Hirthe", "41", "1"),
       ("Tavares.Hirthe", "43", "2"),
       ("Tavares.Hirthe", "44", "1"),
       ("Tavares.Hirthe", "45", "1"),
       ("Tavares.Hirthe", "49", "2"),
       ("Tavares.Hirthe", "51", "1"),
       ("Tavares.Hirthe", "53", "1"),
       ("Tavares.Hirthe", "54", "1"),
       ("Tavares.Hirthe", "56", "1"),
       ("Tavares.Hirthe", "60", "1"),
       ("Tavares.Hirthe", "62", "1"),
       ("Tavares.Hirthe", "63", "1"),
       ("Tavares.Hirthe", "64", "2"),
       ("Tavares.Hirthe", "66", "2"),
       ("Tavares.Hirthe", "71", "1"),
       ("Tavares.Hirthe", "72", "2"),
       ("Tavares.Hirthe", "73", "1"),
       ("Tavares.Hirthe", "78", "2"),
       ("Tavares.Hirthe", "79", "2"),
       ("Tavares.Hirthe", "80", "1"),
       ("Tavares.Hirthe", "86", "1"),
       ("Tavares.Hirthe", "90", "1"),
       ("Tavares.Hirthe", "91", "2"),
       ("Tavares.Hirthe", "92", "1"),
       ("Eunice67", "4", "1"),
       ("Eunice67", "5", "2"),
       ("Eunice67", "9", "2"),
       ("Eunice67", "14", "1"),
       ("Eunice67", "18", "2"),
       ("Eunice67", "19", "2"),
       ("Eunice67", "20", "2"),
       ("Eunice67", "22", "2"),
       ("Eunice67", "24", "1"),
       ("Eunice67", "25", "1"),
       ("Eunice67", "28", "1"),
       ("Eunice67", "30", "1"),
       ("Eunice67", "32", "1"),
       ("Eunice67", "41", "2"),
       ("Eunice67", "46", "2"),
       ("Eunice67", "47", "2"),
       ("Eunice67", "48", "2"),
       ("Eunice67", "50", "2"),
       ("Eunice67", "53", "1"),
       ("Eunice67", "55", "1"),
       ("Eunice67", "56", "2"),
       ("Eunice67", "59", "1"),
       ("Eunice67", "60", "1"),
       ("Eunice67", "61", "2"),
       ("Eunice67", "62", "2"),
       ("Eunice67", "63", "2"),
       ("Eunice67", "66", "2"),
       ("Eunice67", "70", "2"),
       ("Eunice67", "73", "1"),
       ("Eunice67", "75", "1"),
       ("Eunice67", "89", "1"),
       ("Eunice67", "91", "1"),
       ("Eunice67", "94", "1"),
       ("Eunice67", "97", "2"),
       ("Velva_Kuhn", "1", "1"),
       ("Velva_Kuhn", "3", "1"),
       ("Velva_Kuhn", "6", "1"),
       ("Velva_Kuhn", "8", "2"),
       ("Velva_Kuhn", "10", "1"),
       ("Velva_Kuhn", "11", "2"),
       ("Velva_Kuhn", "12", "2"),
       ("Velva_Kuhn", "13", "1"),
       ("Velva_Kuhn", "15", "1"),
       ("Velva_Kuhn", "18", "1"),
       ("Velva_Kuhn", "20", "1"),
       ("Velva_Kuhn", "22", "2"),
       ("Velva_Kuhn", "23", "2"),
       ("Velva_Kuhn", "27", "1"),
       ("Velva_Kuhn", "30", "1"),
       ("Velva_Kuhn", "31", "1"),
       ("Velva_Kuhn", "32", "1"),
       ("Velva_Kuhn", "34", "1"),
       ("Velva_Kuhn", "35", "1"),
       ("Velva_Kuhn", "36", "2"),
       ("Velva_Kuhn", "37", "1"),
       ("Velva_Kuhn", "38", "1"),
       ("Velva_Kuhn", "40", "1"),
       ("Velva_Kuhn", "42", "1"),
       ("Velva_Kuhn", "44", "2"),
       ("Velva_Kuhn", "45", "2"),
       ("Velva_Kuhn", "47", "2"),
       ("Velva_Kuhn", "49", "2"),
       ("Velva_Kuhn", "50", "2"),
       ("Velva_Kuhn", "51", "2"),
       ("Velva_Kuhn", "52", "2"),
       ("Velva_Kuhn", "54", "1"),
       ("Velva_Kuhn", "56", "2"),
       ("Velva_Kuhn", "57", "1"),
       ("Velva_Kuhn", "58", "1"),
       ("Velva_Kuhn", "62", "2"),
       ("Velva_Kuhn", "65", "2"),
       ("Velva_Kuhn", "67", "2"),
       ("Velva_Kuhn", "69", "2"),
       ("Velva_Kuhn", "74", "1"),
       ("Velva_Kuhn", "77", "2"),
       ("Velva_Kuhn", "79", "2"),
       ("Velva_Kuhn", "87", "1"),
       ("Velva_Kuhn", "88", "2"),
       ("Velva_Kuhn", "91", "2"),
       ("Velva_Kuhn", "93", "1"),
       ("Velva_Kuhn", "99", "2"),
       ("Zack_Kutch", "2", "1"),
       ("Zack_Kutch", "4", "2"),
       ("Zack_Kutch", "8", "2"),
       ("Zack_Kutch", "11", "2"),
       ("Zack_Kutch", "12", "2"),
       ("Zack_Kutch", "14", "1"),
       ("Zack_Kutch", "21", "1"),
       ("Zack_Kutch", "24", "1"),
       ("Zack_Kutch", "25", "1"),
       ("Zack_Kutch", "26", "1"),
       ("Zack_Kutch", "28", "2"),
       ("Zack_Kutch", "29", "2"),
       ("Zack_Kutch", "32", "2"),
       ("Zack_Kutch", "33", "1"),
       ("Zack_Kutch", "34", "1"),
       ("Zack_Kutch", "37", "1"),
       ("Zack_Kutch", "39", "2"),
       ("Zack_Kutch", "41", "2"),
       ("Zack_Kutch", "42", "2"),
       ("Zack_Kutch", "48", "2"),
       ("Zack_Kutch", "49", "2"),
       ("Zack_Kutch", "50", "1"),
       ("Zack_Kutch", "51", "2"),
       ("Zack_Kutch", "60", "1"),
       ("Zack_Kutch", "61", "2"),
       ("Zack_Kutch", "62", "1"),
       ("Zack_Kutch", "63", "2"),
       ("Zack_Kutch", "65", "1"),
       ("Zack_Kutch", "67", "1"),
       ("Zack_Kutch", "68", "2"),
       ("Zack_Kutch", "70", "1"),
       ("Zack_Kutch", "72", "1"),
       ("Zack_Kutch", "74", "1"),
       ("Zack_Kutch", "75", "2"),
       ("Zack_Kutch", "76", "1"),
       ("Zack_Kutch", "77", "1"),
       ("Zack_Kutch", "79", "1"),
       ("Zack_Kutch", "82", "1"),
       ("Zack_Kutch", "83", "1"),
       ("Zack_Kutch", "87", "1"),
       ("Zack_Kutch", "88", "1"),
       ("Zack_Kutch", "89", "1"),
       ("Zack_Kutch", "97", "1"),
       ("Zack_Kutch", "98", "2"),
       ("Zack_Kutch", "100", "2"),
       ("Kenya.Kautzer18", "1", "2"),
       ("Kenya.Kautzer18", "5", "2"),
       ("Kenya.Kautzer18", "12", "2"),
       ("Kenya.Kautzer18", "14", "1"),
       ("Kenya.Kautzer18", "19", "1"),
       ("Kenya.Kautzer18", "23", "1"),
       ("Kenya.Kautzer18", "29", "2"),
       ("Kenya.Kautzer18", "30", "2"),
       ("Kenya.Kautzer18", "31", "1"),
       ("Kenya.Kautzer18", "41", "2"),
       ("Kenya.Kautzer18", "43", "2"),
       ("Kenya.Kautzer18", "44", "2"),
       ("Kenya.Kautzer18", "46", "1"),
       ("Kenya.Kautzer18", "50", "2"),
       ("Kenya.Kautzer18", "52", "2"),
       ("Kenya.Kautzer18", "53", "2"),
       ("Kenya.Kautzer18", "54", "2"),
       ("Kenya.Kautzer18", "58", "1"),
       ("Kenya.Kautzer18", "59", "1"),
       ("Kenya.Kautzer18", "65", "2"),
       ("Kenya.Kautzer18", "67", "1"),
       ("Kenya.Kautzer18", "68", "2"),
       ("Kenya.Kautzer18", "69", "2"),
       ("Kenya.Kautzer18", "70", "1"),
       ("Kenya.Kautzer18", "74", "2"),
       ("Kenya.Kautzer18", "75", "2"),
       ("Kenya.Kautzer18", "79", "1"),
       ("Kenya.Kautzer18", "81", "2"),
       ("Kenya.Kautzer18", "85", "2"),
       ("Kenya.Kautzer18", "89", "1"),
       ("Kenya.Kautzer18", "96", "1"),
       ("Otis89", "1", "1"),
       ("Otis89", "2", "1"),
       ("Otis89", "3", "1"),
       ("Otis89", "4", "1"),
       ("Otis89", "7", "2"),
       ("Otis89", "11", "1"),
       ("Otis89", "12", "1"),
       ("Otis89", "16", "2"),
       ("Otis89", "19", "1"),
       ("Otis89", "21", "1"),
       ("Otis89", "24", "1"),
       ("Otis89", "25", "1"),
       ("Otis89", "27", "1"),
       ("Otis89", "28", "1"),
       ("Otis89", "35", "1"),
       ("Otis89", "38", "1"),
       ("Otis89", "39", "1"),
       ("Otis89", "47", "1"),
       ("Otis89", "49", "2"),
       ("Otis89", "50", "2"),
       ("Otis89", "53", "1"),
       ("Otis89", "54", "1"),
       ("Otis89", "56", "1"),
       ("Otis89", "62", "1"),
       ("Otis89", "65", "1"),
       ("Otis89", "71", "1"),
       ("Otis89", "73", "2"),
       ("Otis89", "74", "2"),
       ("Otis89", "75", "2"),
       ("Otis89", "78", "1"),
       ("Otis89", "79", "2"),
       ("Otis89", "82", "1"),
       ("Otis89", "83", "2"),
       ("Otis89", "84", "1"),
       ("Otis89", "86", "2"),
       ("Otis89", "90", "2"),
       ("Otis89", "91", "1"),
       ("Otis89", "94", "2"),
       ("Otis89", "95", "1"),
       ("Otis89", "97", "2"),
       ("Otis89", "98", "1");
